2026-09-02 20:40:06,129 [WARNING] discord.client: PyNaCl is not installed, voice will NOT be supported
2026-09-02 20:40:06,129 [WARNING] discord.client: davey is not installed, voice will NOT be supported
2026-09-02 20:40:06,266 [INFO] bot: ✅ Yüklendi: commands/ceviri/nuke_translate.py
2026-09-02 20:40:06,267 [INFO] bot: ✅ Yüklendi: commands/ceviri/translate_all_roles.py
2026-09-02 20:40:06,268 [INFO] bot: ✅ Yüklendi: commands/ceviri/translate_role.py
2026-09-02 20:40:06,270 [INFO] bot: ✅ Yüklendi: commands/hunter_outlaw/give_award.py
2026-09-02 20:40:06,270 [INFO] bot: ✅ Yüklendi: commands/hunter_outlaw/history.py
2026-09-02 20:40:06,271 [INFO] bot: ✅ Yüklendi: commands/hunter_outlaw/hunt_request.py
2026-09-02 20:40:06,272 [INFO] bot: ✅ Yüklendi: commands/hunter_outlaw/leaderboard.py
2026-09-02 20:40:06,273 [INFO] bot: ✅ Yüklendi: commands/hunter_outlaw/proof.py
2026-09-02 20:40:06,273 [INFO] bot: ✅ Yüklendi: commands/hunter_outlaw/reset_points.py
2026-09-02 20:40:06,275 [INFO] bot: ✅ Yüklendi: commands/hunter_outlaw/reset_user_points.py
2026-09-02 20:40:06,276 [INFO] bot: ✅ Yüklendi: commands/hunter_outlaw/set_role_icon.py
2026-09-02 20:40:06,277 [INFO] bot: ✅ Yüklendi: commands/hunter_outlaw/status.py
2026-09-02 20:40:06,278 [INFO] bot: ✅ Yüklendi: commands/genel/help.py
2026-09-02 20:40:06,278 [INFO] bot: ✅ Yüklendi: commands/genel/rules.py
2026-09-02 20:40:06,926 [INFO] bot: ✅ Yüklendi: commands/genel/sohbet.py
2026-09-02 20:40:06,927 [INFO] bot: ✅ Yüklendi: commands/genel/welcome.py
2026-09-02 20:40:06,928 [INFO] bot: ✅ Yüklendi: commands/moderasyon/ban.py
2026-09-02 20:40:06,928 [INFO] bot: ✅ Yüklendi: commands/moderasyon/clearwarnings.py
2026-09-02 20:40:06,929 [INFO] bot: ✅ Yüklendi: commands/moderasyon/filter_listener.py
2026-09-02 20:40:06,929 [INFO] bot: ✅ Yüklendi: commands/moderasyon/kick.py
2026-09-02 20:40:06,930 [INFO] bot: ✅ Yüklendi: commands/moderasyon/lock.py
2026-09-02 20:40:06,931 [INFO] bot: ✅ Yüklendi: commands/moderasyon/mute.py
2026-09-02 20:40:06,931 [INFO] bot: ✅ Yüklendi: commands/moderasyon/purge.py
2026-09-02 20:40:06,932 [INFO] bot: ✅ Yüklendi: commands/moderasyon/unlock.py
2026-09-02 20:40:06,932 [INFO] bot: ✅ Yüklendi: commands/moderasyon/unmute.py
2026-09-02 20:40:06,933 [INFO] bot: ✅ Yüklendi: commands/moderasyon/warn.py
2026-09-02 20:40:06,933 [INFO] bot: ✅ Yüklendi: commands/moderasyon/warnings_list.py
2026-09-02 20:40:06,934 [INFO] bot: ✅ Yüklendi: commands/sabika/criminal_record.py
2026-09-02 20:40:06,936 [INFO] bot: ✅ Yüklendi: commands/wanted/catch_wanted.py
2026-09-02 20:40:06,937 [INFO] bot: ✅ Yüklendi: commands/wanted/crime_listener.py
2026-09-02 20:40:06,938 [INFO] bot: ✅ Yüklendi: commands/wanted/wanted_list.py
2026-09-02 20:40:06,938 [INFO] bot: 📦 Toplam 31 komut dosyası yüklendi, 0 dosya atlandı.
2026-09-02 20:40:06,938 [INFO] discord.client: logging in using static token
2026-09-02 20:40:07,232 [CRITICAL] bot: ❌ Geçersiz token! config.json içindeki 'token' değerini kontrol et. Bot durduruluyor.
2026-09-02 20:40:12,134 [WARNING] discord.client: PyNaCl is not installed, voice will NOT be supported
2026-09-02 20:40:12,134 [WARNING] discord.client: davey is not installed, voice will NOT be supported
2026-09-02 20:40:12,263 [INFO] bot: ✅ Yüklendi: commands/ceviri/nuke_translate.py
2026-09-02 20:40:12,264 [INFO] bot: ✅ Yüklendi: commands/ceviri/translate_all_roles.py
2026-09-02 20:40:12,264 [INFO] bot: ✅ Yüklendi: commands/ceviri/translate_role.py
2026-09-02 20:40:12,265 [INFO] bot: ✅ Yüklendi: commands/hunter_outlaw/give_award.py
2026-09-02 20:40:12,265 [INFO] bot: ✅ Yüklendi: commands/hunter_outlaw/history.py
2026-09-02 20:40:12,266 [INFO] bot: ✅ Yüklendi: commands/hunter_outlaw/hunt_request.py
2026-09-02 20:40:12,266 [INFO] bot: ✅ Yüklendi: commands/hunter_outlaw/leaderboard.py
2026-09-02 20:40:12,266 [INFO] bot: ✅ Yüklendi: commands/hunter_outlaw/proof.py
2026-09-02 20:40:12,266 [INFO] bot: ✅ Yüklendi: commands/hunter_outlaw/reset_points.py
2026-09-02 20:40:12,267 [INFO] bot: ✅ Yüklendi: commands/hunter_outlaw/reset_user_points.py
2026-09-02 20:40:12,267 [INFO] bot: ✅ Yüklendi: commands/hunter_outlaw/set_role_icon.py
2026-09-02 20:40:12,267 [INFO] bot: ✅ Yüklendi: commands/hunter_outlaw/status.py
2026-09-02 20:40:12,268 [INFO] bot: ✅ Yüklendi: commands/genel/help.py
2026-09-02 20:40:12,268 [INFO] bot: ✅ Yüklendi: commands/genel/rules.py
2026-09-02 20:40:12,922 [INFO] bot: ✅ Yüklendi: commands/genel/sohbet.py
2026-09-02 20:40:12,922 [INFO] bot: ✅ Yüklendi: commands/genel/welcome.py
2026-09-02 20:40:12,923 [INFO] bot: ✅ Yüklendi: commands/moderasyon/ban.py
2026-09-02 20:40:12,923 [INFO] bot: ✅ Yüklendi: commands/moderasyon/clearwarnings.py
2026-09-02 20:40:12,924 [INFO] bot: ✅ Yüklendi: commands/moderasyon/filter_listener.py
2026-09-02 20:40:12,924 [INFO] bot: ✅ Yüklendi: commands/moderasyon/kick.py
2026-09-02 20:40:12,924 [INFO] bot: ✅ Yüklendi: commands/moderasyon/lock.py
2026-09-02 20:40:12,924 [INFO] bot: ✅ Yüklendi: commands/moderasyon/mute.py
2026-09-02 20:40:12,925 [INFO] bot: ✅ Yüklendi: commands/moderasyon/purge.py
2026-09-02 20:40:12,925 [INFO] bot: ✅ Yüklendi: commands/moderasyon/unlock.py
2026-09-02 20:40:12,925 [INFO] bot: ✅ Yüklendi: commands/moderasyon/unmute.py
2026-09-02 20:40:12,925 [INFO] bot: ✅ Yüklendi: commands/moderasyon/warn.py
2026-09-02 20:40:12,926 [INFO] bot: ✅ Yüklendi: commands/moderasyon/warnings_list.py
2026-09-02 20:40:12,926 [INFO] bot: ✅ Yüklendi: commands/sabika/criminal_record.py
2026-09-02 20:40:12,927 [INFO] bot: ✅ Yüklendi: commands/wanted/catch_wanted.py
2026-09-02 20:40:12,927 [INFO] bot: ✅ Yüklendi: commands/wanted/crime_listener.py
2026-09-02 20:40:12,927 [INFO] bot: ✅ Yüklendi: commands/wanted/wanted_list.py
2026-09-02 20:40:12,927 [INFO] bot: 📦 Toplam 31 komut dosyası yüklendi, 0 dosya atlandı.
2026-09-02 20:40:12,927 [INFO] discord.client: logging in using static token
2026-09-02 20:40:13,181 [CRITICAL] bot: ❌ Geçersiz token! config.json içindeki 'token' değerini kontrol et. Bot durduruluyor.
2026-09-02 20:41:27,290 [WARNING] discord.client: PyNaCl is not installed, voice will NOT be supported
2026-09-02 20:41:27,291 [WARNING] discord.client: davey is not installed, voice will NOT be supported
2026-09-02 20:41:27,429 [INFO] bot: ✅ Yüklendi: commands/ceviri/nuke_translate.py
2026-09-02 20:41:27,432 [INFO] bot: ✅ Yüklendi: commands/ceviri/translate_all_roles.py
2026-09-02 20:41:27,432 [INFO] bot: ✅ Yüklendi: commands/ceviri/translate_role.py
2026-09-02 20:41:27,434 [INFO] bot: ✅ Yüklendi: commands/hunter_outlaw/give_award.py
2026-09-02 20:41:27,434 [INFO] bot: ✅ Yüklendi: commands/hunter_outlaw/history.py
2026-09-02 20:41:27,435 [INFO] bot: ✅ Yüklendi: commands/hunter_outlaw/hunt_request.py
2026-09-02 20:41:27,435 [INFO] bot: ✅ Yüklendi: commands/hunter_outlaw/leaderboard.py
2026-09-02 20:41:27,436 [INFO] bot: ✅ Yüklendi: commands/hunter_outlaw/proof.py
2026-09-02 20:41:27,436 [INFO] bot: ✅ Yüklendi: commands/hunter_outlaw/reset_points.py
2026-09-02 20:41:27,437 [INFO] bot: ✅ Yüklendi: commands/hunter_outlaw/reset_user_points.py
2026-09-02 20:41:27,437 [INFO] bot: ✅ Yüklendi: commands/hunter_outlaw/set_role_icon.py
2026-09-02 20:41:27,438 [INFO] bot: ✅ Yüklendi: commands/hunter_outlaw/status.py
2026-09-02 20:41:27,439 [INFO] bot: ✅ Yüklendi: commands/genel/help.py
2026-09-02 20:41:27,439 [INFO] bot: ✅ Yüklendi: commands/genel/rules.py
2026-09-02 20:41:28,041 [INFO] bot: ✅ Yüklendi: commands/genel/sohbet.py
2026-09-02 20:41:28,042 [INFO] bot: ✅ Yüklendi: commands/genel/welcome.py
2026-09-02 20:41:28,043 [INFO] bot: ✅ Yüklendi: commands/moderasyon/ban.py
2026-09-02 20:41:28,043 [INFO] bot: ✅ Yüklendi: commands/moderasyon/clearwarnings.py
2026-09-02 20:41:28,044 [INFO] bot: ✅ Yüklendi: commands/moderasyon/filter_listener.py
2026-09-02 20:41:28,044 [INFO] bot: ✅ Yüklendi: commands/moderasyon/kick.py
2026-09-02 20:41:28,045 [INFO] bot: ✅ Yüklendi: commands/moderasyon/lock.py
2026-09-02 20:41:28,045 [INFO] bot: ✅ Yüklendi: commands/moderasyon/mute.py
2026-09-02 20:41:28,046 [INFO] bot: ✅ Yüklendi: commands/moderasyon/purge.py
2026-09-02 20:41:28,047 [INFO] bot: ✅ Yüklendi: commands/moderasyon/unlock.py
2026-09-02 20:41:28,047 [INFO] bot: ✅ Yüklendi: commands/moderasyon/unmute.py
2026-09-02 20:41:28,048 [INFO] bot: ✅ Yüklendi: commands/moderasyon/warn.py
2026-09-02 20:41:28,048 [INFO] bot: ✅ Yüklendi: commands/moderasyon/warnings_list.py
2026-09-02 20:41:28,049 [INFO] bot: ✅ Yüklendi: commands/sabika/criminal_record.py
2026-09-02 20:41:28,050 [INFO] bot: ✅ Yüklendi: commands/wanted/catch_wanted.py
2026-09-02 20:41:28,051 [INFO] bot: ✅ Yüklendi: commands/wanted/crime_listener.py
2026-09-02 20:41:28,051 [INFO] bot: ✅ Yüklendi: commands/wanted/wanted_list.py
2026-09-02 20:41:28,051 [INFO] bot: 📦 Toplam 31 komut dosyası yüklendi, 0 dosya atlandı.
2026-09-02 20:41:28,052 [INFO] discord.client: logging in using static token
2026-09-02 20:41:29,422 [INFO] discord.gateway: Shard ID None has connected to Gateway (Session ID: 955f1d7c9265c7f0d8a72daed9b7bb72).
2026-09-02 20:41:31,471 [INFO] bot: 🤖 ankatuber's perfect bot giriş yaptı!
2026-09-02 20:41:31,798 [INFO] bot: 🔄 30 slash komut senkronize edildi!
2026-09-02 21:01:18,410 [INFO] discord.gateway: Shard ID None has successfully RESUMED session 955f1d7c9265c7f0d8a72daed9b7bb72.
2026-09-02 22:34:17,682 [INFO] discord.gateway: Shard ID None has successfully RESUMED session 955f1d7c9265c7f0d8a72daed9b7bb72.
2026-09-03 01:32:21,824 [INFO] discord.gateway: Shard ID None has successfully RESUMED session 955f1d7c9265c7f0d8a72daed9b7bb72.
2026-09-03 03:36:48,662 [INFO] discord.gateway: Shard ID None has successfully RESUMED session 955f1d7c9265c7f0d8a72daed9b7bb72.
2026-09-03 04:30:03,202 [INFO] discord.gateway: Shard ID None has successfully RESUMED session 955f1d7c9265c7f0d8a72daed9b7bb72.
2026-09-03 04:47:33,003 [INFO] discord.gateway: Shard ID None has successfully RESUMED session 955f1d7c9265c7f0d8a72daed9b7bb72.
2026-09-03 05:32:30,470 [INFO] discord.gateway: Shard ID None has successfully RESUMED session 955f1d7c9265c7f0d8a72daed9b7bb72.
2026-09-03 07:14:48,335 [INFO] discord.gateway: Shard ID None has successfully RESUMED session 955f1d7c9265c7f0d8a72daed9b7bb72.
2026-09-03 08:09:06,440 [INFO] discord.gateway: Shard ID None has successfully RESUMED session 955f1d7c9265c7f0d8a72daed9b7bb72.
2026-09-03 10:02:29,819 [INFO] discord.gateway: Shard ID None has successfully RESUMED session 955f1d7c9265c7f0d8a72daed9b7bb72.
2026-09-03 11:25:15,722 [INFO] httpx2: HTTP Request: POST https://integrate.api.nvidia.com/v1/chat/completions "HTTP/1.1 410 Gone"
2026-09-03 11:25:25,659 [INFO] httpx2: HTTP Request: POST https://integrate.api.nvidia.com/v1/chat/completions "HTTP/1.1 410 Gone"
2026-09-03 11:25:41,233 [INFO] httpx2: HTTP Request: POST https://integrate.api.nvidia.com/v1/chat/completions "HTTP/1.1 410 Gone"
2026-09-03 14:01:30,317 [INFO] discord.gateway: Shard ID None has successfully RESUMED session 955f1d7c9265c7f0d8a72daed9b7bb72.
2026-09-03 15:28:03,687 [INFO] bot: Bot normal şekilde durduruldu, yeniden başlatılmıyor.
2026-09-03 15:28:08,957 [WARNING] discord.client: PyNaCl is not installed, voice will NOT be supported
2026-09-03 15:28:08,957 [WARNING] discord.client: davey is not installed, voice will NOT be supported
2026-09-03 15:28:08,965 [INFO] bot: ✅ Yüklendi: commands/sohbet_etkinligi.py
2026-09-03 15:28:09,093 [INFO] bot: ✅ Yüklendi: commands/ceviri/nuke_translate.py
2026-09-03 15:28:09,094 [INFO] bot: ✅ Yüklendi: commands/ceviri/translate_all_roles.py
2026-09-03 15:28:09,094 [INFO] bot: ✅ Yüklendi: commands/ceviri/translate_role.py
2026-09-03 15:28:09,095 [INFO] bot: ✅ Yüklendi: commands/hunter_outlaw/give_award.py
2026-09-03 15:28:09,095 [INFO] bot: ✅ Yüklendi: commands/hunter_outlaw/history.py
2026-09-03 15:28:09,096 [INFO] bot: ✅ Yüklendi: commands/hunter_outlaw/hunt_request.py
2026-09-03 15:28:09,096 [INFO] bot: ✅ Yüklendi: commands/hunter_outlaw/leaderboard.py
2026-09-03 15:28:09,096 [INFO] bot: ✅ Yüklendi: commands/hunter_outlaw/proof.py
2026-09-03 15:28:09,096 [INFO] bot: ✅ Yüklendi: commands/hunter_outlaw/reset_points.py
2026-09-03 15:28:09,097 [INFO] bot: ✅ Yüklendi: commands/hunter_outlaw/reset_user_points.py
2026-09-03 15:28:09,097 [INFO] bot: ✅ Yüklendi: commands/hunter_outlaw/set_role_icon.py
2026-09-03 15:28:09,097 [INFO] bot: ✅ Yüklendi: commands/hunter_outlaw/status.py
2026-09-03 15:28:09,098 [INFO] bot: ✅ Yüklendi: commands/genel/help.py
2026-09-03 15:28:09,098 [INFO] bot: ✅ Yüklendi: commands/genel/rules.py
2026-09-03 15:28:09,720 [INFO] bot: ✅ Yüklendi: commands/genel/sohbet.py
2026-09-03 15:28:09,720 [INFO] bot: ✅ Yüklendi: commands/genel/welcome.py
2026-09-03 15:28:09,721 [INFO] bot: ✅ Yüklendi: commands/moderasyon/ban.py
2026-09-03 15:28:09,721 [INFO] bot: ✅ Yüklendi: commands/moderasyon/clearwarnings.py
2026-09-03 15:28:09,721 [INFO] bot: ✅ Yüklendi: commands/moderasyon/filter_listener.py
2026-09-03 15:28:09,722 [INFO] bot: ✅ Yüklendi: commands/moderasyon/kick.py
2026-09-03 15:28:09,722 [INFO] bot: ✅ Yüklendi: commands/moderasyon/lock.py
2026-09-03 15:28:09,722 [INFO] bot: ✅ Yüklendi: commands/moderasyon/mute.py
2026-09-03 15:28:09,723 [INFO] bot: ✅ Yüklendi: commands/moderasyon/purge.py
2026-09-03 15:28:09,723 [INFO] bot: ✅ Yüklendi: commands/moderasyon/unlock.py
2026-09-03 15:28:09,723 [INFO] bot: ✅ Yüklendi: commands/moderasyon/unmute.py
2026-09-03 15:28:09,724 [INFO] bot: ✅ Yüklendi: commands/moderasyon/warn.py
2026-09-03 15:28:09,724 [INFO] bot: ✅ Yüklendi: commands/moderasyon/warnings_list.py
2026-09-03 15:28:09,724 [INFO] bot: ✅ Yüklendi: commands/sabika/criminal_record.py
2026-09-03 15:28:09,725 [INFO] bot: ✅ Yüklendi: commands/wanted/catch_wanted.py
2026-09-03 15:28:09,725 [INFO] bot: ✅ Yüklendi: commands/wanted/crime_listener.py
2026-09-03 15:28:09,725 [INFO] bot: ✅ Yüklendi: commands/wanted/wanted_list.py
2026-09-03 15:28:09,725 [INFO] bot: 📦 Toplam 32 komut dosyası yüklendi, 0 dosya atlandı.
2026-09-03 15:28:09,726 [INFO] discord.client: logging in using static token
2026-09-03 15:28:10,811 [INFO] discord.gateway: Shard ID None has connected to Gateway (Session ID: d209a9141bdf4353637ae7403672cccb).
2026-09-03 15:28:12,849 [INFO] bot: 🤖 ankatuber's perfect bot giriş yaptı!
2026-09-03 15:28:13,278 [INFO] bot: 🔄 30 slash komut senkronize edildi!
2026-09-03 15:30:31,770 [INFO] bot: Bot normal şekilde durduruldu, yeniden başlatılmıyor.
2026-09-03 15:30:36,250 [WARNING] discord.client: PyNaCl is not installed, voice will NOT be supported
2026-09-03 15:30:36,250 [WARNING] discord.client: davey is not installed, voice will NOT be supported
2026-09-03 15:30:36,256 [INFO] bot: ✅ Yüklendi: commands/sohbet_etkinligi.py
2026-09-03 15:30:36,370 [INFO] bot: ✅ Yüklendi: commands/ceviri/nuke_translate.py
2026-09-03 15:30:36,371 [INFO] bot: ✅ Yüklendi: commands/ceviri/translate_all_roles.py
2026-09-03 15:30:36,371 [INFO] bot: ✅ Yüklendi: commands/ceviri/translate_role.py
2026-09-03 15:30:36,372 [INFO] bot: ✅ Yüklendi: commands/hunter_outlaw/give_award.py
2026-09-03 15:30:36,372 [INFO] bot: ✅ Yüklendi: commands/hunter_outlaw/history.py
2026-09-03 15:30:36,372 [INFO] bot: ✅ Yüklendi: commands/hunter_outlaw/hunt_request.py
2026-09-03 15:30:36,372 [INFO] bot: ✅ Yüklendi: commands/hunter_outlaw/leaderboard.py
2026-09-03 15:30:36,372 [INFO] bot: ✅ Yüklendi: commands/hunter_outlaw/proof.py
2026-09-03 15:30:36,373 [INFO] bot: ✅ Yüklendi: commands/hunter_outlaw/reset_points.py
2026-09-03 15:30:36,373 [INFO] bot: ✅ Yüklendi: commands/hunter_outlaw/reset_user_points.py
2026-09-03 15:30:36,373 [INFO] bot: ✅ Yüklendi: commands/hunter_outlaw/set_role_icon.py
2026-09-03 15:30:36,373 [INFO] bot: ✅ Yüklendi: commands/hunter_outlaw/status.py
2026-09-03 15:30:36,374 [INFO] bot: ✅ Yüklendi: commands/genel/help.py
2026-09-03 15:30:36,374 [INFO] bot: ✅ Yüklendi: commands/genel/rules.py
2026-09-03 15:30:36,959 [INFO] bot: ✅ Yüklendi: commands/genel/sohbet.py
2026-09-03 15:30:36,959 [INFO] bot: ✅ Yüklendi: commands/genel/welcome.py
2026-09-03 15:30:36,959 [INFO] bot: ✅ Yüklendi: commands/moderasyon/ban.py
2026-09-03 15:30:36,959 [INFO] bot: ✅ Yüklendi: commands/moderasyon/clearwarnings.py
2026-09-03 15:30:36,960 [INFO] bot: ✅ Yüklendi: commands/moderasyon/filter_listener.py
2026-09-03 15:30:36,960 [INFO] bot: ✅ Yüklendi: commands/moderasyon/kick.py
2026-09-03 15:30:36,960 [INFO] bot: ✅ Yüklendi: commands/moderasyon/lock.py
2026-09-03 15:30:36,960 [INFO] bot: ✅ Yüklendi: commands/moderasyon/mute.py
2026-09-03 15:30:36,961 [INFO] bot: ✅ Yüklendi: commands/moderasyon/purge.py
2026-09-03 15:30:36,961 [INFO] bot: ✅ Yüklendi: commands/moderasyon/unlock.py
2026-09-03 15:30:36,961 [INFO] bot: ✅ Yüklendi: commands/moderasyon/unmute.py
2026-09-03 15:30:36,961 [INFO] bot: ✅ Yüklendi: commands/moderasyon/warn.py
2026-09-03 15:30:36,961 [INFO] bot: ✅ Yüklendi: commands/moderasyon/warnings_list.py
2026-09-03 15:30:36,962 [INFO] bot: ✅ Yüklendi: commands/sabika/criminal_record.py
2026-09-03 15:30:36,962 [INFO] bot: ✅ Yüklendi: commands/wanted/catch_wanted.py
2026-09-03 15:30:36,962 [INFO] bot: ✅ Yüklendi: commands/wanted/crime_listener.py
2026-09-03 15:30:36,962 [INFO] bot: ✅ Yüklendi: commands/wanted/wanted_list.py
2026-09-03 15:30:36,963 [INFO] bot: 📦 Toplam 32 komut dosyası yüklendi, 0 dosya atlandı.
2026-09-03 15:30:36,963 [INFO] discord.client: logging in using static token
2026-09-03 15:30:38,190 [INFO] discord.gateway: Shard ID None has connected to Gateway (Session ID: a43c5c6f42081e44e0bcb4f7594fcd80).
2026-09-03 15:30:40,239 [INFO] bot: 🤖 ankatuber's perfect bot giriş yaptı!
2026-09-03 15:30:40,555 [INFO] bot: 🔄 30 slash komut senkronize edildi!
2026-09-03 15:31:36,120 [INFO] httpx2: HTTP Request: POST https://integrate.api.nvidia.com/v1/chat/completions "HTTP/1.1 410 Gone"
2026-09-03 15:32:57,357 [INFO] bot: Bot normal şekilde durduruldu, yeniden başlatılmıyor.
2026-09-03 15:33:10,792 [WARNING] discord.client: PyNaCl is not installed, voice will NOT be supported
2026-09-03 15:33:10,792 [WARNING] discord.client: davey is not installed, voice will NOT be supported
2026-09-03 15:33:10,799 [INFO] bot: ✅ Yüklendi: commands/sohbet_etkinligi.py
2026-09-03 15:33:10,941 [INFO] bot: ✅ Yüklendi: commands/ceviri/nuke_translate.py
2026-09-03 15:33:10,941 [INFO] bot: ✅ Yüklendi: commands/ceviri/translate_all_roles.py
2026-09-03 15:33:10,942 [INFO] bot: ✅ Yüklendi: commands/ceviri/translate_role.py
2026-09-03 15:33:10,943 [INFO] bot: ✅ Yüklendi: commands/hunter_outlaw/give_award.py
2026-09-03 15:33:10,943 [INFO] bot: ✅ Yüklendi: commands/hunter_outlaw/history.py
2026-09-03 15:33:10,943 [INFO] bot: ✅ Yüklendi: commands/hunter_outlaw/hunt_request.py
2026-09-03 15:33:10,944 [INFO] bot: ✅ Yüklendi: commands/hunter_outlaw/leaderboard.py
2026-09-03 15:33:10,944 [INFO] bot: ✅ Yüklendi: commands/hunter_outlaw/proof.py
2026-09-03 15:33:10,944 [INFO] bot: ✅ Yüklendi: commands/hunter_outlaw/reset_points.py
2026-09-03 15:33:10,944 [INFO] bot: ✅ Yüklendi: commands/hunter_outlaw/reset_user_points.py
2026-09-03 15:33:10,945 [INFO] bot: ✅ Yüklendi: commands/hunter_outlaw/set_role_icon.py
2026-09-03 15:33:10,945 [INFO] bot: ✅ Yüklendi: commands/hunter_outlaw/status.py
2026-09-03 15:33:10,945 [INFO] bot: ✅ Yüklendi: commands/genel/help.py
2026-09-03 15:33:10,945 [INFO] bot: ✅ Yüklendi: commands/genel/rules.py
2026-09-03 15:33:11,595 [INFO] bot: ✅ Yüklendi: commands/genel/sohbet.py
2026-09-03 15:33:11,595 [INFO] bot: ✅ Yüklendi: commands/genel/welcome.py
2026-09-03 15:33:11,596 [INFO] bot: ✅ Yüklendi: commands/moderasyon/ban.py
2026-09-03 15:33:11,596 [INFO] bot: ✅ Yüklendi: commands/moderasyon/clearwarnings.py
2026-09-03 15:33:11,596 [INFO] bot: ✅ Yüklendi: commands/moderasyon/filter_listener.py
2026-09-03 15:33:11,597 [INFO] bot: ✅ Yüklendi: commands/moderasyon/kick.py
2026-09-03 15:33:11,597 [INFO] bot: ✅ Yüklendi: commands/moderasyon/lock.py
2026-09-03 15:33:11,597 [INFO] bot: ✅ Yüklendi: commands/moderasyon/mute.py
2026-09-03 15:33:11,598 [INFO] bot: ✅ Yüklendi: commands/moderasyon/purge.py
2026-09-03 15:33:11,598 [INFO] bot: ✅ Yüklendi: commands/moderasyon/unlock.py
2026-09-03 15:33:11,598 [INFO] bot: ✅ Yüklendi: commands/moderasyon/unmute.py
2026-09-03 15:33:11,599 [INFO] bot: ✅ Yüklendi: commands/moderasyon/warn.py
2026-09-03 15:33:11,599 [INFO] bot: ✅ Yüklendi: commands/moderasyon/warnings_list.py
2026-09-03 15:33:11,599 [INFO] bot: ✅ Yüklendi: commands/sabika/criminal_record.py
2026-09-03 15:33:11,600 [INFO] bot: ✅ Yüklendi: commands/wanted/catch_wanted.py
2026-09-03 15:33:11,600 [INFO] bot: ✅ Yüklendi: commands/wanted/crime_listener.py
2026-09-03 15:33:11,600 [INFO] bot: ✅ Yüklendi: commands/wanted/wanted_list.py
2026-09-03 15:33:11,600 [INFO] bot: 📦 Toplam 32 komut dosyası yüklendi, 0 dosya atlandı.
2026-09-03 15:33:11,601 [INFO] discord.client: logging in using static token
2026-09-03 15:33:12,892 [INFO] discord.gateway: Shard ID None has connected to Gateway (Session ID: 0b84b44c6da2b517bd1b3ac5d36a5aae).
2026-09-03 15:33:14,921 [INFO] bot: 🤖 ankatuber's perfect bot giriş yaptı!
2026-09-03 15:33:15,201 [INFO] bot: 🔄 30 slash komut senkronize edildi!
2026-09-03 15:42:49,232 [INFO] bot: Bot normal şekilde durduruldu, yeniden başlatılmıyor.
2026-09-03 15:42:54,264 [WARNING] discord.client: PyNaCl is not installed, voice will NOT be supported
2026-09-03 15:42:54,264 [WARNING] discord.client: davey is not installed, voice will NOT be supported
2026-09-03 15:42:54,270 [INFO] bot: ✅ Yüklendi: commands/sohbet_etkinligi.py
2026-09-03 15:42:54,400 [INFO] bot: ✅ Yüklendi: commands/ceviri/nuke_translate.py
2026-09-03 15:42:54,400 [INFO] bot: ✅ Yüklendi: commands/ceviri/translate_all_roles.py
2026-09-03 15:42:54,401 [INFO] bot: ✅ Yüklendi: commands/ceviri/translate_role.py
2026-09-03 15:42:54,401 [INFO] bot: ✅ Yüklendi: commands/hunter_outlaw/give_award.py
2026-09-03 15:42:54,401 [INFO] bot: ✅ Yüklendi: commands/hunter_outlaw/history.py
2026-09-03 15:42:54,402 [INFO] bot: ✅ Yüklendi: commands/hunter_outlaw/hunt_request.py
2026-09-03 15:42:54,402 [INFO] bot: ✅ Yüklendi: commands/hunter_outlaw/leaderboard.py
2026-09-03 15:42:54,402 [INFO] bot: ✅ Yüklendi: commands/hunter_outlaw/proof.py
2026-09-03 15:42:54,403 [INFO] bot: ✅ Yüklendi: commands/hunter_outlaw/reset_points.py
2026-09-03 15:42:54,403 [INFO] bot: ✅ Yüklendi: commands/hunter_outlaw/reset_user_points.py
2026-09-03 15:42:54,403 [INFO] bot: ✅ Yüklendi: commands/hunter_outlaw/set_role_icon.py
2026-09-03 15:42:54,404 [INFO] bot: ✅ Yüklendi: commands/hunter_outlaw/status.py
2026-09-03 15:42:54,404 [INFO] bot: ✅ Yüklendi: commands/genel/help.py
2026-09-03 15:42:54,404 [INFO] bot: ✅ Yüklendi: commands/genel/rules.py
2026-09-03 15:42:55,005 [INFO] bot: ✅ Yüklendi: commands/genel/sohbet.py
2026-09-03 15:42:55,005 [INFO] bot: ✅ Yüklendi: commands/genel/welcome.py
2026-09-03 15:42:55,006 [INFO] bot: ✅ Yüklendi: commands/moderasyon/ban.py
2026-09-03 15:42:55,006 [INFO] bot: ✅ Yüklendi: commands/moderasyon/clearwarnings.py
2026-09-03 15:42:55,006 [INFO] bot: ✅ Yüklendi: commands/moderasyon/filter_listener.py
2026-09-03 15:42:55,006 [INFO] bot: ✅ Yüklendi: commands/moderasyon/kick.py
2026-09-03 15:42:55,007 [INFO] bot: ✅ Yüklendi: commands/moderasyon/lock.py
2026-09-03 15:42:55,007 [INFO] bot: ✅ Yüklendi: commands/moderasyon/mute.py
2026-09-03 15:42:55,007 [INFO] bot: ✅ Yüklendi: commands/moderasyon/purge.py
2026-09-03 15:42:55,007 [INFO] bot: ✅ Yüklendi: commands/moderasyon/unlock.py
2026-09-03 15:42:55,007 [INFO] bot: ✅ Yüklendi: commands/moderasyon/unmute.py
2026-09-03 15:42:55,008 [INFO] bot: ✅ Yüklendi: commands/moderasyon/warn.py
2026-09-03 15:42:55,008 [INFO] bot: ✅ Yüklendi: commands/moderasyon/warnings_list.py
2026-09-03 15:42:55,008 [INFO] bot: ✅ Yüklendi: commands/sabika/criminal_record.py
2026-09-03 15:42:55,009 [INFO] bot: ✅ Yüklendi: commands/wanted/catch_wanted.py
2026-09-03 15:42:55,009 [INFO] bot: ✅ Yüklendi: commands/wanted/crime_listener.py
2026-09-03 15:42:55,009 [INFO] bot: ✅ Yüklendi: commands/wanted/wanted_list.py
2026-09-03 15:42:55,009 [INFO] bot: 📦 Toplam 32 komut dosyası yüklendi, 0 dosya atlandı.
2026-09-03 15:42:55,010 [INFO] discord.client: logging in using static token
2026-09-03 15:42:56,087 [INFO] discord.gateway: Shard ID None has connected to Gateway (Session ID: 93bb6ab827fe4c55230d3a912ca08988).
2026-09-03 15:42:58,135 [INFO] bot: 🤖 ankatuber's perfect bot giriş yaptı!
2026-09-03 15:42:58,549 [INFO] bot: 🔄 30 slash komut senkronize edildi!
2026-09-03 15:48:03,340 [INFO] bot: Bot normal şekilde durduruldu, yeniden başlatılmıyor.
2026-09-03 15:48:10,624 [WARNING] discord.client: PyNaCl is not installed, voice will NOT be supported
2026-09-03 15:48:10,624 [WARNING] discord.client: davey is not installed, voice will NOT be supported
2026-09-03 15:48:10,631 [INFO] bot: ✅ Yüklendi: commands/sohbet_etkinligi.py
2026-09-03 15:48:10,750 [INFO] bot: ✅ Yüklendi: commands/ceviri/nuke_translate.py
2026-09-03 15:48:10,751 [INFO] bot: ✅ Yüklendi: commands/ceviri/translate_all_roles.py
2026-09-03 15:48:10,751 [INFO] bot: ✅ Yüklendi: commands/ceviri/translate_role.py
2026-09-03 15:48:10,752 [INFO] bot: ✅ Yüklendi: commands/hunter_outlaw/give_award.py
2026-09-03 15:48:10,752 [INFO] bot: ✅ Yüklendi: commands/hunter_outlaw/history.py
2026-09-03 15:48:10,752 [INFO] bot: ✅ Yüklendi: commands/hunter_outlaw/hunt_request.py
2026-09-03 15:48:10,753 [INFO] bot: ✅ Yüklendi: commands/hunter_outlaw/leaderboard.py
2026-09-03 15:48:10,753 [INFO] bot: ✅ Yüklendi: commands/hunter_outlaw/proof.py
2026-09-03 15:48:10,753 [INFO] bot: ✅ Yüklendi: commands/hunter_outlaw/reset_points.py
2026-09-03 15:48:10,753 [INFO] bot: ✅ Yüklendi: commands/hunter_outlaw/reset_user_points.py
2026-09-03 15:48:10,754 [INFO] bot: ✅ Yüklendi: commands/hunter_outlaw/set_role_icon.py
2026-09-03 15:48:10,754 [INFO] bot: ✅ Yüklendi: commands/hunter_outlaw/status.py
2026-09-03 15:48:10,754 [INFO] bot: ✅ Yüklendi: commands/genel/help.py
2026-09-03 15:48:10,754 [INFO] bot: ✅ Yüklendi: commands/genel/rules.py
2026-09-03 15:48:11,350 [INFO] bot: ✅ Yüklendi: commands/genel/sohbet.py
2026-09-03 15:48:11,351 [INFO] bot: ✅ Yüklendi: commands/genel/welcome.py
2026-09-03 15:48:11,351 [INFO] bot: ✅ Yüklendi: commands/moderasyon/ban.py
2026-09-03 15:48:11,351 [INFO] bot: ✅ Yüklendi: commands/moderasyon/clearwarnings.py
2026-09-03 15:48:11,352 [INFO] bot: ✅ Yüklendi: commands/moderasyon/filter_listener.py
2026-09-03 15:48:11,352 [INFO] bot: ✅ Yüklendi: commands/moderasyon/kick.py
2026-09-03 15:48:11,352 [INFO] bot: ✅ Yüklendi: commands/moderasyon/lock.py
2026-09-03 15:48:11,352 [INFO] bot: ✅ Yüklendi: commands/moderasyon/mute.py
2026-09-03 15:48:11,352 [INFO] bot: ✅ Yüklendi: commands/moderasyon/purge.py
2026-09-03 15:48:11,353 [INFO] bot: ✅ Yüklendi: commands/moderasyon/unlock.py
2026-09-03 15:48:11,353 [INFO] bot: ✅ Yüklendi: commands/moderasyon/unmute.py
2026-09-03 15:48:11,353 [INFO] bot: ✅ Yüklendi: commands/moderasyon/warn.py
2026-09-03 15:48:11,353 [INFO] bot: ✅ Yüklendi: commands/moderasyon/warnings_list.py
2026-09-03 15:48:11,354 [INFO] bot: ✅ Yüklendi: commands/sabika/criminal_record.py
2026-09-03 15:48:11,354 [INFO] bot: ✅ Yüklendi: commands/wanted/catch_wanted.py
2026-09-03 15:48:11,355 [INFO] bot: ✅ Yüklendi: commands/wanted/crime_listener.py
2026-09-03 15:48:11,355 [INFO] bot: ✅ Yüklendi: commands/wanted/wanted_list.py
2026-09-03 15:48:11,355 [INFO] bot: 📦 Toplam 32 komut dosyası yüklendi, 0 dosya atlandı.
2026-09-03 15:48:11,355 [INFO] discord.client: logging in using static token
2026-09-03 15:48:12,627 [INFO] discord.gateway: Shard ID None has connected to Gateway (Session ID: f9d06220a29dacc60f2b7763463646e1).
2026-09-03 15:48:14,690 [INFO] bot: 🤖 ankatuber's perfect bot giriş yaptı!
2026-09-03 15:48:14,969 [INFO] bot: 🔄 30 slash komut senkronize edildi!
2026-09-03 15:49:57,664 [INFO] httpx2: HTTP Request: POST https://integrate.api.nvidia.com/v1/chat/completions "HTTP/1.1 410 Gone"
2026-09-03 15:50:49,835 [INFO] bot: Bot normal şekilde durduruldu, yeniden başlatılmıyor.
2026-09-03 15:50:54,461 [WARNING] discord.client: PyNaCl is not installed, voice will NOT be supported
2026-09-03 15:50:54,461 [WARNING] discord.client: davey is not installed, voice will NOT be supported
2026-09-03 15:50:54,466 [INFO] bot: ✅ Yüklendi: commands/sohbet_etkinligi.py
2026-09-03 15:50:54,581 [INFO] bot: ✅ Yüklendi: commands/ceviri/nuke_translate.py
2026-09-03 15:50:54,582 [INFO] bot: ✅ Yüklendi: commands/ceviri/translate_all_roles.py
2026-09-03 15:50:54,582 [INFO] bot: ✅ Yüklendi: commands/ceviri/translate_role.py
2026-09-03 15:50:54,583 [INFO] bot: ✅ Yüklendi: commands/hunter_outlaw/give_award.py
2026-09-03 15:50:54,583 [INFO] bot: ✅ Yüklendi: commands/hunter_outlaw/history.py
2026-09-03 15:50:54,584 [INFO] bot: ✅ Yüklendi: commands/hunter_outlaw/hunt_request.py
2026-09-03 15:50:54,584 [INFO] bot: ✅ Yüklendi: commands/hunter_outlaw/leaderboard.py
2026-09-03 15:50:54,584 [INFO] bot: ✅ Yüklendi: commands/hunter_outlaw/proof.py
2026-09-03 15:50:54,584 [INFO] bot: ✅ Yüklendi: commands/hunter_outlaw/reset_points.py
2026-09-03 15:50:54,584 [INFO] bot: ✅ Yüklendi: commands/hunter_outlaw/reset_user_points.py
2026-09-03 15:50:54,585 [INFO] bot: ✅ Yüklendi: commands/hunter_outlaw/set_role_icon.py
2026-09-03 15:50:54,585 [INFO] bot: ✅ Yüklendi: commands/hunter_outlaw/status.py
2026-09-03 15:50:54,585 [INFO] bot: ✅ Yüklendi: commands/genel/help.py
2026-09-03 15:50:54,585 [INFO] bot: ✅ Yüklendi: commands/genel/rules.py
2026-09-03 15:50:55,181 [INFO] bot: ✅ Yüklendi: commands/genel/sohbet.py
2026-09-03 15:50:55,181 [INFO] bot: ✅ Yüklendi: commands/genel/welcome.py
2026-09-03 15:50:55,181 [INFO] bot: ✅ Yüklendi: commands/moderasyon/ban.py
2026-09-03 15:50:55,182 [INFO] bot: ✅ Yüklendi: commands/moderasyon/clearwarnings.py
2026-09-03 15:50:55,182 [INFO] bot: ✅ Yüklendi: commands/moderasyon/filter_listener.py
2026-09-03 15:50:55,182 [INFO] bot: ✅ Yüklendi: commands/moderasyon/kick.py
2026-09-03 15:50:55,183 [INFO] bot: ✅ Yüklendi: commands/moderasyon/lock.py
2026-09-03 15:50:55,183 [INFO] bot: ✅ Yüklendi: commands/moderasyon/mute.py
2026-09-03 15:50:55,183 [INFO] bot: ✅ Yüklendi: commands/moderasyon/purge.py
2026-09-03 15:50:55,184 [INFO] bot: ✅ Yüklendi: commands/moderasyon/unlock.py
2026-09-03 15:50:55,184 [INFO] bot: ✅ Yüklendi: commands/moderasyon/unmute.py
2026-09-03 15:50:55,184 [INFO] bot: ✅ Yüklendi: commands/moderasyon/warn.py
2026-09-03 15:50:55,184 [INFO] bot: ✅ Yüklendi: commands/moderasyon/warnings_list.py
2026-09-03 15:50:55,185 [INFO] bot: ✅ Yüklendi: commands/sabika/criminal_record.py
2026-09-03 15:50:55,185 [INFO] bot: ✅ Yüklendi: commands/wanted/catch_wanted.py
2026-09-03 15:50:55,186 [INFO] bot: ✅ Yüklendi: commands/wanted/crime_listener.py
2026-09-03 15:50:55,186 [INFO] bot: ✅ Yüklendi: commands/wanted/wanted_list.py
2026-09-03 15:50:55,186 [INFO] bot: 📦 Toplam 32 komut dosyası yüklendi, 0 dosya atlandı.
2026-09-03 15:50:55,187 [INFO] discord.client: logging in using static token
2026-09-03 15:50:56,430 [INFO] discord.gateway: Shard ID None has connected to Gateway (Session ID: ac38ed2e6bd4e9f2f63ca3e2063cd02b).
2026-09-03 15:50:58,488 [INFO] bot: 🤖 ankatuber's perfect bot giriş yaptı!
2026-09-03 15:50:58,758 [INFO] bot: 🔄 30 slash komut senkronize edildi!
2026-09-03 15:53:59,629 [INFO] bot: Bot normal şekilde durduruldu, yeniden başlatılmıyor.
2026-09-03 15:54:04,725 [WARNING] discord.client: PyNaCl is not installed, voice will NOT be supported
2026-09-03 15:54:04,725 [WARNING] discord.client: davey is not installed, voice will NOT be supported
2026-09-03 15:54:04,727 [INFO] sohbet_etkinligi: 🔧 Sohbet etkinliği modülü yükleniyor...
2026-09-03 15:54:04,727 [ERROR] bot: ❌ Komut dosyası yüklenirken hata, atlanıyor: commands/sohbet_etkinligi.py
Traceback (most recent call last):
  File "/home/container/main.py", line 132, in load_commands
    module.setup(bot)
    ~~~~~~~~~~~~^^^^^
  File "/home/container/commands/sohbet_etkinligi.py", line 239, in setup
    sohbet_etkinligi_zamanlayici.start()
    ~~~~~~~~~~~~~~~~~~~~~~~~~~~~~~~~~~^^
  File "/home/container/.local/lib/python3.13/site-packages/discord/ext/tasks/__init__.py", line 414, in start
    self._task = asyncio.create_task(self._loop(*args, **kwargs), name=self._name)
                 ~~~~~~~~~~~~~~~~~~~^^^^^^^^^^^^^^^^^^^^^^^^^^^^^^^^^^^^^^^^^^^^^^
  File "/usr/local/lib/python3.13/asyncio/tasks.py", line 407, in create_task
    loop = events.get_running_loop()
RuntimeError: no running event loop
2026-09-03 15:54:04,861 [INFO] bot: ✅ Yüklendi: commands/ceviri/nuke_translate.py
2026-09-03 15:54:04,862 [INFO] bot: ✅ Yüklendi: commands/ceviri/translate_all_roles.py
2026-09-03 15:54:04,862 [INFO] bot: ✅ Yüklendi: commands/ceviri/translate_role.py
2026-09-03 15:54:04,863 [INFO] bot: ✅ Yüklendi: commands/hunter_outlaw/give_award.py
2026-09-03 15:54:04,863 [INFO] bot: ✅ Yüklendi: commands/hunter_outlaw/history.py
2026-09-03 15:54:04,863 [INFO] bot: ✅ Yüklendi: commands/hunter_outlaw/hunt_request.py
2026-09-03 15:54:04,864 [INFO] bot: ✅ Yüklendi: commands/hunter_outlaw/leaderboard.py
2026-09-03 15:54:04,864 [INFO] bot: ✅ Yüklendi: commands/hunter_outlaw/proof.py
2026-09-03 15:54:04,864 [INFO] bot: ✅ Yüklendi: commands/hunter_outlaw/reset_points.py
2026-09-03 15:54:04,865 [INFO] bot: ✅ Yüklendi: commands/hunter_outlaw/reset_user_points.py
2026-09-03 15:54:04,865 [INFO] bot: ✅ Yüklendi: commands/hunter_outlaw/set_role_icon.py
2026-09-03 15:54:04,865 [INFO] bot: ✅ Yüklendi: commands/hunter_outlaw/status.py
2026-09-03 15:54:04,866 [INFO] bot: ✅ Yüklendi: commands/genel/help.py
2026-09-03 15:54:04,866 [INFO] bot: ✅ Yüklendi: commands/genel/rules.py
2026-09-03 15:54:05,515 [INFO] bot: ✅ Yüklendi: commands/genel/sohbet.py
2026-09-03 15:54:05,516 [INFO] bot: ✅ Yüklendi: commands/genel/welcome.py
2026-09-03 15:54:05,516 [INFO] bot: ✅ Yüklendi: commands/moderasyon/ban.py
2026-09-03 15:54:05,516 [INFO] bot: ✅ Yüklendi: commands/moderasyon/clearwarnings.py
2026-09-03 15:54:05,517 [INFO] bot: ✅ Yüklendi: commands/moderasyon/filter_listener.py
2026-09-03 15:54:05,517 [INFO] bot: ✅ Yüklendi: commands/moderasyon/kick.py
2026-09-03 15:54:05,517 [INFO] bot: ✅ Yüklendi: commands/moderasyon/lock.py
2026-09-03 15:54:05,517 [INFO] bot: ✅ Yüklendi: commands/moderasyon/mute.py
2026-09-03 15:54:05,517 [INFO] bot: ✅ Yüklendi: commands/moderasyon/purge.py
2026-09-03 15:54:05,518 [INFO] bot: ✅ Yüklendi: commands/moderasyon/unlock.py
2026-09-03 15:54:05,518 [INFO] bot: ✅ Yüklendi: commands/moderasyon/unmute.py
2026-09-03 15:54:05,518 [INFO] bot: ✅ Yüklendi: commands/moderasyon/warn.py
2026-09-03 15:54:05,518 [INFO] bot: ✅ Yüklendi: commands/moderasyon/warnings_list.py
2026-09-03 15:54:05,519 [INFO] bot: ✅ Yüklendi: commands/sabika/criminal_record.py
2026-09-03 15:54:05,519 [INFO] bot: ✅ Yüklendi: commands/wanted/catch_wanted.py
2026-09-03 15:54:05,519 [INFO] bot: ✅ Yüklendi: commands/wanted/crime_listener.py
2026-09-03 15:54:05,520 [INFO] bot: ✅ Yüklendi: commands/wanted/wanted_list.py
2026-09-03 15:54:05,520 [INFO] bot: 📦 Toplam 31 komut dosyası yüklendi, 1 dosya atlandı.
2026-09-03 15:54:05,520 [INFO] discord.client: logging in using static token
2026-09-03 15:54:07,994 [INFO] discord.gateway: Shard ID None has connected to Gateway (Session ID: f24884fac274f52f653f3d5b4bbfab10).
2026-09-03 15:54:10,059 [INFO] bot: 🤖 ankatuber's perfect bot giriş yaptı!
2026-09-03 15:54:10,370 [INFO] bot: 🔄 31 slash komut senkronize edildi!
2026-09-03 15:54:20,692 [INFO] sohbet_etkinligi: 🧪 !chat-test kullanıldı: ankatuber02 (1196858410302455901)
2026-09-03 15:54:20,692 [ERROR] sohbet_etkinligi: ❌ Kanal bulunamadı. KANAL_ID = 123456789012345678
2026-09-03 16:39:43,421 [INFO] discord.gateway: Shard ID None has successfully RESUMED session f24884fac274f52f653f3d5b4bbfab10.
2026-09-03 16:40:04,427 [INFO] bot: Bot normal şekilde durduruldu, yeniden başlatılmıyor.
2026-09-03 16:40:09,927 [WARNING] discord.client: PyNaCl is not installed, voice will NOT be supported
2026-09-03 16:40:09,927 [WARNING] discord.client: davey is not installed, voice will NOT be supported
2026-09-03 16:40:09,931 [INFO] sohbet_etkinligi: 🔧 Sohbet etkinliği modülü yükleniyor...
2026-09-03 16:40:09,931 [ERROR] bot: ❌ Komut dosyası yüklenirken hata, atlanıyor: commands/sohbet_etkinligi.py
Traceback (most recent call last):
  File "/home/container/main.py", line 132, in load_commands
    module.setup(bot)
    ~~~~~~~~~~~~^^^^^
  File "/home/container/commands/sohbet_etkinligi.py", line 239, in setup
    sohbet_etkinligi_zamanlayici.start()
    ~~~~~~~~~~~~~~~~~~~~~~~~~~~~~~~~~~^^
  File "/home/container/.local/lib/python3.13/site-packages/discord/ext/tasks/__init__.py", line 414, in start
    self._task = asyncio.create_task(self._loop(*args, **kwargs), name=self._name)
                 ~~~~~~~~~~~~~~~~~~~^^^^^^^^^^^^^^^^^^^^^^^^^^^^^^^^^^^^^^^^^^^^^^
  File "/usr/local/lib/python3.13/asyncio/tasks.py", line 407, in create_task
    loop = events.get_running_loop()
RuntimeError: no running event loop
2026-09-03 16:40:10,069 [INFO] bot: ✅ Yüklendi: commands/ceviri/nuke_translate.py
2026-09-03 16:40:10,070 [INFO] bot: ✅ Yüklendi: commands/ceviri/translate_all_roles.py
2026-09-03 16:40:10,071 [INFO] bot: ✅ Yüklendi: commands/ceviri/translate_role.py
2026-09-03 16:40:10,072 [INFO] bot: ✅ Yüklendi: commands/hunter_outlaw/give_award.py
2026-09-03 16:40:10,072 [INFO] bot: ✅ Yüklendi: commands/hunter_outlaw/history.py
2026-09-03 16:40:10,073 [INFO] bot: ✅ Yüklendi: commands/hunter_outlaw/hunt_request.py
2026-09-03 16:40:10,073 [INFO] bot: ✅ Yüklendi: commands/hunter_outlaw/leaderboard.py
2026-09-03 16:40:10,073 [INFO] bot: ✅ Yüklendi: commands/hunter_outlaw/proof.py
2026-09-03 16:40:10,074 [INFO] bot: ✅ Yüklendi: commands/hunter_outlaw/reset_points.py
2026-09-03 16:40:10,074 [INFO] bot: ✅ Yüklendi: commands/hunter_outlaw/reset_user_points.py
2026-09-03 16:40:10,075 [INFO] bot: ✅ Yüklendi: commands/hunter_outlaw/set_role_icon.py
2026-09-03 16:40:10,075 [INFO] bot: ✅ Yüklendi: commands/hunter_outlaw/status.py
2026-09-03 16:40:10,075 [INFO] bot: ✅ Yüklendi: commands/genel/help.py
2026-09-03 16:40:10,076 [INFO] bot: ✅ Yüklendi: commands/genel/rules.py
2026-09-03 16:40:10,670 [INFO] bot: ✅ Yüklendi: commands/genel/sohbet.py
2026-09-03 16:40:10,671 [INFO] bot: ✅ Yüklendi: commands/genel/welcome.py
2026-09-03 16:40:10,671 [INFO] bot: ✅ Yüklendi: commands/moderasyon/ban.py
2026-09-03 16:40:10,672 [INFO] bot: ✅ Yüklendi: commands/moderasyon/clearwarnings.py
2026-09-03 16:40:10,672 [INFO] bot: ✅ Yüklendi: commands/moderasyon/filter_listener.py
2026-09-03 16:40:10,673 [INFO] bot: ✅ Yüklendi: commands/moderasyon/kick.py
2026-09-03 16:40:10,673 [INFO] bot: ✅ Yüklendi: commands/moderasyon/lock.py
2026-09-03 16:40:10,673 [INFO] bot: ✅ Yüklendi: commands/moderasyon/mute.py
2026-09-03 16:40:10,674 [INFO] bot: ✅ Yüklendi: commands/moderasyon/purge.py
2026-09-03 16:40:10,675 [INFO] bot: ✅ Yüklendi: commands/moderasyon/unlock.py
2026-09-03 16:40:10,675 [INFO] bot: ✅ Yüklendi: commands/moderasyon/unmute.py
2026-09-03 16:40:10,675 [INFO] bot: ✅ Yüklendi: commands/moderasyon/warn.py
2026-09-03 16:40:10,676 [INFO] bot: ✅ Yüklendi: commands/moderasyon/warnings_list.py
2026-09-03 16:40:10,676 [INFO] bot: ✅ Yüklendi: commands/sabika/criminal_record.py
2026-09-03 16:40:10,677 [INFO] bot: ✅ Yüklendi: commands/wanted/catch_wanted.py
2026-09-03 16:40:10,677 [INFO] bot: ✅ Yüklendi: commands/wanted/crime_listener.py
2026-09-03 16:40:10,678 [INFO] bot: ✅ Yüklendi: commands/wanted/wanted_list.py
2026-09-03 16:40:10,678 [INFO] bot: 📦 Toplam 31 komut dosyası yüklendi, 1 dosya atlandı.
2026-09-03 16:40:10,678 [INFO] discord.client: logging in using static token
2026-09-03 16:40:11,996 [INFO] discord.gateway: Shard ID None has connected to Gateway (Session ID: 282b5175412d0090a124669c4f480741).
2026-09-03 16:40:14,029 [INFO] bot: 🤖 ankatuber's perfect bot giriş yaptı!
2026-09-03 16:40:14,542 [INFO] bot: 🔄 31 slash komut senkronize edildi!
2026-09-03 16:40:34,097 [INFO] sohbet_etkinligi: 🧪 /chat_test kullanıldı: ankatuber02 (1196858410302455901)
2026-09-03 16:40:35,020 [INFO] sohbet_etkinligi: ✅ Chat Event gönderildi: Is Ranked better this season?
2026-09-03 17:11:25,440 [INFO] bot: Bot normal şekilde durduruldu, yeniden başlatılmıyor.
2026-09-03 17:11:30,806 [WARNING] discord.client: PyNaCl is not installed, voice will NOT be supported
2026-09-03 17:11:30,806 [WARNING] discord.client: davey is not installed, voice will NOT be supported
2026-09-03 17:11:30,866 [INFO] sohbet_etkinligi: 🔧 Sohbet etkinliği modülü yükleniyor...
2026-09-03 17:11:30,866 [ERROR] bot: ❌ Komut dosyası yüklenirken hata, atlanıyor: commands/sohbet_etkinligi.py
Traceback (most recent call last):
  File "/home/container/main.py", line 132, in load_commands
    module.setup(bot)
    ~~~~~~~~~~~~^^^^^
  File "/home/container/commands/sohbet_etkinligi.py", line 239, in setup
    sohbet_etkinligi_zamanlayici.start()
    ~~~~~~~~~~~~~~~~~~~~~~~~~~~~~~~~~~^^
  File "/home/container/.local/lib/python3.13/site-packages/discord/ext/tasks/__init__.py", line 414, in start
    self._task = asyncio.create_task(self._loop(*args, **kwargs), name=self._name)
                 ~~~~~~~~~~~~~~~~~~~^^^^^^^^^^^^^^^^^^^^^^^^^^^^^^^^^^^^^^^^^^^^^^
  File "/usr/local/lib/python3.13/asyncio/tasks.py", line 407, in create_task
    loop = events.get_running_loop()
RuntimeError: no running event loop
2026-09-03 17:11:30,995 [INFO] bot: ✅ Yüklendi: commands/ceviri/nuke_translate.py
2026-09-03 17:11:30,996 [INFO] bot: ✅ Yüklendi: commands/ceviri/translate_all_roles.py
2026-09-03 17:11:30,996 [INFO] bot: ✅ Yüklendi: commands/ceviri/translate_role.py
2026-09-03 17:11:30,997 [INFO] bot: ✅ Yüklendi: commands/hunter_outlaw/give_award.py
2026-09-03 17:11:30,997 [INFO] bot: ✅ Yüklendi: commands/hunter_outlaw/history.py
2026-09-03 17:11:30,997 [INFO] bot: ✅ Yüklendi: commands/hunter_outlaw/hunt_request.py
2026-09-03 17:11:30,997 [INFO] bot: ✅ Yüklendi: commands/hunter_outlaw/leaderboard.py
2026-09-03 17:11:30,998 [INFO] bot: ✅ Yüklendi: commands/hunter_outlaw/proof.py
2026-09-03 17:11:30,998 [INFO] bot: ✅ Yüklendi: commands/hunter_outlaw/reset_points.py
2026-09-03 17:11:30,998 [INFO] bot: ✅ Yüklendi: commands/hunter_outlaw/reset_user_points.py
2026-09-03 17:11:30,998 [INFO] bot: ✅ Yüklendi: commands/hunter_outlaw/set_role_icon.py
2026-09-03 17:11:30,999 [INFO] bot: ✅ Yüklendi: commands/hunter_outlaw/status.py
2026-09-03 17:11:30,999 [INFO] bot: ✅ Yüklendi: commands/genel/help.py
2026-09-03 17:11:30,999 [INFO] bot: ✅ Yüklendi: commands/genel/rules.py
2026-09-03 17:11:31,625 [INFO] bot: ✅ Yüklendi: commands/genel/sohbet.py
2026-09-03 17:11:31,626 [INFO] bot: ✅ Yüklendi: commands/genel/welcome.py
2026-09-03 17:11:31,626 [INFO] bot: ✅ Yüklendi: commands/moderasyon/ban.py
2026-09-03 17:11:31,627 [INFO] bot: ✅ Yüklendi: commands/moderasyon/clearwarnings.py
2026-09-03 17:11:31,627 [INFO] bot: ✅ Yüklendi: commands/moderasyon/filter_listener.py
2026-09-03 17:11:31,627 [INFO] bot: ✅ Yüklendi: commands/moderasyon/kick.py
2026-09-03 17:11:31,627 [INFO] bot: ✅ Yüklendi: commands/moderasyon/lock.py
2026-09-03 17:11:31,628 [INFO] bot: ✅ Yüklendi: commands/moderasyon/mute.py
2026-09-03 17:11:31,628 [INFO] bot: ✅ Yüklendi: commands/moderasyon/purge.py
2026-09-03 17:11:31,628 [INFO] bot: ✅ Yüklendi: commands/moderasyon/unlock.py
2026-09-03 17:11:31,629 [INFO] bot: ✅ Yüklendi: commands/moderasyon/unmute.py
2026-09-03 17:11:31,629 [INFO] bot: ✅ Yüklendi: commands/moderasyon/warn.py
2026-09-03 17:11:31,629 [INFO] bot: ✅ Yüklendi: commands/moderasyon/warnings_list.py
2026-09-03 17:11:31,629 [INFO] bot: ✅ Yüklendi: commands/sabika/criminal_record.py
2026-09-03 17:11:31,630 [INFO] bot: ✅ Yüklendi: commands/wanted/catch_wanted.py
2026-09-03 17:11:31,630 [INFO] bot: ✅ Yüklendi: commands/wanted/crime_listener.py
2026-09-03 17:11:31,630 [INFO] bot: ✅ Yüklendi: commands/wanted/wanted_list.py
2026-09-03 17:11:31,630 [INFO] bot: 📦 Toplam 31 komut dosyası yüklendi, 1 dosya atlandı.
2026-09-03 17:11:31,631 [INFO] discord.client: logging in using static token
2026-09-03 17:11:33,539 [INFO] discord.gateway: Shard ID None has connected to Gateway (Session ID: cc3b63c483fadb06b3fb3d1f2bd825b6).
2026-09-03 17:11:35,559 [INFO] bot: 🤖 ankatuber's perfect bot giriş yaptı!
2026-09-03 17:11:35,837 [INFO] bot: 🔄 31 slash komut senkronize edildi!
2026-09-03 17:11:50,893 [INFO] httpx2: HTTP Request: POST https://integrate.api.nvidia.com/v1/chat/completions "HTTP/1.1 200 OK"
2026-09-03 17:23:57,232 [INFO] bot: Bot normal şekilde durduruldu, yeniden başlatılmıyor.
2026-09-03 17:24:02,582 [WARNING] discord.client: PyNaCl is not installed, voice will NOT be supported
2026-09-03 17:24:02,582 [WARNING] discord.client: davey is not installed, voice will NOT be supported
2026-09-03 17:24:02,587 [INFO] sohbet_etkinligi: 🔧 Sohbet etkinliği modülü yükleniyor...
2026-09-03 17:24:02,587 [ERROR] bot: ❌ Komut dosyası yüklenirken hata, atlanıyor: commands/sohbet_etkinligi.py
Traceback (most recent call last):
  File "/home/container/main.py", line 132, in load_commands
    module.setup(bot)
    ~~~~~~~~~~~~^^^^^
  File "/home/container/commands/sohbet_etkinligi.py", line 417, in setup
    sohbet_etkinligi_zamanlayici.start()
    ~~~~~~~~~~~~~~~~~~~~~~~~~~~~~~~~~~^^
  File "/home/container/.local/lib/python3.13/site-packages/discord/ext/tasks/__init__.py", line 414, in start
    self._task = asyncio.create_task(self._loop(*args, **kwargs), name=self._name)
                 ~~~~~~~~~~~~~~~~~~~^^^^^^^^^^^^^^^^^^^^^^^^^^^^^^^^^^^^^^^^^^^^^^
  File "/usr/local/lib/python3.13/asyncio/tasks.py", line 407, in create_task
    loop = events.get_running_loop()
RuntimeError: no running event loop
2026-09-03 17:24:02,728 [INFO] bot: ✅ Yüklendi: commands/ceviri/nuke_translate.py
2026-09-03 17:24:02,729 [INFO] bot: ✅ Yüklendi: commands/ceviri/translate_all_roles.py
2026-09-03 17:24:02,730 [INFO] bot: ✅ Yüklendi: commands/ceviri/translate_role.py
2026-09-03 17:24:02,731 [INFO] bot: ✅ Yüklendi: commands/hunter_outlaw/give_award.py
2026-09-03 17:24:02,731 [INFO] bot: ✅ Yüklendi: commands/hunter_outlaw/history.py
2026-09-03 17:24:02,732 [INFO] bot: ✅ Yüklendi: commands/hunter_outlaw/hunt_request.py
2026-09-03 17:24:02,732 [INFO] bot: ✅ Yüklendi: commands/hunter_outlaw/leaderboard.py
2026-09-03 17:24:02,733 [INFO] bot: ✅ Yüklendi: commands/hunter_outlaw/proof.py
2026-09-03 17:24:02,733 [INFO] bot: ✅ Yüklendi: commands/hunter_outlaw/reset_points.py
2026-09-03 17:24:02,734 [INFO] bot: ✅ Yüklendi: commands/hunter_outlaw/reset_user_points.py
2026-09-03 17:24:02,734 [INFO] bot: ✅ Yüklendi: commands/hunter_outlaw/set_role_icon.py
2026-09-03 17:24:02,735 [INFO] bot: ✅ Yüklendi: commands/hunter_outlaw/status.py
2026-09-03 17:24:02,735 [INFO] bot: ✅ Yüklendi: commands/genel/help.py
2026-09-03 17:24:02,735 [INFO] bot: ✅ Yüklendi: commands/genel/rules.py
2026-09-03 17:24:03,366 [INFO] bot: ✅ Yüklendi: commands/genel/sohbet.py
2026-09-03 17:24:03,367 [INFO] bot: ✅ Yüklendi: commands/genel/welcome.py
2026-09-03 17:24:03,367 [INFO] bot: ✅ Yüklendi: commands/moderasyon/ban.py
2026-09-03 17:24:03,368 [INFO] bot: ✅ Yüklendi: commands/moderasyon/clearwarnings.py
2026-09-03 17:24:03,368 [INFO] bot: ✅ Yüklendi: commands/moderasyon/filter_listener.py
2026-09-03 17:24:03,369 [INFO] bot: ✅ Yüklendi: commands/moderasyon/kick.py
2026-09-03 17:24:03,369 [INFO] bot: ✅ Yüklendi: commands/moderasyon/lock.py
2026-09-03 17:24:03,369 [INFO] bot: ✅ Yüklendi: commands/moderasyon/mute.py
2026-09-03 17:24:03,370 [INFO] bot: ✅ Yüklendi: commands/moderasyon/purge.py
2026-09-03 17:24:03,370 [INFO] bot: ✅ Yüklendi: commands/moderasyon/unlock.py
2026-09-03 17:24:03,371 [INFO] bot: ✅ Yüklendi: commands/moderasyon/unmute.py
2026-09-03 17:24:03,371 [INFO] bot: ✅ Yüklendi: commands/moderasyon/warn.py
2026-09-03 17:24:03,372 [INFO] bot: ✅ Yüklendi: commands/moderasyon/warnings_list.py
2026-09-03 17:24:03,372 [INFO] bot: ✅ Yüklendi: commands/sabika/criminal_record.py
2026-09-03 17:24:03,373 [INFO] bot: ✅ Yüklendi: commands/wanted/catch_wanted.py
2026-09-03 17:24:03,374 [INFO] bot: ✅ Yüklendi: commands/wanted/crime_listener.py
2026-09-03 17:24:03,374 [INFO] bot: ✅ Yüklendi: commands/wanted/wanted_list.py
2026-09-03 17:24:03,374 [INFO] bot: 📦 Toplam 31 komut dosyası yüklendi, 1 dosya atlandı.
2026-09-03 17:24:03,375 [INFO] discord.client: logging in using static token
2026-09-03 17:24:04,891 [INFO] discord.gateway: Shard ID None has connected to Gateway (Session ID: b86a2f938e9e7075013572fce9919575).
2026-09-03 17:24:06,938 [INFO] bot: 🤖 ankatuber's perfect bot giriş yaptı!
2026-09-03 17:24:07,287 [INFO] bot: 🔄 32 slash komut senkronize edildi!
2026-09-03 17:24:59,876 [INFO] sohbet_etkinligi: ⏱️ !chat-timer kullanıldı: ankatuber02 (1196858410302455901)
2026-09-03 17:34:55,305 [INFO] bot: Bot normal şekilde durduruldu, yeniden başlatılmıyor.
2026-09-03 17:35:00,460 [WARNING] discord.client: PyNaCl is not installed, voice will NOT be supported
2026-09-03 17:35:00,461 [WARNING] discord.client: davey is not installed, voice will NOT be supported
2026-09-03 17:35:00,461 [ERROR] bot: ❌ Komut dosyası yüklenirken hata, atlanıyor: commands/sohbet_etkinligi.py
Traceback (most recent call last):
  File "/home/container/main.py", line 129, in load_commands
    spec.loader.exec_module(module)
    ~~~~~~~~~~~~~~~~~~~~~~~^^^^^^^^
  File "<frozen importlib._bootstrap_external>", line 1019, in exec_module
  File "<frozen importlib._bootstrap_external>", line 1157, in get_code
  File "<frozen importlib._bootstrap_external>", line 1087, in source_to_code
  File "<frozen importlib._bootstrap>", line 488, in _call_with_frames_removed
  File "/home/container/commands/sohbet_etkinligi.py", line 1
    ```python
    ^
SyntaxError: invalid syntax
2026-09-03 17:35:00,582 [INFO] bot: ✅ Yüklendi: commands/ceviri/nuke_translate.py
2026-09-03 17:35:00,583 [INFO] bot: ✅ Yüklendi: commands/ceviri/translate_all_roles.py
2026-09-03 17:35:00,583 [INFO] bot: ✅ Yüklendi: commands/ceviri/translate_role.py
2026-09-03 17:35:00,584 [INFO] bot: ✅ Yüklendi: commands/hunter_outlaw/give_award.py
2026-09-03 17:35:00,584 [INFO] bot: ✅ Yüklendi: commands/hunter_outlaw/history.py
2026-09-03 17:35:00,585 [INFO] bot: ✅ Yüklendi: commands/hunter_outlaw/hunt_request.py
2026-09-03 17:35:00,585 [INFO] bot: ✅ Yüklendi: commands/hunter_outlaw/leaderboard.py
2026-09-03 17:35:00,585 [INFO] bot: ✅ Yüklendi: commands/hunter_outlaw/proof.py
2026-09-03 17:35:00,585 [INFO] bot: ✅ Yüklendi: commands/hunter_outlaw/reset_points.py
2026-09-03 17:35:00,585 [INFO] bot: ✅ Yüklendi: commands/hunter_outlaw/reset_user_points.py
2026-09-03 17:35:00,586 [INFO] bot: ✅ Yüklendi: commands/hunter_outlaw/set_role_icon.py
2026-09-03 17:35:00,586 [INFO] bot: ✅ Yüklendi: commands/hunter_outlaw/status.py
2026-09-03 17:35:00,586 [INFO] bot: ✅ Yüklendi: commands/genel/help.py
2026-09-03 17:35:00,587 [INFO] bot: ✅ Yüklendi: commands/genel/rules.py
2026-09-03 17:35:01,232 [INFO] bot: ✅ Yüklendi: commands/genel/sohbet.py
2026-09-03 17:35:01,233 [INFO] bot: ✅ Yüklendi: commands/genel/welcome.py
2026-09-03 17:35:01,233 [INFO] bot: ✅ Yüklendi: commands/moderasyon/ban.py
2026-09-03 17:35:01,233 [INFO] bot: ✅ Yüklendi: commands/moderasyon/clearwarnings.py
2026-09-03 17:35:01,234 [INFO] bot: ✅ Yüklendi: commands/moderasyon/filter_listener.py
2026-09-03 17:35:01,234 [INFO] bot: ✅ Yüklendi: commands/moderasyon/kick.py
2026-09-03 17:35:01,234 [INFO] bot: ✅ Yüklendi: commands/moderasyon/lock.py
2026-09-03 17:35:01,235 [INFO] bot: ✅ Yüklendi: commands/moderasyon/mute.py
2026-09-03 17:35:01,235 [INFO] bot: ✅ Yüklendi: commands/moderasyon/purge.py
2026-09-03 17:35:01,235 [INFO] bot: ✅ Yüklendi: commands/moderasyon/unlock.py
2026-09-03 17:35:01,236 [INFO] bot: ✅ Yüklendi: commands/moderasyon/unmute.py
2026-09-03 17:35:01,236 [INFO] bot: ✅ Yüklendi: commands/moderasyon/warn.py
2026-09-03 17:35:01,236 [INFO] bot: ✅ Yüklendi: commands/moderasyon/warnings_list.py
2026-09-03 17:35:01,236 [INFO] bot: ✅ Yüklendi: commands/sabika/criminal_record.py
2026-09-03 17:35:01,237 [INFO] bot: ✅ Yüklendi: commands/wanted/catch_wanted.py
2026-09-03 17:35:01,238 [INFO] bot: ✅ Yüklendi: commands/wanted/crime_listener.py
2026-09-03 17:35:01,238 [INFO] bot: ✅ Yüklendi: commands/wanted/wanted_list.py
2026-09-03 17:35:01,238 [INFO] bot: 📦 Toplam 31 komut dosyası yüklendi, 1 dosya atlandı.
2026-09-03 17:35:01,239 [INFO] discord.client: logging in using static token
2026-09-03 17:35:02,430 [INFO] discord.gateway: Shard ID None has connected to Gateway (Session ID: af878d525ae528f7636d2d04d984c744).
2026-09-03 17:35:04,484 [INFO] bot: 🤖 ankatuber's perfect bot giriş yaptı!
2026-09-03 17:35:04,871 [INFO] bot: 🔄 30 slash komut senkronize edildi!
2026-09-03 17:36:18,707 [INFO] httpx2: HTTP Request: POST https://integrate.api.nvidia.com/v1/chat/completions "HTTP/1.1 200 OK"
2026-09-03 17:55:56,941 [INFO] bot: Bot normal şekilde durduruldu, yeniden başlatılmıyor.
2026-09-03 17:56:02,225 [WARNING] discord.client: PyNaCl is not installed, voice will NOT be supported
2026-09-03 17:56:02,225 [WARNING] discord.client: davey is not installed, voice will NOT be supported
2026-09-03 17:56:02,228 [INFO] sohbet_etkinligi: 🔧 Sohbet etkinliği modülü yükleniyor...
2026-09-03 17:56:02,228 [ERROR] bot: ❌ Komut dosyası yüklenirken hata, atlanıyor: commands/sohbet_etkinligi.py
Traceback (most recent call last):
  File "/home/container/main.py", line 132, in load_commands
    module.setup(bot)
    ~~~~~~~~~~~~^^^^^
  File "/home/container/commands/sohbet_etkinligi.py", line 417, in setup
    sohbet_etkinligi_zamanlayici.start()
    ~~~~~~~~~~~~~~~~~~~~~~~~~~~~~~~~~~^^
  File "/home/container/.local/lib/python3.13/site-packages/discord/ext/tasks/__init__.py", line 414, in start
    self._task = asyncio.create_task(self._loop(*args, **kwargs), name=self._name)
                 ~~~~~~~~~~~~~~~~~~~^^^^^^^^^^^^^^^^^^^^^^^^^^^^^^^^^^^^^^^^^^^^^^
  File "/usr/local/lib/python3.13/asyncio/tasks.py", line 407, in create_task
    loop = events.get_running_loop()
RuntimeError: no running event loop
2026-09-03 17:56:02,358 [INFO] bot: ✅ Yüklendi: commands/ceviri/nuke_translate.py
2026-09-03 17:56:02,358 [INFO] bot: ✅ Yüklendi: commands/ceviri/translate_all_roles.py
2026-09-03 17:56:02,358 [INFO] bot: ✅ Yüklendi: commands/ceviri/translate_role.py
2026-09-03 17:56:02,359 [INFO] bot: ✅ Yüklendi: commands/hunter_outlaw/give_award.py
2026-09-03 17:56:02,359 [INFO] bot: ✅ Yüklendi: commands/hunter_outlaw/history.py
2026-09-03 17:56:02,360 [INFO] bot: ✅ Yüklendi: commands/hunter_outlaw/hunt_request.py
2026-09-03 17:56:02,360 [INFO] bot: ✅ Yüklendi: commands/hunter_outlaw/leaderboard.py
2026-09-03 17:56:02,360 [INFO] bot: ✅ Yüklendi: commands/hunter_outlaw/proof.py
2026-09-03 17:56:02,361 [INFO] bot: ✅ Yüklendi: commands/hunter_outlaw/reset_points.py
2026-09-03 17:56:02,361 [INFO] bot: ✅ Yüklendi: commands/hunter_outlaw/reset_user_points.py
2026-09-03 17:56:02,361 [INFO] bot: ✅ Yüklendi: commands/hunter_outlaw/set_role_icon.py
2026-09-03 17:56:02,361 [INFO] bot: ✅ Yüklendi: commands/hunter_outlaw/status.py
2026-09-03 17:56:02,362 [INFO] bot: ✅ Yüklendi: commands/genel/help.py
2026-09-03 17:56:02,362 [INFO] bot: ✅ Yüklendi: commands/genel/rules.py
2026-09-03 17:56:02,945 [INFO] bot: ✅ Yüklendi: commands/genel/sohbet.py
2026-09-03 17:56:02,945 [INFO] bot: ✅ Yüklendi: commands/genel/welcome.py
2026-09-03 17:56:02,946 [INFO] bot: ✅ Yüklendi: commands/moderasyon/ban.py
2026-09-03 17:56:02,946 [INFO] bot: ✅ Yüklendi: commands/moderasyon/clearwarnings.py
2026-09-03 17:56:02,946 [INFO] bot: ✅ Yüklendi: commands/moderasyon/filter_listener.py
2026-09-03 17:56:02,946 [INFO] bot: ✅ Yüklendi: commands/moderasyon/kick.py
2026-09-03 17:56:02,947 [INFO] bot: ✅ Yüklendi: commands/moderasyon/lock.py
2026-09-03 17:56:02,947 [INFO] bot: ✅ Yüklendi: commands/moderasyon/mute.py
2026-09-03 17:56:02,947 [INFO] bot: ✅ Yüklendi: commands/moderasyon/purge.py
2026-09-03 17:56:02,948 [INFO] bot: ✅ Yüklendi: commands/moderasyon/unlock.py
2026-09-03 17:56:02,948 [INFO] bot: ✅ Yüklendi: commands/moderasyon/unmute.py
2026-09-03 17:56:02,948 [INFO] bot: ✅ Yüklendi: commands/moderasyon/warn.py
2026-09-03 17:56:02,948 [INFO] bot: ✅ Yüklendi: commands/moderasyon/warnings_list.py
2026-09-03 17:56:02,949 [INFO] bot: ✅ Yüklendi: commands/sabika/criminal_record.py
2026-09-03 17:56:02,950 [INFO] bot: ✅ Yüklendi: commands/wanted/catch_wanted.py
2026-09-03 17:56:02,950 [INFO] bot: ✅ Yüklendi: commands/wanted/crime_listener.py
2026-09-03 17:56:02,950 [INFO] bot: ✅ Yüklendi: commands/wanted/wanted_list.py
2026-09-03 17:56:02,950 [INFO] bot: 📦 Toplam 31 komut dosyası yüklendi, 1 dosya atlandı.
2026-09-03 17:56:02,951 [INFO] discord.client: logging in using static token
2026-09-03 17:56:04,306 [INFO] discord.gateway: Shard ID None has connected to Gateway (Session ID: a2c9259b8da63c0c9c66c5531ff1438f).
2026-09-03 17:56:06,345 [INFO] bot: 🤖 ankatuber's perfect bot giriş yaptı!
2026-09-03 17:56:06,681 [INFO] bot: 🔄 32 slash komut senkronize edildi!
2026-09-03 17:56:32,905 [INFO] sohbet_etkinligi: ⏱️ !chat-timer kullanıldı: ankatuber02 (1196858410302455901)
2026-09-03 17:57:43,899 [INFO] sohbet_etkinligi: 🧪 /chat_test kullanıldı: ankatuber02 (1196858410302455901)
2026-09-03 17:57:45,374 [INFO] sohbet_etkinligi: ✅ Chat Event gönderildi: Is the current matchmaking fair?
2026-09-03 18:02:23,030 [INFO] bot: Bot normal şekilde durduruldu, yeniden başlatılmıyor.
2026-09-03 18:02:27,834 [WARNING] discord.client: PyNaCl is not installed, voice will NOT be supported
2026-09-03 18:02:27,835 [WARNING] discord.client: davey is not installed, voice will NOT be supported
2026-09-03 18:02:27,838 [INFO] sohbet_etkinligi: 🔧 Sohbet etkinliği modülü yükleniyor...
2026-09-03 18:02:27,839 [ERROR] bot: ❌ Komut dosyası yüklenirken hata, atlanıyor: commands/sohbet_etkinligi.py
Traceback (most recent call last):
  File "/home/container/main.py", line 132, in load_commands
    module.setup(bot)
    ~~~~~~~~~~~~^^^^^
  File "/home/container/commands/sohbet_etkinligi.py", line 421, in setup
    sohbet_etkinligi_zamanlayici.start()
    ~~~~~~~~~~~~~~~~~~~~~~~~~~~~~~~~~~^^
  File "/home/container/.local/lib/python3.13/site-packages/discord/ext/tasks/__init__.py", line 414, in start
    self._task = asyncio.create_task(self._loop(*args, **kwargs), name=self._name)
                 ~~~~~~~~~~~~~~~~~~~^^^^^^^^^^^^^^^^^^^^^^^^^^^^^^^^^^^^^^^^^^^^^^
  File "/usr/local/lib/python3.13/asyncio/tasks.py", line 407, in create_task
    loop = events.get_running_loop()
RuntimeError: no running event loop
2026-09-03 18:02:27,974 [INFO] bot: ✅ Yüklendi: commands/ceviri/nuke_translate.py
2026-09-03 18:02:27,974 [INFO] bot: ✅ Yüklendi: commands/ceviri/translate_all_roles.py
2026-09-03 18:02:27,975 [INFO] bot: ✅ Yüklendi: commands/ceviri/translate_role.py
2026-09-03 18:02:27,975 [INFO] bot: ✅ Yüklendi: commands/hunter_outlaw/give_award.py
2026-09-03 18:02:27,976 [INFO] bot: ✅ Yüklendi: commands/hunter_outlaw/history.py
2026-09-03 18:02:27,976 [INFO] bot: ✅ Yüklendi: commands/hunter_outlaw/hunt_request.py
2026-09-03 18:02:27,976 [INFO] bot: ✅ Yüklendi: commands/hunter_outlaw/leaderboard.py
2026-09-03 18:02:27,977 [INFO] bot: ✅ Yüklendi: commands/hunter_outlaw/proof.py
2026-09-03 18:02:27,977 [INFO] bot: ✅ Yüklendi: commands/hunter_outlaw/reset_points.py
2026-09-03 18:02:27,977 [INFO] bot: ✅ Yüklendi: commands/hunter_outlaw/reset_user_points.py
2026-09-03 18:02:27,978 [INFO] bot: ✅ Yüklendi: commands/hunter_outlaw/set_role_icon.py
2026-09-03 18:02:27,978 [INFO] bot: ✅ Yüklendi: commands/hunter_outlaw/status.py
2026-09-03 18:02:27,979 [INFO] bot: ✅ Yüklendi: commands/genel/help.py
2026-09-03 18:02:27,979 [INFO] bot: ✅ Yüklendi: commands/genel/rules.py
2026-09-03 18:02:28,586 [INFO] bot: ✅ Yüklendi: commands/genel/sohbet.py
2026-09-03 18:02:28,586 [INFO] bot: ✅ Yüklendi: commands/genel/welcome.py
2026-09-03 18:02:28,587 [INFO] bot: ✅ Yüklendi: commands/moderasyon/ban.py
2026-09-03 18:02:28,587 [INFO] bot: ✅ Yüklendi: commands/moderasyon/clearwarnings.py
2026-09-03 18:02:28,587 [INFO] bot: ✅ Yüklendi: commands/moderasyon/filter_listener.py
2026-09-03 18:02:28,587 [INFO] bot: ✅ Yüklendi: commands/moderasyon/kick.py
2026-09-03 18:02:28,587 [INFO] bot: ✅ Yüklendi: commands/moderasyon/lock.py
2026-09-03 18:02:28,588 [INFO] bot: ✅ Yüklendi: commands/moderasyon/mute.py
2026-09-03 18:02:28,588 [INFO] bot: ✅ Yüklendi: commands/moderasyon/purge.py
2026-09-03 18:02:28,588 [INFO] bot: ✅ Yüklendi: commands/moderasyon/unlock.py
2026-09-03 18:02:28,588 [INFO] bot: ✅ Yüklendi: commands/moderasyon/unmute.py
2026-09-03 18:02:28,589 [INFO] bot: ✅ Yüklendi: commands/moderasyon/warn.py
2026-09-03 18:02:28,589 [INFO] bot: ✅ Yüklendi: commands/moderasyon/warnings_list.py
2026-09-03 18:02:28,589 [INFO] bot: ✅ Yüklendi: commands/sabika/criminal_record.py
2026-09-03 18:02:28,590 [INFO] bot: ✅ Yüklendi: commands/wanted/catch_wanted.py
2026-09-03 18:02:28,590 [INFO] bot: ✅ Yüklendi: commands/wanted/crime_listener.py
2026-09-03 18:02:28,590 [INFO] bot: ✅ Yüklendi: commands/wanted/wanted_list.py
2026-09-03 18:02:28,590 [INFO] bot: 📦 Toplam 31 komut dosyası yüklendi, 1 dosya atlandı.
2026-09-03 18:02:28,591 [INFO] discord.client: logging in using static token
2026-09-03 18:02:31,250 [INFO] discord.gateway: Shard ID None has connected to Gateway (Session ID: acb339b6314794b917e7992208605ac4).
2026-09-03 18:02:33,276 [INFO] bot: 🤖 ankatuber's perfect bot giriş yaptı!
2026-09-03 18:02:33,651 [INFO] bot: 🔄 32 slash komut senkronize edildi!
2026-09-03 18:02:52,637 [INFO] sohbet_etkinligi: ⏱️ !chat-timer kullanıldı: ankatuber02 (1196858410302455901)
2026-09-03 18:05:33,930 [INFO] bot: Bot normal şekilde durduruldu, yeniden başlatılmıyor.
2026-09-03 18:05:38,664 [WARNING] discord.client: PyNaCl is not installed, voice will NOT be supported
2026-09-03 18:05:38,664 [WARNING] discord.client: davey is not installed, voice will NOT be supported
2026-09-03 18:05:38,666 [INFO] sohbet_etkinligi: 🔧 Sohbet etkinliği modülü yükleniyor...
2026-09-03 18:05:38,667 [INFO] sohbet_etkinligi: 🧪 Test komutları hazır: !chat-test /chat_test
2026-09-03 18:05:38,667 [INFO] sohbet_etkinligi: ⏱️ Timer komutları hazır: !chat-timer /chat_timer
2026-09-03 18:05:38,667 [INFO] bot: ✅ Yüklendi: commands/sohbet_etkinligi.py
2026-09-03 18:05:38,789 [INFO] bot: ✅ Yüklendi: commands/ceviri/nuke_translate.py
2026-09-03 18:05:38,789 [INFO] bot: ✅ Yüklendi: commands/ceviri/translate_all_roles.py
2026-09-03 18:05:38,790 [INFO] bot: ✅ Yüklendi: commands/ceviri/translate_role.py
2026-09-03 18:05:38,791 [INFO] bot: ✅ Yüklendi: commands/hunter_outlaw/give_award.py
2026-09-03 18:05:38,791 [INFO] bot: ✅ Yüklendi: commands/hunter_outlaw/history.py
2026-09-03 18:05:38,791 [INFO] bot: ✅ Yüklendi: commands/hunter_outlaw/hunt_request.py
2026-09-03 18:05:38,792 [INFO] bot: ✅ Yüklendi: commands/hunter_outlaw/leaderboard.py
2026-09-03 18:05:38,792 [INFO] bot: ✅ Yüklendi: commands/hunter_outlaw/proof.py
2026-09-03 18:05:38,792 [INFO] bot: ✅ Yüklendi: commands/hunter_outlaw/reset_points.py
2026-09-03 18:05:38,792 [INFO] bot: ✅ Yüklendi: commands/hunter_outlaw/reset_user_points.py
2026-09-03 18:05:38,793 [INFO] bot: ✅ Yüklendi: commands/hunter_outlaw/set_role_icon.py
2026-09-03 18:05:38,793 [INFO] bot: ✅ Yüklendi: commands/hunter_outlaw/status.py
2026-09-03 18:05:38,793 [INFO] bot: ✅ Yüklendi: commands/genel/help.py
2026-09-03 18:05:38,794 [INFO] bot: ✅ Yüklendi: commands/genel/rules.py
2026-09-03 18:05:39,401 [INFO] bot: ✅ Yüklendi: commands/genel/sohbet.py
2026-09-03 18:05:39,401 [INFO] bot: ✅ Yüklendi: commands/genel/welcome.py
2026-09-03 18:05:39,401 [INFO] bot: ✅ Yüklendi: commands/moderasyon/ban.py
2026-09-03 18:05:39,402 [INFO] bot: ✅ Yüklendi: commands/moderasyon/clearwarnings.py
2026-09-03 18:05:39,402 [INFO] bot: ✅ Yüklendi: commands/moderasyon/filter_listener.py
2026-09-03 18:05:39,402 [INFO] bot: ✅ Yüklendi: commands/moderasyon/kick.py
2026-09-03 18:05:39,402 [INFO] bot: ✅ Yüklendi: commands/moderasyon/lock.py
2026-09-03 18:05:39,402 [INFO] bot: ✅ Yüklendi: commands/moderasyon/mute.py
2026-09-03 18:05:39,403 [INFO] bot: ✅ Yüklendi: commands/moderasyon/purge.py
2026-09-03 18:05:39,403 [INFO] bot: ✅ Yüklendi: commands/moderasyon/unlock.py
2026-09-03 18:05:39,403 [INFO] bot: ✅ Yüklendi: commands/moderasyon/unmute.py
2026-09-03 18:05:39,403 [INFO] bot: ✅ Yüklendi: commands/moderasyon/warn.py
2026-09-03 18:05:39,404 [INFO] bot: ✅ Yüklendi: commands/moderasyon/warnings_list.py
2026-09-03 18:05:39,404 [INFO] bot: ✅ Yüklendi: commands/sabika/criminal_record.py
2026-09-03 18:05:39,404 [INFO] bot: ✅ Yüklendi: commands/wanted/catch_wanted.py
2026-09-03 18:05:39,405 [INFO] bot: ✅ Yüklendi: commands/wanted/crime_listener.py
2026-09-03 18:05:39,405 [INFO] bot: ✅ Yüklendi: commands/wanted/wanted_list.py
2026-09-03 18:05:39,405 [INFO] bot: 📦 Toplam 32 komut dosyası yüklendi, 0 dosya atlandı.
2026-09-03 18:05:39,405 [INFO] discord.client: logging in using static token
2026-09-03 18:05:41,023 [INFO] discord.gateway: Shard ID None has connected to Gateway (Session ID: 33e79042d1c0f9a62e4d38531a6415c7).
2026-09-03 18:05:43,081 [INFO] bot: 🤖 ankatuber's perfect bot giriş yaptı!
2026-09-03 18:05:43,410 [INFO] bot: 🔄 32 slash komut senkronize edildi!
2026-09-03 18:08:22,847 [INFO] bot: Bot normal şekilde durduruldu, yeniden başlatılmıyor.
2026-09-03 18:08:27,886 [WARNING] discord.client: PyNaCl is not installed, voice will NOT be supported
2026-09-03 18:08:27,886 [WARNING] discord.client: davey is not installed, voice will NOT be supported
2026-09-03 18:08:27,887 [INFO] sohbet_etkinligi: 🔧 Sohbet etkinliği modülü yükleniyor...
2026-09-03 18:08:27,888 [INFO] sohbet_etkinligi: 🧪 Test komutları hazır: !chat-test /chat_test
2026-09-03 18:08:27,888 [INFO] sohbet_etkinligi: ⏱️ Timer komutları hazır: !chat-timer /chat_timer
2026-09-03 18:08:27,888 [INFO] bot: ✅ Yüklendi: commands/sohbet_etkinligi.py
2026-09-03 18:08:28,005 [INFO] bot: ✅ Yüklendi: commands/ceviri/nuke_translate.py
2026-09-03 18:08:28,005 [INFO] bot: ✅ Yüklendi: commands/ceviri/translate_all_roles.py
2026-09-03 18:08:28,006 [INFO] bot: ✅ Yüklendi: commands/ceviri/translate_role.py
2026-09-03 18:08:28,007 [INFO] bot: ✅ Yüklendi: commands/hunter_outlaw/give_award.py
2026-09-03 18:08:28,007 [INFO] bot: ✅ Yüklendi: commands/hunter_outlaw/history.py
2026-09-03 18:08:28,007 [INFO] bot: ✅ Yüklendi: commands/hunter_outlaw/hunt_request.py
2026-09-03 18:08:28,007 [INFO] bot: ✅ Yüklendi: commands/hunter_outlaw/leaderboard.py
2026-09-03 18:08:28,008 [INFO] bot: ✅ Yüklendi: commands/hunter_outlaw/proof.py
2026-09-03 18:08:28,008 [INFO] bot: ✅ Yüklendi: commands/hunter_outlaw/reset_points.py
2026-09-03 18:08:28,008 [INFO] bot: ✅ Yüklendi: commands/hunter_outlaw/reset_user_points.py
2026-09-03 18:08:28,008 [INFO] bot: ✅ Yüklendi: commands/hunter_outlaw/set_role_icon.py
2026-09-03 18:08:28,009 [INFO] bot: ✅ Yüklendi: commands/hunter_outlaw/status.py
2026-09-03 18:08:28,009 [INFO] bot: ✅ Yüklendi: commands/genel/help.py
2026-09-03 18:08:28,009 [INFO] bot: ✅ Yüklendi: commands/genel/rules.py
2026-09-03 18:08:28,630 [INFO] bot: ✅ Yüklendi: commands/genel/sohbet.py
2026-09-03 18:08:28,630 [INFO] bot: ✅ Yüklendi: commands/genel/welcome.py
2026-09-03 18:08:28,630 [INFO] bot: ✅ Yüklendi: commands/moderasyon/ban.py
2026-09-03 18:08:28,631 [INFO] bot: ✅ Yüklendi: commands/moderasyon/clearwarnings.py
2026-09-03 18:08:28,631 [INFO] bot: ✅ Yüklendi: commands/moderasyon/filter_listener.py
2026-09-03 18:08:28,631 [INFO] bot: ✅ Yüklendi: commands/moderasyon/kick.py
2026-09-03 18:08:28,631 [INFO] bot: ✅ Yüklendi: commands/moderasyon/lock.py
2026-09-03 18:08:28,631 [INFO] bot: ✅ Yüklendi: commands/moderasyon/mute.py
2026-09-03 18:08:28,632 [INFO] bot: ✅ Yüklendi: commands/moderasyon/purge.py
2026-09-03 18:08:28,632 [INFO] bot: ✅ Yüklendi: commands/moderasyon/unlock.py
2026-09-03 18:08:28,632 [INFO] bot: ✅ Yüklendi: commands/moderasyon/unmute.py
2026-09-03 18:08:28,632 [INFO] bot: ✅ Yüklendi: commands/moderasyon/warn.py
2026-09-03 18:08:28,633 [INFO] bot: ✅ Yüklendi: commands/moderasyon/warnings_list.py
2026-09-03 18:08:28,633 [INFO] bot: ✅ Yüklendi: commands/sabika/criminal_record.py
2026-09-03 18:08:28,633 [INFO] bot: ✅ Yüklendi: commands/wanted/catch_wanted.py
2026-09-03 18:08:28,634 [INFO] bot: ✅ Yüklendi: commands/wanted/crime_listener.py
2026-09-03 18:08:28,634 [INFO] bot: ✅ Yüklendi: commands/wanted/wanted_list.py
2026-09-03 18:08:28,634 [INFO] bot: 📦 Toplam 32 komut dosyası yüklendi, 0 dosya atlandı.
2026-09-03 18:08:28,634 [INFO] discord.client: logging in using static token
2026-09-03 18:08:40,316 [INFO] discord.gateway: Shard ID None session has been invalidated.
2026-09-03 18:08:46,224 [INFO] discord.gateway: Shard ID None has connected to Gateway (Session ID: 921bb6de94c8739489de5d15dff8b994).
2026-09-03 18:08:48,264 [INFO] bot: 🤖 ankatuber's perfect bot giriş yaptı!
2026-09-03 18:08:48,674 [INFO] bot: 🔄 32 slash komut senkronize edildi!
2026-09-03 18:09:39,411 [INFO] sohbet_etkinligi: ⏱️ !chat-timer kullanıldı: ankatuber02 (1196858410302455901)
2026-09-03 18:10:24,919 [INFO] sohbet_etkinligi: ⏱️ !chat-timer kullanıldı: ankatuber02 (1196858410302455901)
2026-09-03 18:21:42,852 [INFO] bot: Bot normal şekilde durduruldu, yeniden başlatılmıyor.
2026-09-03 18:21:48,157 [WARNING] discord.client: PyNaCl is not installed, voice will NOT be supported
2026-09-03 18:21:48,157 [WARNING] discord.client: davey is not installed, voice will NOT be supported
2026-09-03 18:21:48,160 [INFO] sohbet_etkinligi: 🔧 Sohbet etkinliği modülü yükleniyor...
2026-09-03 18:21:48,160 [INFO] sohbet_etkinligi: 🧪 Test komutları hazır: !chat-test /chat_test
2026-09-03 18:21:48,160 [INFO] sohbet_etkinligi: ⏱️ Timer komutları hazır: !chat-timer /chat_timer
2026-09-03 18:21:48,160 [INFO] bot: ✅ Yüklendi: commands/sohbet_etkinligi.py
2026-09-03 18:21:48,280 [INFO] bot: ✅ Yüklendi: commands/ceviri/nuke_translate.py
2026-09-03 18:21:48,280 [INFO] bot: ✅ Yüklendi: commands/ceviri/translate_all_roles.py
2026-09-03 18:21:48,280 [INFO] bot: ✅ Yüklendi: commands/ceviri/translate_role.py
2026-09-03 18:21:48,281 [INFO] bot: ✅ Yüklendi: commands/hunter_outlaw/give_award.py
2026-09-03 18:21:48,281 [INFO] bot: ✅ Yüklendi: commands/hunter_outlaw/history.py
2026-09-03 18:21:48,282 [INFO] bot: ✅ Yüklendi: commands/hunter_outlaw/hunt_request.py
2026-09-03 18:21:48,282 [INFO] bot: ✅ Yüklendi: commands/hunter_outlaw/leaderboard.py
2026-09-03 18:21:48,282 [INFO] bot: ✅ Yüklendi: commands/hunter_outlaw/proof.py
2026-09-03 18:21:48,282 [INFO] bot: ✅ Yüklendi: commands/hunter_outlaw/reset_points.py
2026-09-03 18:21:48,283 [INFO] bot: ✅ Yüklendi: commands/hunter_outlaw/reset_user_points.py
2026-09-03 18:21:48,283 [INFO] bot: ✅ Yüklendi: commands/hunter_outlaw/set_role_icon.py
2026-09-03 18:21:48,283 [INFO] bot: ✅ Yüklendi: commands/hunter_outlaw/status.py
2026-09-03 18:21:48,283 [INFO] bot: ✅ Yüklendi: commands/genel/help.py
2026-09-03 18:21:48,284 [INFO] bot: ✅ Yüklendi: commands/genel/rules.py
2026-09-03 18:21:48,860 [INFO] bot: ✅ Yüklendi: commands/genel/sohbet.py
2026-09-03 18:21:48,860 [INFO] bot: ✅ Yüklendi: commands/genel/welcome.py
2026-09-03 18:21:48,861 [INFO] bot: ✅ Yüklendi: commands/moderasyon/ban.py
2026-09-03 18:21:48,861 [INFO] bot: ✅ Yüklendi: commands/moderasyon/clearwarnings.py
2026-09-03 18:21:48,861 [INFO] bot: ✅ Yüklendi: commands/moderasyon/filter_listener.py
2026-09-03 18:21:48,861 [INFO] bot: ✅ Yüklendi: commands/moderasyon/kick.py
2026-09-03 18:21:48,861 [INFO] bot: ✅ Yüklendi: commands/moderasyon/lock.py
2026-09-03 18:21:48,862 [INFO] bot: ✅ Yüklendi: commands/moderasyon/mute.py
2026-09-03 18:21:48,862 [INFO] bot: ✅ Yüklendi: commands/moderasyon/purge.py
2026-09-03 18:21:48,862 [INFO] bot: ✅ Yüklendi: commands/moderasyon/unlock.py
2026-09-03 18:21:48,862 [INFO] bot: ✅ Yüklendi: commands/moderasyon/unmute.py
2026-09-03 18:21:48,863 [INFO] bot: ✅ Yüklendi: commands/moderasyon/warn.py
2026-09-03 18:21:48,863 [INFO] bot: ✅ Yüklendi: commands/moderasyon/warnings_list.py
2026-09-03 18:21:48,863 [INFO] bot: ✅ Yüklendi: commands/sabika/criminal_record.py
2026-09-03 18:21:48,864 [INFO] bot: ✅ Yüklendi: commands/wanted/catch_wanted.py
2026-09-03 18:21:48,864 [INFO] bot: ✅ Yüklendi: commands/wanted/crime_listener.py
2026-09-03 18:21:48,864 [INFO] bot: ✅ Yüklendi: commands/wanted/wanted_list.py
2026-09-03 18:21:48,864 [INFO] bot: 📦 Toplam 32 komut dosyası yüklendi, 0 dosya atlandı.
2026-09-03 18:21:48,864 [INFO] discord.client: logging in using static token
2026-09-03 18:21:50,832 [INFO] discord.gateway: Shard ID None has connected to Gateway (Session ID: db59895a0f9cc08629f9c6f9667c909a).
2026-09-03 18:21:52,886 [INFO] bot: 🤖 ankatuber's perfect bot giriş yaptı!
2026-09-03 18:21:52,888 [INFO] sohbet_etkinligi: ✅ Chat Event zamanlayıcısı başlatıldı.
2026-09-03 18:21:52,888 [INFO] sohbet_etkinligi: ⏰ Chat Event zamanlayıcısı hazır.
2026-09-03 18:21:53,176 [INFO] bot: 🔄 32 slash komut senkronize edildi!
2026-09-03 18:21:53,628 [INFO] sohbet_etkinligi: ✅ Chat Event gönderildi: Which brawler deserves a nerf?
2026-09-03 18:22:34,256 [INFO] httpx2: HTTP Request: POST https://integrate.api.nvidia.com/v1/chat/completions "HTTP/1.1 200 OK"
2026-09-03 18:22:34,483 [ERROR] bot: ⚠️ message handler hatası (commands.genel.sohbet)
Traceback (most recent call last):
  File "/home/container/main.py", line 62, in on_message
    await handler(message)
  File "/home/container/commands/genel/sohbet.py", line 140, in ai_prefix_handler
    await message.reply(chunks[0], mention_author=False)
  File "/home/container/.local/lib/python3.13/site-packages/discord/message.py", line 1875, in reply
    return await self.channel.send(content, reference=self, **kwargs)
           ^^^^^^^^^^^^^^^^^^^^^^^^^^^^^^^^^^^^^^^^^^^^^^^^^^^^^^^^^^
  File "/home/container/.local/lib/python3.13/site-packages/discord/abc.py", line 1706, in send
    data = await state.http.send_message(channel.id, params=params)
           ^^^^^^^^^^^^^^^^^^^^^^^^^^^^^^^^^^^^^^^^^^^^^^^^^^^^^^^^
  File "/home/container/.local/lib/python3.13/site-packages/discord/http.py", line 778, in request
    raise HTTPException(response, data)
discord.errors.HTTPException: 400 Bad Request (error code: 50035): Invalid Form Body
In message_reference: Unknown message
2026-09-03 18:22:45,246 [INFO] sohbet_etkinligi: ⏱️ !chat-timer kullanıldı: ankatuber02 (1196858410302455901)
2026-09-03 18:26:08,702 [INFO] sohbet_etkinligi: ⏱️ !chat-timer kullanıldı: ankatuber02 (1196858410302455901)
2026-09-03 18:33:02,659 [INFO] sohbet_etkinligi: ⏱️ !chat-timer kullanıldı: ankatuber02 (1196858410302455901)
2026-09-03 18:33:37,317 [INFO] sohbet_etkinligi: ⏱️ !chat-timer kullanıldı: ankatuber02 (1196858410302455901)
2026-09-03 19:14:53,730 [INFO] sohbet_etkinligi: ⏱️ !chat-timer kullanıldı: ankatuber02 (1196858410302455901)
2026-09-03 19:41:09,171 [INFO] bot: Bot normal şekilde durduruldu, yeniden başlatılmıyor.
2026-09-03 19:41:14,702 [WARNING] discord.client: PyNaCl is not installed, voice will NOT be supported
2026-09-03 19:41:14,702 [WARNING] discord.client: davey is not installed, voice will NOT be supported
2026-09-03 19:41:14,704 [ERROR] bot: ❌ Komut dosyası yüklenirken hata, atlanıyor: commands/partners.py
Traceback (most recent call last):
  File "/home/container/main.py", line 132, in load_commands
    module.setup(bot)
    ~~~~~~~~~~~~^^^^^
  File "/home/container/commands/partners.py", line 128, in setup
    bot.loop.create_task(baslat())
    ^^^^^^^^^^^^^^^^^^^^
  File "/home/container/.local/lib/python3.13/site-packages/discord/client.py", line 170, in __getattr__
    raise AttributeError(msg)
AttributeError: loop attribute cannot be accessed in non-async contexts. Consider using either an asynchronous main function and passing it to asyncio.run or using asynchronous initialisation hooks such as Client.setup_hook
2026-09-03 19:41:14,707 [INFO] sohbet_etkinligi: 🔧 Sohbet etkinliği modülü yükleniyor...
2026-09-03 19:41:14,707 [INFO] sohbet_etkinligi: 🧪 Test komutları hazır: !chat-test /chat_test
2026-09-03 19:41:14,707 [INFO] sohbet_etkinligi: ⏱️ Timer komutları hazır: !chat-timer /chat_timer
2026-09-03 19:41:14,707 [INFO] bot: ✅ Yüklendi: commands/sohbet_etkinligi.py
2026-09-03 19:41:14,860 [INFO] bot: ✅ Yüklendi: commands/ceviri/nuke_translate.py
2026-09-03 19:41:14,861 [INFO] bot: ✅ Yüklendi: commands/ceviri/translate_all_roles.py
2026-09-03 19:41:14,862 [INFO] bot: ✅ Yüklendi: commands/ceviri/translate_role.py
2026-09-03 19:41:14,863 [INFO] bot: ✅ Yüklendi: commands/hunter_outlaw/give_award.py
2026-09-03 19:41:14,864 [INFO] bot: ✅ Yüklendi: commands/hunter_outlaw/history.py
2026-09-03 19:41:14,864 [INFO] bot: ✅ Yüklendi: commands/hunter_outlaw/hunt_request.py
2026-09-03 19:41:14,865 [INFO] bot: ✅ Yüklendi: commands/hunter_outlaw/leaderboard.py
2026-09-03 19:41:14,865 [INFO] bot: ✅ Yüklendi: commands/hunter_outlaw/proof.py
2026-09-03 19:41:14,866 [INFO] bot: ✅ Yüklendi: commands/hunter_outlaw/reset_points.py
2026-09-03 19:41:14,866 [INFO] bot: ✅ Yüklendi: commands/hunter_outlaw/reset_user_points.py
2026-09-03 19:41:14,867 [INFO] bot: ✅ Yüklendi: commands/hunter_outlaw/set_role_icon.py
2026-09-03 19:41:14,867 [INFO] bot: ✅ Yüklendi: commands/hunter_outlaw/status.py
2026-09-03 19:41:14,867 [INFO] bot: ✅ Yüklendi: commands/genel/help.py
2026-09-03 19:41:14,868 [INFO] bot: ✅ Yüklendi: commands/genel/rules.py
2026-09-03 19:41:15,501 [INFO] bot: ✅ Yüklendi: commands/genel/sohbet.py
2026-09-03 19:41:15,503 [INFO] bot: ✅ Yüklendi: commands/genel/welcome.py
2026-09-03 19:41:15,503 [INFO] bot: ✅ Yüklendi: commands/moderasyon/ban.py
2026-09-03 19:41:15,504 [INFO] bot: ✅ Yüklendi: commands/moderasyon/clearwarnings.py
2026-09-03 19:41:15,504 [INFO] bot: ✅ Yüklendi: commands/moderasyon/filter_listener.py
2026-09-03 19:41:15,505 [INFO] bot: ✅ Yüklendi: commands/moderasyon/kick.py
2026-09-03 19:41:15,505 [INFO] bot: ✅ Yüklendi: commands/moderasyon/lock.py
2026-09-03 19:41:15,505 [INFO] bot: ✅ Yüklendi: commands/moderasyon/mute.py
2026-09-03 19:41:15,506 [INFO] bot: ✅ Yüklendi: commands/moderasyon/purge.py
2026-09-03 19:41:15,506 [INFO] bot: ✅ Yüklendi: commands/moderasyon/unlock.py
2026-09-03 19:41:15,507 [INFO] bot: ✅ Yüklendi: commands/moderasyon/unmute.py
2026-09-03 19:41:15,507 [INFO] bot: ✅ Yüklendi: commands/moderasyon/warn.py
2026-09-03 19:41:15,507 [INFO] bot: ✅ Yüklendi: commands/moderasyon/warnings_list.py
2026-09-03 19:41:15,508 [INFO] bot: ✅ Yüklendi: commands/sabika/criminal_record.py
2026-09-03 19:41:15,509 [INFO] bot: ✅ Yüklendi: commands/wanted/catch_wanted.py
2026-09-03 19:41:15,509 [INFO] bot: ✅ Yüklendi: commands/wanted/crime_listener.py
2026-09-03 19:41:15,510 [INFO] bot: ✅ Yüklendi: commands/wanted/wanted_list.py
2026-09-03 19:41:15,510 [INFO] bot: 📦 Toplam 32 komut dosyası yüklendi, 1 dosya atlandı.
2026-09-03 19:41:15,510 [INFO] discord.client: logging in using static token
2026-09-03 19:41:16,705 [INFO] discord.gateway: Shard ID None has connected to Gateway (Session ID: afbefce08d844ee2e89dcce068d6e175).
2026-09-03 19:41:18,752 [INFO] bot: 🤖 ankatuber's perfect bot giriş yaptı!
2026-09-03 19:41:18,753 [INFO] sohbet_etkinligi: ✅ Chat Event zamanlayıcısı başlatıldı.
2026-09-03 19:41:18,753 [INFO] sohbet_etkinligi: ⏰ Chat Event zamanlayıcısı hazır.
2026-09-03 19:41:19,006 [INFO] bot: 🔄 32 slash komut senkronize edildi!
2026-09-03 19:41:19,413 [INFO] sohbet_etkinligi: ✅ Chat Event gönderildi: What is the best part of this update?
2026-09-03 21:19:41,114 [INFO] discord.gateway: Shard ID None has successfully RESUMED session afbefce08d844ee2e89dcce068d6e175.
2026-09-03 21:41:20,356 [INFO] sohbet_etkinligi: ✅ Chat Event gönderildi: Is Ranked better this season?
2026-09-03 21:47:14,316 [INFO] httpx2: HTTP Request: POST https://integrate.api.nvidia.com/v1/chat/completions "HTTP/1.1 200 OK"
2026-09-03 21:47:53,504 [INFO] httpx2: HTTP Request: POST https://integrate.api.nvidia.com/v1/chat/completions "HTTP/1.1 200 OK"
2026-09-03 22:48:20,369 [INFO] discord.gateway: Shard ID None has successfully RESUMED session afbefce08d844ee2e89dcce068d6e175.
2026-09-03 23:41:21,740 [INFO] sohbet_etkinligi: ✅ Chat Event gönderildi: Which brawler is underrated right now?
2026-09-03 23:45:07,969 [INFO] discord.gateway: Shard ID None has successfully RESUMED session afbefce08d844ee2e89dcce068d6e175.
2026-09-03 23:45:40,093 [INFO] httpx2: HTTP Request: POST https://integrate.api.nvidia.com/v1/chat/completions "HTTP/1.1 200 OK"
2026-09-03 23:46:22,619 [ERROR] bot: ⚠️ Slash komut hatası (<discord.app_commands.commands.Command object at 0x7fe825619a90>): Command 'mute' raised an exception: Forbidden: 403 Forbidden (error code: 50013): Missing Permissions
Traceback (most recent call last):
  File "/home/container/.local/lib/python3.13/site-packages/discord/app_commands/commands.py", line 859, in _do_call
    return await self._callback(interaction, **params)  # type: ignore
           ^^^^^^^^^^^^^^^^^^^^^^^^^^^^^^^^^^^^^^^^^^^
  File "/home/container/commands/moderasyon/mute.py", line 13, in mute
    await member.timeout(duration, reason=reason)
  File "/home/container/.local/lib/python3.13/site-packages/discord/member.py", line 1109, in timeout
    await self.edit(timed_out_until=timed_out_until, reason=reason)
  File "/home/container/.local/lib/python3.13/site-packages/discord/member.py", line 1005, in edit
    data = await http.edit_member(guild_id, self.id, reason=reason, **payload)
           ^^^^^^^^^^^^^^^^^^^^^^^^^^^^^^^^^^^^^^^^^^^^^^^^^^^^^^^^^^^^^^^^^^^
  File "/home/container/.local/lib/python3.13/site-packages/discord/http.py", line 772, in request
    raise Forbidden(response, data)
discord.errors.Forbidden: 403 Forbidden (error code: 50013): Missing Permissions

The above exception was the direct cause of the following exception:

Traceback (most recent call last):
  File "/home/container/.local/lib/python3.13/site-packages/discord/app_commands/tree.py", line 1302, in _call
    await command._invoke_with_namespace(interaction, namespace)
  File "/home/container/.local/lib/python3.13/site-packages/discord/app_commands/commands.py", line 884, in _invoke_with_namespace
    return await self._do_call(interaction, transformed_values)
           ^^^^^^^^^^^^^^^^^^^^^^^^^^^^^^^^^^^^^^^^^^^^^^^^^^^^
  File "/home/container/.local/lib/python3.13/site-packages/discord/app_commands/commands.py", line 877, in _do_call
    raise CommandInvokeError(self, e) from e
discord.app_commands.errors.CommandInvokeError: Command 'mute' raised an exception: Forbidden: 403 Forbidden (error code: 50013): Missing Permissions
2026-09-04 01:09:32,196 [INFO] discord.gateway: Shard ID None has successfully RESUMED session afbefce08d844ee2e89dcce068d6e175.
2026-09-04 01:41:18,757 [ERROR] sohbet_etkinligi: ❌ Kanal bulunamadı. KANAL_ID = 1531398570169860236
2026-09-04 02:27:49,785 [INFO] discord.gateway: Shard ID None has successfully RESUMED session afbefce08d844ee2e89dcce068d6e175.
2026-09-04 02:44:53,785 [INFO] discord.gateway: Shard ID None has successfully RESUMED session afbefce08d844ee2e89dcce068d6e175.
2026-09-04 03:23:13,294 [INFO] discord.gateway: Shard ID None has successfully RESUMED session afbefce08d844ee2e89dcce068d6e175.
2026-09-04 03:41:18,767 [ERROR] sohbet_etkinligi: ❌ Kanal bulunamadı. KANAL_ID = 1531398570169860236
2026-09-04 03:46:07,132 [INFO] discord.gateway: Shard ID None has successfully RESUMED session afbefce08d844ee2e89dcce068d6e175.
2026-09-04 05:41:18,777 [ERROR] sohbet_etkinligi: ❌ Kanal bulunamadı. KANAL_ID = 1531398570169860236
2026-09-04 06:20:01,799 [INFO] discord.gateway: Shard ID None has successfully RESUMED session afbefce08d844ee2e89dcce068d6e175.
2026-09-04 07:41:18,763 [ERROR] sohbet_etkinligi: ❌ Kanal bulunamadı. KANAL_ID = 1531398570169860236
2026-09-04 09:27:06,531 [INFO] discord.gateway: Shard ID None has successfully RESUMED session afbefce08d844ee2e89dcce068d6e175.
2026-09-04 09:41:18,781 [ERROR] sohbet_etkinligi: ❌ Kanal bulunamadı. KANAL_ID = 1531398570169860236
2026-09-04 11:41:18,764 [ERROR] sohbet_etkinligi: ❌ Kanal bulunamadı. KANAL_ID = 1531398570169860236
2026-09-04 11:52:57,745 [INFO] discord.gateway: Shard ID None has successfully RESUMED session afbefce08d844ee2e89dcce068d6e175.
2026-09-04 13:41:06,800 [INFO] bot: Bot normal şekilde durduruldu, yeniden başlatılmıyor.
2026-09-04 13:41:13,568 [WARNING] discord.client: PyNaCl is not installed, voice will NOT be supported
2026-09-04 13:41:13,568 [WARNING] discord.client: davey is not installed, voice will NOT be supported
2026-09-04 13:41:13,569 [ERROR] bot: ❌ Komut dosyası yüklenirken hata, atlanıyor: commands/partners.py
Traceback (most recent call last):
  File "/home/container/main.py", line 132, in load_commands
    module.setup(bot)
    ~~~~~~~~~~~~^^^^^
  File "/home/container/commands/partners.py", line 128, in setup
    bot.loop.create_task(baslat())
    ^^^^^^^^^^^^^^^^^^^^
  File "/home/container/.local/lib/python3.13/site-packages/discord/client.py", line 170, in __getattr__
    raise AttributeError(msg)
AttributeError: loop attribute cannot be accessed in non-async contexts. Consider using either an asynchronous main function and passing it to asyncio.run or using asynchronous initialisation hooks such as Client.setup_hook
2026-09-04 13:41:13,573 [INFO] sohbet_etkinligi: 🔧 Sohbet etkinliği modülü yükleniyor...
2026-09-04 13:41:13,573 [INFO] sohbet_etkinligi: 🧪 Test komutları hazır: !chat-test /chat_test
2026-09-04 13:41:13,573 [INFO] sohbet_etkinligi: ⏱️ Timer komutları hazır: !chat-timer /chat_timer
2026-09-04 13:41:13,573 [INFO] bot: ✅ Yüklendi: commands/sohbet_etkinligi.py
2026-09-04 13:41:13,736 [INFO] bot: ✅ Yüklendi: commands/ceviri/nuke_translate.py
2026-09-04 13:41:13,737 [INFO] bot: ✅ Yüklendi: commands/ceviri/translate_all_roles.py
2026-09-04 13:41:13,737 [INFO] bot: ✅ Yüklendi: commands/ceviri/translate_role.py
2026-09-04 13:41:13,738 [INFO] bot: ✅ Yüklendi: commands/hunter_outlaw/give_award.py
2026-09-04 13:41:13,738 [INFO] bot: ✅ Yüklendi: commands/hunter_outlaw/history.py
2026-09-04 13:41:13,739 [INFO] bot: ✅ Yüklendi: commands/hunter_outlaw/hunt_request.py
2026-09-04 13:41:13,739 [INFO] bot: ✅ Yüklendi: commands/hunter_outlaw/leaderboard.py
2026-09-04 13:41:13,740 [INFO] bot: ✅ Yüklendi: commands/hunter_outlaw/proof.py
2026-09-04 13:41:13,740 [INFO] bot: ✅ Yüklendi: commands/hunter_outlaw/reset_points.py
2026-09-04 13:41:13,740 [INFO] bot: ✅ Yüklendi: commands/hunter_outlaw/reset_user_points.py
2026-09-04 13:41:13,741 [INFO] bot: ✅ Yüklendi: commands/hunter_outlaw/set_role_icon.py
2026-09-04 13:41:13,741 [INFO] bot: ✅ Yüklendi: commands/hunter_outlaw/status.py
2026-09-04 13:41:13,741 [INFO] bot: ✅ Yüklendi: commands/genel/help.py
2026-09-04 13:41:13,741 [INFO] bot: ✅ Yüklendi: commands/genel/rules.py
2026-09-04 13:41:14,424 [INFO] bot: ✅ Yüklendi: commands/genel/sohbet.py
2026-09-04 13:41:14,424 [INFO] bot: ✅ Yüklendi: commands/genel/welcome.py
2026-09-04 13:41:14,425 [INFO] bot: ✅ Yüklendi: commands/moderasyon/ban.py
2026-09-04 13:41:14,425 [INFO] bot: ✅ Yüklendi: commands/moderasyon/clearwarnings.py
2026-09-04 13:41:14,425 [INFO] bot: ✅ Yüklendi: commands/moderasyon/filter_listener.py
2026-09-04 13:41:14,425 [INFO] bot: ✅ Yüklendi: commands/moderasyon/kick.py
2026-09-04 13:41:14,425 [INFO] bot: ✅ Yüklendi: commands/moderasyon/lock.py
2026-09-04 13:41:14,426 [INFO] bot: ✅ Yüklendi: commands/moderasyon/mute.py
2026-09-04 13:41:14,426 [INFO] bot: ✅ Yüklendi: commands/moderasyon/purge.py
2026-09-04 13:41:14,426 [INFO] bot: ✅ Yüklendi: commands/moderasyon/unlock.py
2026-09-04 13:41:14,426 [INFO] bot: ✅ Yüklendi: commands/moderasyon/unmute.py
2026-09-04 13:41:14,427 [INFO] bot: ✅ Yüklendi: commands/moderasyon/warn.py
2026-09-04 13:41:14,427 [INFO] bot: ✅ Yüklendi: commands/moderasyon/warnings_list.py
2026-09-04 13:41:14,427 [INFO] bot: ✅ Yüklendi: commands/sabika/criminal_record.py
2026-09-04 13:41:14,428 [INFO] bot: ✅ Yüklendi: commands/wanted/catch_wanted.py
2026-09-04 13:41:14,428 [INFO] bot: ✅ Yüklendi: commands/wanted/crime_listener.py
2026-09-04 13:41:14,428 [INFO] bot: ✅ Yüklendi: commands/wanted/wanted_list.py
2026-09-04 13:41:14,428 [INFO] bot: 📦 Toplam 32 komut dosyası yüklendi, 1 dosya atlandı.
2026-09-04 13:41:14,429 [INFO] discord.client: logging in using static token
2026-09-04 13:41:15,664 [INFO] discord.gateway: Shard ID None has connected to Gateway (Session ID: 7be7c469df58b6a6608ec013095f13b2).
2026-09-04 13:41:17,700 [INFO] bot: 🤖 ankatuber's perfect bot giriş yaptı!
2026-09-04 13:41:17,701 [INFO] sohbet_etkinligi: ✅ Chat Event zamanlayıcısı başlatıldı.
2026-09-04 13:41:17,701 [INFO] sohbet_etkinligi: ⏰ Chat Event zamanlayıcısı hazır.
2026-09-04 13:41:18,036 [INFO] bot: 🔄 32 slash komut senkronize edildi!
2026-09-04 13:41:18,320 [INFO] sohbet_etkinligi: ✅ Chat Event gönderildi: Which brawler feels strongest this season?
2026-09-04 14:00:47,559 [INFO] sohbet_etkinligi: 🛑 !chat-stop kullanıldı: ankatuber02 (1196858410302455901)
2026-09-04 14:00:48,041 [INFO] sohbet_etkinligi: 🛑 Chat Event zamanlayıcısı durduruldu.
2026-09-04 14:01:23,102 [INFO] sohbet_etkinligi: ⏱️ !chat-timer kullanıldı: ankatuber02 (1196858410302455901)
2026-09-04 14:01:26,981 [INFO] httpx2: HTTP Request: POST https://integrate.api.nvidia.com/v1/chat/completions "HTTP/1.1 200 OK"
2026-09-04 14:03:15,718 [INFO] httpx2: HTTP Request: POST https://integrate.api.nvidia.com/v1/chat/completions "HTTP/1.1 200 OK"
2026-09-04 14:04:46,329 [INFO] httpx2: HTTP Request: POST https://integrate.api.nvidia.com/v1/chat/completions "HTTP/1.1 200 OK"
2026-09-04 14:09:45,550 [INFO] bot: Bot normal şekilde durduruldu, yeniden başlatılmıyor.
2026-09-04 14:09:50,838 [WARNING] discord.client: PyNaCl is not installed, voice will NOT be supported
2026-09-04 14:09:50,838 [WARNING] discord.client: davey is not installed, voice will NOT be supported
2026-09-04 14:09:50,839 [ERROR] bot: ❌ Komut dosyası yüklenirken hata, atlanıyor: commands/partners.py
Traceback (most recent call last):
  File "/home/container/main.py", line 132, in load_commands
    module.setup(bot)
    ~~~~~~~~~~~~^^^^^
  File "/home/container/commands/partners.py", line 128, in setup
    bot.loop.create_task(baslat())
    ^^^^^^^^^^^^^^^^^^^^
  File "/home/container/.local/lib/python3.13/site-packages/discord/client.py", line 170, in __getattr__
    raise AttributeError(msg)
AttributeError: loop attribute cannot be accessed in non-async contexts. Consider using either an asynchronous main function and passing it to asyncio.run or using asynchronous initialisation hooks such as Client.setup_hook
2026-09-04 14:09:50,844 [INFO] sohbet_etkinligi: 🔧 Sohbet etkinliği modülü yükleniyor...
2026-09-04 14:09:50,844 [INFO] sohbet_etkinligi: 🧪 Test komutları hazır: !chat-test /chat_test
2026-09-04 14:09:50,844 [INFO] sohbet_etkinligi: ⏱️ Timer komutları hazır: !chat-timer /chat_timer
2026-09-04 14:09:50,844 [INFO] bot: ✅ Yüklendi: commands/sohbet_etkinligi.py
2026-09-04 14:09:50,961 [INFO] bot: ✅ Yüklendi: commands/ceviri/nuke_translate.py
2026-09-04 14:09:50,962 [INFO] bot: ✅ Yüklendi: commands/ceviri/translate_all_roles.py
2026-09-04 14:09:50,963 [INFO] bot: ✅ Yüklendi: commands/ceviri/translate_role.py
2026-09-04 14:09:50,965 [INFO] bot: ✅ Yüklendi: commands/hunter_outlaw/give_award.py
2026-09-04 14:09:50,965 [INFO] bot: ✅ Yüklendi: commands/hunter_outlaw/history.py
2026-09-04 14:09:50,966 [INFO] bot: ✅ Yüklendi: commands/hunter_outlaw/hunt_request.py
2026-09-04 14:09:50,966 [INFO] bot: ✅ Yüklendi: commands/hunter_outlaw/leaderboard.py
2026-09-04 14:09:50,966 [INFO] bot: ✅ Yüklendi: commands/hunter_outlaw/proof.py
2026-09-04 14:09:50,967 [INFO] bot: ✅ Yüklendi: commands/hunter_outlaw/reset_points.py
2026-09-04 14:09:50,967 [INFO] bot: ✅ Yüklendi: commands/hunter_outlaw/reset_user_points.py
2026-09-04 14:09:50,968 [INFO] bot: ✅ Yüklendi: commands/hunter_outlaw/set_role_icon.py
2026-09-04 14:09:50,968 [INFO] bot: ✅ Yüklendi: commands/hunter_outlaw/status.py
2026-09-04 14:09:50,969 [INFO] bot: ✅ Yüklendi: commands/genel/help.py
2026-09-04 14:09:50,969 [INFO] bot: ✅ Yüklendi: commands/genel/rules.py
2026-09-04 14:09:51,622 [INFO] bot: ✅ Yüklendi: commands/genel/sohbet.py
2026-09-04 14:09:51,623 [INFO] bot: ✅ Yüklendi: commands/genel/welcome.py
2026-09-04 14:09:51,624 [INFO] bot: ✅ Yüklendi: commands/moderasyon/ban.py
2026-09-04 14:09:51,625 [INFO] bot: ✅ Yüklendi: commands/moderasyon/clearwarnings.py
2026-09-04 14:09:51,625 [INFO] bot: ✅ Yüklendi: commands/moderasyon/filter_listener.py
2026-09-04 14:09:51,625 [INFO] bot: ✅ Yüklendi: commands/moderasyon/kick.py
2026-09-04 14:09:51,626 [INFO] bot: ✅ Yüklendi: commands/moderasyon/lock.py
2026-09-04 14:09:51,626 [INFO] bot: ✅ Yüklendi: commands/moderasyon/mute.py
2026-09-04 14:09:51,627 [INFO] bot: ✅ Yüklendi: commands/moderasyon/purge.py
2026-09-04 14:09:51,627 [INFO] bot: ✅ Yüklendi: commands/moderasyon/unlock.py
2026-09-04 14:09:51,627 [INFO] bot: ✅ Yüklendi: commands/moderasyon/unmute.py
2026-09-04 14:09:51,628 [INFO] bot: ✅ Yüklendi: commands/moderasyon/warn.py
2026-09-04 14:09:51,628 [INFO] bot: ✅ Yüklendi: commands/moderasyon/warnings_list.py
2026-09-04 14:09:51,628 [INFO] bot: ✅ Yüklendi: commands/sabika/criminal_record.py
2026-09-04 14:09:51,630 [INFO] bot: ✅ Yüklendi: commands/wanted/catch_wanted.py
2026-09-04 14:09:51,630 [INFO] bot: ✅ Yüklendi: commands/wanted/crime_listener.py
2026-09-04 14:09:51,631 [INFO] bot: ✅ Yüklendi: commands/wanted/wanted_list.py
2026-09-04 14:09:51,631 [INFO] bot: 📦 Toplam 32 komut dosyası yüklendi, 1 dosya atlandı.
2026-09-04 14:09:51,631 [INFO] discord.client: logging in using static token
2026-09-04 14:09:52,880 [INFO] discord.gateway: Shard ID None has connected to Gateway (Session ID: 82ca1db5b575066244f3b8189f4fb3bd).
2026-09-04 14:09:54,905 [INFO] bot: 🤖 ankatuber's perfect bot giriş yaptı!
2026-09-04 14:09:54,906 [INFO] sohbet_etkinligi: ✅ Chat Event zamanlayıcısı başlatıldı.
2026-09-04 14:09:54,906 [INFO] sohbet_etkinligi: ⏰ Chat Event zamanlayıcısı hazır.
2026-09-04 14:09:55,731 [INFO] bot: 🔄 32 slash komut senkronize edildi!
2026-09-04 14:09:55,957 [INFO] sohbet_etkinligi: ✅ Chat Event gönderildi: What would you remove from Brawl Stars?
2026-09-04 14:10:40,237 [INFO] sohbet_etkinligi: 🛑 !chat-stop kullanıldı: ankatuber02 (1196858410302455901)
2026-09-04 14:10:40,671 [INFO] sohbet_etkinligi: 🛑 Chat Event zamanlayıcısı durduruldu.
2026-09-04 14:10:49,547 [INFO] sohbet_etkinligi: ▶️ !chat-start kullanıldı: ankatuber02 (1196858410302455901)
2026-09-04 14:10:49,547 [INFO] sohbet_etkinligi: ⏰ Chat Event zamanlayıcısı hazır.
2026-09-04 14:10:49,882 [INFO] sohbet_etkinligi: ▶️ Chat Event zamanlayıcısı !chat-start ile başlatıldı.
2026-09-04 14:10:49,885 [INFO] sohbet_etkinligi: ✅ Chat Event gönderildi: Which brawler deserves a nerf?
2026-09-04 16:10:50,211 [INFO] sohbet_etkinligi: ✅ Chat Event gönderildi: Which brawler is overrated right now?
2026-09-04 17:11:51,075 [INFO] discord.gateway: Shard ID None has successfully RESUMED session 82ca1db5b575066244f3b8189f4fb3bd.
2026-09-04 17:53:37,443 [INFO] bot: Bot normal şekilde durduruldu, yeniden başlatılmıyor.
2026-09-04 17:53:42,183 [WARNING] discord.client: PyNaCl is not installed, voice will NOT be supported
2026-09-04 17:53:42,183 [WARNING] discord.client: davey is not installed, voice will NOT be supported
2026-09-04 17:53:42,184 [ERROR] bot: ❌ Komut dosyası yüklenirken hata, atlanıyor: commands/partners.py
Traceback (most recent call last):
  File "/home/container/main.py", line 132, in load_commands
    module.setup(bot)
    ~~~~~~~~~~~~^^^^^
  File "/home/container/commands/partners.py", line 128, in setup
    bot.loop.create_task(baslat())
    ^^^^^^^^^^^^^^^^^^^^
  File "/home/container/.local/lib/python3.13/site-packages/discord/client.py", line 170, in __getattr__
    raise AttributeError(msg)
AttributeError: loop attribute cannot be accessed in non-async contexts. Consider using either an asynchronous main function and passing it to asyncio.run or using asynchronous initialisation hooks such as Client.setup_hook
2026-09-04 17:53:42,295 [INFO] bot: ✅ Yüklendi: commands/ceviri/nuke_translate.py
2026-09-04 17:53:42,296 [INFO] bot: ✅ Yüklendi: commands/ceviri/translate_all_roles.py
2026-09-04 17:53:42,296 [INFO] bot: ✅ Yüklendi: commands/ceviri/translate_role.py
2026-09-04 17:53:42,297 [INFO] bot: ✅ Yüklendi: commands/hunter_outlaw/give_award.py
2026-09-04 17:53:42,297 [INFO] bot: ✅ Yüklendi: commands/hunter_outlaw/history.py
2026-09-04 17:53:42,297 [INFO] bot: ✅ Yüklendi: commands/hunter_outlaw/hunt_request.py
2026-09-04 17:53:42,297 [INFO] bot: ✅ Yüklendi: commands/hunter_outlaw/leaderboard.py
2026-09-04 17:53:42,298 [INFO] bot: ✅ Yüklendi: commands/hunter_outlaw/proof.py
2026-09-04 17:53:42,298 [INFO] bot: ✅ Yüklendi: commands/hunter_outlaw/reset_points.py
2026-09-04 17:53:42,298 [INFO] bot: ✅ Yüklendi: commands/hunter_outlaw/reset_user_points.py
2026-09-04 17:53:42,298 [INFO] bot: ✅ Yüklendi: commands/hunter_outlaw/set_role_icon.py
2026-09-04 17:53:42,299 [INFO] bot: ✅ Yüklendi: commands/hunter_outlaw/status.py
2026-09-04 17:53:42,299 [INFO] bot: ✅ Yüklendi: commands/genel/help.py
2026-09-04 17:53:42,299 [INFO] bot: ✅ Yüklendi: commands/genel/rules.py
2026-09-04 17:53:42,927 [INFO] bot: ✅ Yüklendi: commands/genel/sohbet.py
2026-09-04 17:53:42,927 [INFO] bot: ✅ Yüklendi: commands/genel/welcome.py
2026-09-04 17:53:42,928 [INFO] bot: ✅ Yüklendi: commands/moderasyon/ban.py
2026-09-04 17:53:42,928 [INFO] bot: ✅ Yüklendi: commands/moderasyon/clearwarnings.py
2026-09-04 17:53:42,928 [INFO] bot: ✅ Yüklendi: commands/moderasyon/filter_listener.py
2026-09-04 17:53:42,929 [INFO] bot: ✅ Yüklendi: commands/moderasyon/kick.py
2026-09-04 17:53:42,929 [INFO] bot: ✅ Yüklendi: commands/moderasyon/lock.py
2026-09-04 17:53:42,929 [INFO] bot: ✅ Yüklendi: commands/moderasyon/mute.py
2026-09-04 17:53:42,929 [INFO] bot: ✅ Yüklendi: commands/moderasyon/purge.py
2026-09-04 17:53:42,929 [INFO] bot: ✅ Yüklendi: commands/moderasyon/unlock.py
2026-09-04 17:53:42,930 [INFO] bot: ✅ Yüklendi: commands/moderasyon/unmute.py
2026-09-04 17:53:42,930 [INFO] bot: ✅ Yüklendi: commands/moderasyon/warn.py
2026-09-04 17:53:42,930 [INFO] bot: ✅ Yüklendi: commands/moderasyon/warnings_list.py
2026-09-04 17:53:42,930 [INFO] bot: ✅ Yüklendi: commands/sabika/criminal_record.py
2026-09-04 17:53:42,931 [WARNING] bot: ⚠️ 'setup' fonksiyonu bulunamadı, atlandı: commands/economy/ __init__.py
2026-09-04 17:53:42,935 [INFO] bot: ✅ Yüklendi: commands/economy/economy.py
2026-09-04 17:53:42,935 [ERROR] bot: ❌ Komut dosyası yüklenirken hata, atlanıyor: commands/wanted/catch_wanted.py
Traceback (most recent call last):
  File "/home/container/main.py", line 129, in load_commands
    spec.loader.exec_module(module)
    ~~~~~~~~~~~~~~~~~~~~~~~^^^^^^^^
  File "<frozen importlib._bootstrap_external>", line 1023, in exec_module
  File "<frozen importlib._bootstrap>", line 488, in _call_with_frames_removed
  File "/home/container/commands/wanted/catch_wanted.py", line 5, in <module>
    from utils.unbelievaboat import add_cash
ModuleNotFoundError: No module named 'utils.unbelievaboat'
2026-09-04 17:53:42,936 [INFO] bot: ✅ Yüklendi: commands/wanted/crime_listener.py
2026-09-04 17:53:42,936 [INFO] bot: ✅ Yüklendi: commands/wanted/wanted_list.py
2026-09-04 17:53:42,936 [INFO] bot: 📦 Toplam 31 komut dosyası yüklendi, 2 dosya atlandı.
2026-09-04 17:53:42,936 [INFO] discord.client: logging in using static token
2026-09-04 17:53:43,997 [INFO] discord.gateway: Shard ID None has connected to Gateway (Session ID: 2a18f4f41eb48aa2ff32864831961253).
2026-09-04 17:53:46,042 [INFO] bot: 🤖 ankatuber's perfect bot giriş yaptı!
2026-09-04 17:53:46,402 [INFO] bot: 🔄 28 slash komut senkronize edildi!
2026-09-04 17:55:34,530 [INFO] bot: Bot normal şekilde durduruldu, yeniden başlatılmıyor.
2026-09-04 17:55:38,969 [WARNING] discord.client: PyNaCl is not installed, voice will NOT be supported
2026-09-04 17:55:38,969 [WARNING] discord.client: davey is not installed, voice will NOT be supported
2026-09-04 17:55:38,970 [ERROR] bot: ❌ Komut dosyası yüklenirken hata, atlanıyor: commands/partners.py
Traceback (most recent call last):
  File "/home/container/main.py", line 132, in load_commands
    module.setup(bot)
    ~~~~~~~~~~~~^^^^^
  File "/home/container/commands/partners.py", line 128, in setup
    bot.loop.create_task(baslat())
    ^^^^^^^^^^^^^^^^^^^^
  File "/home/container/.local/lib/python3.13/site-packages/discord/client.py", line 170, in __getattr__
    raise AttributeError(msg)
AttributeError: loop attribute cannot be accessed in non-async contexts. Consider using either an asynchronous main function and passing it to asyncio.run or using asynchronous initialisation hooks such as Client.setup_hook
2026-09-04 17:55:39,085 [INFO] bot: ✅ Yüklendi: commands/ceviri/nuke_translate.py
2026-09-04 17:55:39,085 [INFO] bot: ✅ Yüklendi: commands/ceviri/translate_all_roles.py
2026-09-04 17:55:39,086 [INFO] bot: ✅ Yüklendi: commands/ceviri/translate_role.py
2026-09-04 17:55:39,086 [INFO] bot: ✅ Yüklendi: commands/hunter_outlaw/give_award.py
2026-09-04 17:55:39,087 [INFO] bot: ✅ Yüklendi: commands/hunter_outlaw/history.py
2026-09-04 17:55:39,087 [INFO] bot: ✅ Yüklendi: commands/hunter_outlaw/hunt_request.py
2026-09-04 17:55:39,087 [INFO] bot: ✅ Yüklendi: commands/hunter_outlaw/leaderboard.py
2026-09-04 17:55:39,088 [INFO] bot: ✅ Yüklendi: commands/hunter_outlaw/proof.py
2026-09-04 17:55:39,088 [INFO] bot: ✅ Yüklendi: commands/hunter_outlaw/reset_points.py
2026-09-04 17:55:39,088 [INFO] bot: ✅ Yüklendi: commands/hunter_outlaw/reset_user_points.py
2026-09-04 17:55:39,089 [INFO] bot: ✅ Yüklendi: commands/hunter_outlaw/set_role_icon.py
2026-09-04 17:55:39,089 [INFO] bot: ✅ Yüklendi: commands/hunter_outlaw/status.py
2026-09-04 17:55:39,089 [INFO] bot: ✅ Yüklendi: commands/genel/help.py
2026-09-04 17:55:39,089 [INFO] bot: ✅ Yüklendi: commands/genel/rules.py
2026-09-04 17:55:39,687 [INFO] bot: ✅ Yüklendi: commands/genel/sohbet.py
2026-09-04 17:55:39,687 [INFO] bot: ✅ Yüklendi: commands/genel/welcome.py
2026-09-04 17:55:39,688 [INFO] bot: ✅ Yüklendi: commands/moderasyon/ban.py
2026-09-04 17:55:39,688 [INFO] bot: ✅ Yüklendi: commands/moderasyon/clearwarnings.py
2026-09-04 17:55:39,688 [INFO] bot: ✅ Yüklendi: commands/moderasyon/filter_listener.py
2026-09-04 17:55:39,688 [INFO] bot: ✅ Yüklendi: commands/moderasyon/kick.py
2026-09-04 17:55:39,689 [INFO] bot: ✅ Yüklendi: commands/moderasyon/lock.py
2026-09-04 17:55:39,689 [INFO] bot: ✅ Yüklendi: commands/moderasyon/mute.py
2026-09-04 17:55:39,689 [INFO] bot: ✅ Yüklendi: commands/moderasyon/purge.py
2026-09-04 17:55:39,689 [INFO] bot: ✅ Yüklendi: commands/moderasyon/unlock.py
2026-09-04 17:55:39,689 [INFO] bot: ✅ Yüklendi: commands/moderasyon/unmute.py
2026-09-04 17:55:39,690 [INFO] bot: ✅ Yüklendi: commands/moderasyon/warn.py
2026-09-04 17:55:39,690 [INFO] bot: ✅ Yüklendi: commands/moderasyon/warnings_list.py
2026-09-04 17:55:39,690 [INFO] bot: ✅ Yüklendi: commands/sabika/criminal_record.py
2026-09-04 17:55:39,690 [WARNING] bot: ⚠️ 'setup' fonksiyonu bulunamadı, atlandı: commands/economy/ __init__.py
2026-09-04 17:55:39,691 [INFO] bot: ✅ Yüklendi: commands/economy/economy.py
2026-09-04 17:55:39,691 [ERROR] bot: ❌ Komut dosyası yüklenirken hata, atlanıyor: commands/wanted/catch_wanted.py
Traceback (most recent call last):
  File "/home/container/main.py", line 129, in load_commands
    spec.loader.exec_module(module)
    ~~~~~~~~~~~~~~~~~~~~~~~^^^^^^^^
  File "<frozen importlib._bootstrap_external>", line 1023, in exec_module
  File "<frozen importlib._bootstrap>", line 488, in _call_with_frames_removed
  File "/home/container/commands/wanted/catch_wanted.py", line 5, in <module>
    from utils.unbelievaboat import add_cash
ModuleNotFoundError: No module named 'utils.unbelievaboat'
2026-09-04 17:55:39,692 [INFO] bot: ✅ Yüklendi: commands/wanted/crime_listener.py
2026-09-04 17:55:39,692 [INFO] bot: ✅ Yüklendi: commands/wanted/wanted_list.py
2026-09-04 17:55:39,692 [INFO] bot: 📦 Toplam 31 komut dosyası yüklendi, 2 dosya atlandı.
2026-09-04 17:55:39,693 [INFO] discord.client: logging in using static token
2026-09-04 17:55:40,740 [INFO] discord.gateway: Shard ID None has connected to Gateway (Session ID: 6097887bb68c52bb69e4cc4dda3a71a1).
2026-09-04 17:55:42,808 [INFO] bot: 🤖 ankatuber's perfect bot giriş yaptı!
2026-09-04 17:55:43,069 [INFO] bot: 🔄 28 slash komut senkronize edildi!
2026-09-04 17:58:07,939 [INFO] bot: Bot normal şekilde durduruldu, yeniden başlatılmıyor.
2026-09-04 17:58:12,327 [WARNING] discord.client: PyNaCl is not installed, voice will NOT be supported
2026-09-04 17:58:12,327 [WARNING] discord.client: davey is not installed, voice will NOT be supported
2026-09-04 17:58:12,328 [ERROR] bot: ❌ Komut dosyası yüklenirken hata, atlanıyor: commands/partners.py
Traceback (most recent call last):
  File "/home/container/main.py", line 132, in load_commands
    module.setup(bot)
    ~~~~~~~~~~~~^^^^^
  File "/home/container/commands/partners.py", line 128, in setup
    bot.loop.create_task(baslat())
    ^^^^^^^^^^^^^^^^^^^^
  File "/home/container/.local/lib/python3.13/site-packages/discord/client.py", line 170, in __getattr__
    raise AttributeError(msg)
AttributeError: loop attribute cannot be accessed in non-async contexts. Consider using either an asynchronous main function and passing it to asyncio.run or using asynchronous initialisation hooks such as Client.setup_hook
2026-09-04 17:58:12,444 [INFO] bot: ✅ Yüklendi: commands/ceviri/nuke_translate.py
2026-09-04 17:58:12,444 [INFO] bot: ✅ Yüklendi: commands/ceviri/translate_all_roles.py
2026-09-04 17:58:12,445 [INFO] bot: ✅ Yüklendi: commands/ceviri/translate_role.py
2026-09-04 17:58:12,445 [INFO] bot: ✅ Yüklendi: commands/hunter_outlaw/give_award.py
2026-09-04 17:58:12,445 [INFO] bot: ✅ Yüklendi: commands/hunter_outlaw/history.py
2026-09-04 17:58:12,446 [INFO] bot: ✅ Yüklendi: commands/hunter_outlaw/hunt_request.py
2026-09-04 17:58:12,446 [INFO] bot: ✅ Yüklendi: commands/hunter_outlaw/leaderboard.py
2026-09-04 17:58:12,446 [INFO] bot: ✅ Yüklendi: commands/hunter_outlaw/proof.py
2026-09-04 17:58:12,446 [INFO] bot: ✅ Yüklendi: commands/hunter_outlaw/reset_points.py
2026-09-04 17:58:12,447 [INFO] bot: ✅ Yüklendi: commands/hunter_outlaw/reset_user_points.py
2026-09-04 17:58:12,447 [INFO] bot: ✅ Yüklendi: commands/hunter_outlaw/set_role_icon.py
2026-09-04 17:58:12,447 [INFO] bot: ✅ Yüklendi: commands/hunter_outlaw/status.py
2026-09-04 17:58:12,447 [INFO] bot: ✅ Yüklendi: commands/genel/help.py
2026-09-04 17:58:12,447 [INFO] bot: ✅ Yüklendi: commands/genel/rules.py
2026-09-04 17:58:13,058 [INFO] bot: ✅ Yüklendi: commands/genel/sohbet.py
2026-09-04 17:58:13,058 [INFO] bot: ✅ Yüklendi: commands/genel/welcome.py
2026-09-04 17:58:13,059 [INFO] bot: ✅ Yüklendi: commands/moderasyon/ban.py
2026-09-04 17:58:13,059 [INFO] bot: ✅ Yüklendi: commands/moderasyon/clearwarnings.py
2026-09-04 17:58:13,059 [INFO] bot: ✅ Yüklendi: commands/moderasyon/filter_listener.py
2026-09-04 17:58:13,059 [INFO] bot: ✅ Yüklendi: commands/moderasyon/kick.py
2026-09-04 17:58:13,060 [INFO] bot: ✅ Yüklendi: commands/moderasyon/lock.py
2026-09-04 17:58:13,060 [INFO] bot: ✅ Yüklendi: commands/moderasyon/mute.py
2026-09-04 17:58:13,060 [INFO] bot: ✅ Yüklendi: commands/moderasyon/purge.py
2026-09-04 17:58:13,060 [INFO] bot: ✅ Yüklendi: commands/moderasyon/unlock.py
2026-09-04 17:58:13,060 [INFO] bot: ✅ Yüklendi: commands/moderasyon/unmute.py
2026-09-04 17:58:13,061 [INFO] bot: ✅ Yüklendi: commands/moderasyon/warn.py
2026-09-04 17:58:13,061 [INFO] bot: ✅ Yüklendi: commands/moderasyon/warnings_list.py
2026-09-04 17:58:13,061 [INFO] bot: ✅ Yüklendi: commands/sabika/criminal_record.py
2026-09-04 17:58:13,061 [WARNING] bot: ⚠️ 'setup' fonksiyonu bulunamadı, atlandı: commands/economy/ __init__.py
2026-09-04 17:58:13,062 [INFO] bot: ✅ Yüklendi: commands/economy/economy.py
2026-09-04 17:58:13,062 [ERROR] bot: ❌ Komut dosyası yüklenirken hata, atlanıyor: commands/wanted/catch_wanted.py
Traceback (most recent call last):
  File "/home/container/main.py", line 129, in load_commands
    spec.loader.exec_module(module)
    ~~~~~~~~~~~~~~~~~~~~~~~^^^^^^^^
  File "<frozen importlib._bootstrap_external>", line 1023, in exec_module
  File "<frozen importlib._bootstrap>", line 488, in _call_with_frames_removed
  File "/home/container/commands/wanted/catch_wanted.py", line 5, in <module>
    from utils.unbelievaboat import add_cash
ModuleNotFoundError: No module named 'utils.unbelievaboat'
2026-09-04 17:58:13,063 [INFO] bot: ✅ Yüklendi: commands/wanted/crime_listener.py
2026-09-04 17:58:13,063 [INFO] bot: ✅ Yüklendi: commands/wanted/wanted_list.py
2026-09-04 17:58:13,063 [INFO] bot: 📦 Toplam 31 komut dosyası yüklendi, 2 dosya atlandı.
2026-09-04 17:58:13,064 [INFO] discord.client: logging in using static token
2026-09-04 17:58:16,845 [INFO] discord.gateway: Shard ID None has connected to Gateway (Session ID: 339d195726c1e9f4fd51a9bb1df2906f).
2026-09-04 17:58:18,913 [INFO] bot: 🤖 ankatuber's perfect bot giriş yaptı!
2026-09-04 17:58:19,211 [INFO] bot: 🔄 28 slash komut senkronize edildi!
2026-09-04 17:59:01,396 [INFO] httpx2: HTTP Request: POST https://integrate.api.nvidia.com/v1/chat/completions "HTTP/1.1 200 OK"
2026-09-04 17:59:01,626 [ERROR] bot: ⚠️ message handler hatası (commands.genel.sohbet)
Traceback (most recent call last):
  File "/home/container/main.py", line 62, in on_message
    await handler(message)
  File "/home/container/commands/genel/sohbet.py", line 140, in ai_prefix_handler
    await message.reply(chunks[0], mention_author=False)
  File "/home/container/.local/lib/python3.13/site-packages/discord/message.py", line 1875, in reply
    return await self.channel.send(content, reference=self, **kwargs)
           ^^^^^^^^^^^^^^^^^^^^^^^^^^^^^^^^^^^^^^^^^^^^^^^^^^^^^^^^^^
  File "/home/container/.local/lib/python3.13/site-packages/discord/abc.py", line 1706, in send
    data = await state.http.send_message(channel.id, params=params)
           ^^^^^^^^^^^^^^^^^^^^^^^^^^^^^^^^^^^^^^^^^^^^^^^^^^^^^^^^
  File "/home/container/.local/lib/python3.13/site-packages/discord/http.py", line 778, in request
    raise HTTPException(response, data)
discord.errors.HTTPException: 400 Bad Request (error code: 50035): Invalid Form Body
In message_reference: Unknown message
2026-09-04 18:06:01,013 [INFO] bot: Bot normal şekilde durduruldu, yeniden başlatılmıyor.
2026-09-04 18:06:06,770 [WARNING] discord.client: PyNaCl is not installed, voice will NOT be supported
2026-09-04 18:06:06,771 [WARNING] discord.client: davey is not installed, voice will NOT be supported
2026-09-04 18:06:06,772 [ERROR] bot: ❌ Komut dosyası yüklenirken hata, atlanıyor: commands/partners.py
Traceback (most recent call last):
  File "/home/container/main.py", line 132, in load_commands
    module.setup(bot)
    ~~~~~~~~~~~~^^^^^
  File "/home/container/commands/partners.py", line 128, in setup
    bot.loop.create_task(baslat())
    ^^^^^^^^^^^^^^^^^^^^
  File "/home/container/.local/lib/python3.13/site-packages/discord/client.py", line 170, in __getattr__
    raise AttributeError(msg)
AttributeError: loop attribute cannot be accessed in non-async contexts. Consider using either an asynchronous main function and passing it to asyncio.run or using asynchronous initialisation hooks such as Client.setup_hook
2026-09-04 18:06:06,902 [INFO] bot: ✅ Yüklendi: commands/ceviri/nuke_translate.py
2026-09-04 18:06:06,903 [INFO] bot: ✅ Yüklendi: commands/ceviri/translate_all_roles.py
2026-09-04 18:06:06,904 [INFO] bot: ✅ Yüklendi: commands/ceviri/translate_role.py
2026-09-04 18:06:06,905 [INFO] bot: ✅ Yüklendi: commands/hunter_outlaw/give_award.py
2026-09-04 18:06:06,905 [INFO] bot: ✅ Yüklendi: commands/hunter_outlaw/history.py
2026-09-04 18:06:06,906 [INFO] bot: ✅ Yüklendi: commands/hunter_outlaw/hunt_request.py
2026-09-04 18:06:06,906 [INFO] bot: ✅ Yüklendi: commands/hunter_outlaw/leaderboard.py
2026-09-04 18:06:06,907 [INFO] bot: ✅ Yüklendi: commands/hunter_outlaw/proof.py
2026-09-04 18:06:06,907 [INFO] bot: ✅ Yüklendi: commands/hunter_outlaw/reset_points.py
2026-09-04 18:06:06,907 [INFO] bot: ✅ Yüklendi: commands/hunter_outlaw/reset_user_points.py
2026-09-04 18:06:06,908 [INFO] bot: ✅ Yüklendi: commands/hunter_outlaw/set_role_icon.py
2026-09-04 18:06:06,908 [INFO] bot: ✅ Yüklendi: commands/hunter_outlaw/status.py
2026-09-04 18:06:06,909 [INFO] bot: ✅ Yüklendi: commands/genel/help.py
2026-09-04 18:06:06,909 [INFO] bot: ✅ Yüklendi: commands/genel/rules.py
2026-09-04 18:06:07,622 [INFO] bot: ✅ Yüklendi: commands/genel/sohbet.py
2026-09-04 18:06:07,622 [INFO] bot: ✅ Yüklendi: commands/genel/welcome.py
2026-09-04 18:06:07,623 [INFO] bot: ✅ Yüklendi: commands/moderasyon/ban.py
2026-09-04 18:06:07,628 [INFO] bot: ✅ Yüklendi: commands/moderasyon/clearwarnings.py
2026-09-04 18:06:07,630 [INFO] bot: ✅ Yüklendi: commands/moderasyon/filter_listener.py
2026-09-04 18:06:07,644 [INFO] bot: ✅ Yüklendi: commands/moderasyon/kick.py
2026-09-04 18:06:07,712 [INFO] bot: ✅ Yüklendi: commands/moderasyon/lock.py
2026-09-04 18:06:07,714 [INFO] bot: ✅ Yüklendi: commands/moderasyon/mute.py
2026-09-04 18:06:07,719 [INFO] bot: ✅ Yüklendi: commands/moderasyon/purge.py
2026-09-04 18:06:07,720 [INFO] bot: ✅ Yüklendi: commands/moderasyon/unlock.py
2026-09-04 18:06:07,721 [INFO] bot: ✅ Yüklendi: commands/moderasyon/unmute.py
2026-09-04 18:06:07,726 [INFO] bot: ✅ Yüklendi: commands/moderasyon/warn.py
2026-09-04 18:06:07,727 [INFO] bot: ✅ Yüklendi: commands/moderasyon/warnings_list.py
2026-09-04 18:06:07,728 [INFO] bot: ✅ Yüklendi: commands/sabika/criminal_record.py
2026-09-04 18:06:07,728 [WARNING] bot: ⚠️ 'setup' fonksiyonu bulunamadı, atlandı: commands/economy/ __init__.py
2026-09-04 18:06:07,740 [INFO] bot: ✅ Yüklendi: commands/economy/economy.py
2026-09-04 18:06:07,741 [ERROR] bot: ❌ Komut dosyası yüklenirken hata, atlanıyor: commands/wanted/catch_wanted.py
Traceback (most recent call last):
  File "/home/container/main.py", line 129, in load_commands
    spec.loader.exec_module(module)
    ~~~~~~~~~~~~~~~~~~~~~~~^^^^^^^^
  File "<frozen importlib._bootstrap_external>", line 1023, in exec_module
  File "<frozen importlib._bootstrap>", line 488, in _call_with_frames_removed
  File "/home/container/commands/wanted/catch_wanted.py", line 5, in <module>
    from utils.unbelievaboat import add_cash
ModuleNotFoundError: No module named 'utils.unbelievaboat'
2026-09-04 18:06:07,743 [INFO] bot: ✅ Yüklendi: commands/wanted/crime_listener.py
2026-09-04 18:06:07,743 [INFO] bot: ✅ Yüklendi: commands/wanted/wanted_list.py
2026-09-04 18:06:07,744 [INFO] bot: 📦 Toplam 31 komut dosyası yüklendi, 2 dosya atlandı.
2026-09-04 18:06:07,744 [INFO] discord.client: logging in using static token
2026-09-04 18:06:09,122 [INFO] discord.gateway: Shard ID None has connected to Gateway (Session ID: 5209cb1a759211c7ca04a2a725fc44ce).
2026-09-04 18:06:11,181 [INFO] bot: 🤖 ankatuber's perfect bot giriş yaptı!
2026-09-04 18:06:11,540 [INFO] bot: 🔄 28 slash komut senkronize edildi!
2026-09-04 18:10:42,719 [INFO] bot: Bot normal şekilde durduruldu, yeniden başlatılmıyor.
2026-09-04 18:10:47,495 [WARNING] discord.client: PyNaCl is not installed, voice will NOT be supported
2026-09-04 18:10:47,495 [WARNING] discord.client: davey is not installed, voice will NOT be supported
2026-09-04 18:10:47,496 [ERROR] bot: ❌ Komut dosyası yüklenirken hata, atlanıyor: commands/partners.py
Traceback (most recent call last):
  File "/home/container/main.py", line 132, in load_commands
    module.setup(bot)
    ~~~~~~~~~~~~^^^^^
  File "/home/container/commands/partners.py", line 128, in setup
    bot.loop.create_task(baslat())
    ^^^^^^^^^^^^^^^^^^^^
  File "/home/container/.local/lib/python3.13/site-packages/discord/client.py", line 170, in __getattr__
    raise AttributeError(msg)
AttributeError: loop attribute cannot be accessed in non-async contexts. Consider using either an asynchronous main function and passing it to asyncio.run or using asynchronous initialisation hooks such as Client.setup_hook
2026-09-04 18:10:47,638 [INFO] bot: ✅ Yüklendi: commands/ceviri/nuke_translate.py
2026-09-04 18:10:47,638 [INFO] bot: ✅ Yüklendi: commands/ceviri/translate_all_roles.py
2026-09-04 18:10:47,639 [INFO] bot: ✅ Yüklendi: commands/ceviri/translate_role.py
2026-09-04 18:10:47,639 [INFO] bot: ✅ Yüklendi: commands/hunter_outlaw/give_award.py
2026-09-04 18:10:47,640 [INFO] bot: ✅ Yüklendi: commands/hunter_outlaw/history.py
2026-09-04 18:10:47,640 [INFO] bot: ✅ Yüklendi: commands/hunter_outlaw/hunt_request.py
2026-09-04 18:10:47,640 [INFO] bot: ✅ Yüklendi: commands/hunter_outlaw/leaderboard.py
2026-09-04 18:10:47,640 [INFO] bot: ✅ Yüklendi: commands/hunter_outlaw/proof.py
2026-09-04 18:10:47,641 [INFO] bot: ✅ Yüklendi: commands/hunter_outlaw/reset_points.py
2026-09-04 18:10:47,641 [INFO] bot: ✅ Yüklendi: commands/hunter_outlaw/reset_user_points.py
2026-09-04 18:10:47,641 [INFO] bot: ✅ Yüklendi: commands/hunter_outlaw/set_role_icon.py
2026-09-04 18:10:47,641 [INFO] bot: ✅ Yüklendi: commands/hunter_outlaw/status.py
2026-09-04 18:10:47,642 [INFO] bot: ✅ Yüklendi: commands/genel/help.py
2026-09-04 18:10:47,642 [INFO] bot: ✅ Yüklendi: commands/genel/rules.py
2026-09-04 18:10:48,285 [INFO] bot: ✅ Yüklendi: commands/genel/sohbet.py
2026-09-04 18:10:48,285 [INFO] bot: ✅ Yüklendi: commands/genel/welcome.py
2026-09-04 18:10:48,286 [INFO] bot: ✅ Yüklendi: commands/moderasyon/ban.py
2026-09-04 18:10:48,286 [INFO] bot: ✅ Yüklendi: commands/moderasyon/clearwarnings.py
2026-09-04 18:10:48,286 [INFO] bot: ✅ Yüklendi: commands/moderasyon/filter_listener.py
2026-09-04 18:10:48,287 [INFO] bot: ✅ Yüklendi: commands/moderasyon/kick.py
2026-09-04 18:10:48,287 [INFO] bot: ✅ Yüklendi: commands/moderasyon/lock.py
2026-09-04 18:10:48,287 [INFO] bot: ✅ Yüklendi: commands/moderasyon/mute.py
2026-09-04 18:10:48,288 [INFO] bot: ✅ Yüklendi: commands/moderasyon/purge.py
2026-09-04 18:10:48,288 [INFO] bot: ✅ Yüklendi: commands/moderasyon/unlock.py
2026-09-04 18:10:48,288 [INFO] bot: ✅ Yüklendi: commands/moderasyon/unmute.py
2026-09-04 18:10:48,288 [INFO] bot: ✅ Yüklendi: commands/moderasyon/warn.py
2026-09-04 18:10:48,289 [INFO] bot: ✅ Yüklendi: commands/moderasyon/warnings_list.py
2026-09-04 18:10:48,289 [INFO] bot: ✅ Yüklendi: commands/sabika/criminal_record.py
2026-09-04 18:10:48,289 [WARNING] bot: ⚠️ 'setup' fonksiyonu bulunamadı, atlandı: commands/economy/ __init__.py
2026-09-04 18:10:48,295 [INFO] bot: ✅ Yüklendi: commands/economy/economy.py
2026-09-04 18:10:48,296 [ERROR] bot: ❌ Komut dosyası yüklenirken hata, atlanıyor: commands/wanted/catch_wanted.py
Traceback (most recent call last):
  File "/home/container/main.py", line 129, in load_commands
    spec.loader.exec_module(module)
    ~~~~~~~~~~~~~~~~~~~~~~~^^^^^^^^
  File "<frozen importlib._bootstrap_external>", line 1023, in exec_module
  File "<frozen importlib._bootstrap>", line 488, in _call_with_frames_removed
  File "/home/container/commands/wanted/catch_wanted.py", line 5, in <module>
    from utils.unbelievaboat import add_cash
ModuleNotFoundError: No module named 'utils.unbelievaboat'
2026-09-04 18:10:48,296 [INFO] bot: ✅ Yüklendi: commands/wanted/crime_listener.py
2026-09-04 18:10:48,297 [INFO] bot: ✅ Yüklendi: commands/wanted/wanted_list.py
2026-09-04 18:10:48,297 [INFO] bot: 📦 Toplam 31 komut dosyası yüklendi, 2 dosya atlandı.
2026-09-04 18:10:48,297 [INFO] discord.client: logging in using static token
2026-09-04 18:10:49,558 [INFO] discord.gateway: Shard ID None has connected to Gateway (Session ID: c86f1f1c26c0f3b06b04b60b0d7e43e7).
2026-09-04 18:10:51,623 [INFO] bot: 🤖 ankatuber's perfect bot giriş yaptı!
2026-09-04 18:10:51,917 [INFO] bot: 🔄 28 slash komut senkronize edildi!
2026-09-04 18:11:11,006 [INFO] httpx2: HTTP Request: POST https://integrate.api.nvidia.com/v1/chat/completions "HTTP/1.1 200 OK"
2026-09-04 18:11:11,255 [ERROR] bot: ⚠️ message handler hatası (commands.genel.sohbet)
Traceback (most recent call last):
  File "/home/container/main.py", line 62, in on_message
    await handler(message)
  File "/home/container/commands/genel/sohbet.py", line 140, in ai_prefix_handler
    await message.reply(chunks[0], mention_author=False)
  File "/home/container/.local/lib/python3.13/site-packages/discord/message.py", line 1875, in reply
    return await self.channel.send(content, reference=self, **kwargs)
           ^^^^^^^^^^^^^^^^^^^^^^^^^^^^^^^^^^^^^^^^^^^^^^^^^^^^^^^^^^
  File "/home/container/.local/lib/python3.13/site-packages/discord/abc.py", line 1706, in send
    data = await state.http.send_message(channel.id, params=params)
           ^^^^^^^^^^^^^^^^^^^^^^^^^^^^^^^^^^^^^^^^^^^^^^^^^^^^^^^^
  File "/home/container/.local/lib/python3.13/site-packages/discord/http.py", line 778, in request
    raise HTTPException(response, data)
discord.errors.HTTPException: 400 Bad Request (error code: 50035): Invalid Form Body
In message_reference: Unknown message
2026-09-04 18:13:21,641 [INFO] bot: Bot normal şekilde durduruldu, yeniden başlatılmıyor.
2026-09-04 18:13:26,728 [WARNING] discord.client: PyNaCl is not installed, voice will NOT be supported
2026-09-04 18:13:26,728 [WARNING] discord.client: davey is not installed, voice will NOT be supported
2026-09-04 18:13:26,729 [ERROR] bot: ❌ Komut dosyası yüklenirken hata, atlanıyor: commands/partners.py
Traceback (most recent call last):
  File "/home/container/main.py", line 132, in load_commands
    module.setup(bot)
    ~~~~~~~~~~~~^^^^^
  File "/home/container/commands/partners.py", line 128, in setup
    bot.loop.create_task(baslat())
    ^^^^^^^^^^^^^^^^^^^^
  File "/home/container/.local/lib/python3.13/site-packages/discord/client.py", line 170, in __getattr__
    raise AttributeError(msg)
AttributeError: loop attribute cannot be accessed in non-async contexts. Consider using either an asynchronous main function and passing it to asyncio.run or using asynchronous initialisation hooks such as Client.setup_hook
2026-09-04 18:13:26,850 [INFO] bot: ✅ Yüklendi: commands/ceviri/nuke_translate.py
2026-09-04 18:13:26,850 [INFO] bot: ✅ Yüklendi: commands/ceviri/translate_all_roles.py
2026-09-04 18:13:26,850 [INFO] bot: ✅ Yüklendi: commands/ceviri/translate_role.py
2026-09-04 18:13:26,851 [INFO] bot: ✅ Yüklendi: commands/hunter_outlaw/give_award.py
2026-09-04 18:13:26,851 [INFO] bot: ✅ Yüklendi: commands/hunter_outlaw/history.py
2026-09-04 18:13:26,852 [INFO] bot: ✅ Yüklendi: commands/hunter_outlaw/hunt_request.py
2026-09-04 18:13:26,852 [INFO] bot: ✅ Yüklendi: commands/hunter_outlaw/leaderboard.py
2026-09-04 18:13:26,852 [INFO] bot: ✅ Yüklendi: commands/hunter_outlaw/proof.py
2026-09-04 18:13:26,853 [INFO] bot: ✅ Yüklendi: commands/hunter_outlaw/reset_points.py
2026-09-04 18:13:26,853 [INFO] bot: ✅ Yüklendi: commands/hunter_outlaw/reset_user_points.py
2026-09-04 18:13:26,853 [INFO] bot: ✅ Yüklendi: commands/hunter_outlaw/set_role_icon.py
2026-09-04 18:13:26,854 [INFO] bot: ✅ Yüklendi: commands/hunter_outlaw/status.py
2026-09-04 18:13:26,854 [INFO] bot: ✅ Yüklendi: commands/genel/help.py
2026-09-04 18:13:26,854 [INFO] bot: ✅ Yüklendi: commands/genel/rules.py
2026-09-04 18:13:27,495 [INFO] bot: ✅ Yüklendi: commands/genel/sohbet.py
2026-09-04 18:13:27,495 [INFO] bot: ✅ Yüklendi: commands/genel/welcome.py
2026-09-04 18:13:27,495 [INFO] bot: ✅ Yüklendi: commands/moderasyon/ban.py
2026-09-04 18:13:27,496 [INFO] bot: ✅ Yüklendi: commands/moderasyon/clearwarnings.py
2026-09-04 18:13:27,496 [INFO] bot: ✅ Yüklendi: commands/moderasyon/filter_listener.py
2026-09-04 18:13:27,496 [INFO] bot: ✅ Yüklendi: commands/moderasyon/kick.py
2026-09-04 18:13:27,496 [INFO] bot: ✅ Yüklendi: commands/moderasyon/lock.py
2026-09-04 18:13:27,497 [INFO] bot: ✅ Yüklendi: commands/moderasyon/mute.py
2026-09-04 18:13:27,497 [INFO] bot: ✅ Yüklendi: commands/moderasyon/purge.py
2026-09-04 18:13:27,497 [INFO] bot: ✅ Yüklendi: commands/moderasyon/unlock.py
2026-09-04 18:13:27,498 [INFO] bot: ✅ Yüklendi: commands/moderasyon/unmute.py
2026-09-04 18:13:27,498 [INFO] bot: ✅ Yüklendi: commands/moderasyon/warn.py
2026-09-04 18:13:27,498 [INFO] bot: ✅ Yüklendi: commands/moderasyon/warnings_list.py
2026-09-04 18:13:27,498 [INFO] bot: ✅ Yüklendi: commands/sabika/criminal_record.py
2026-09-04 18:13:27,499 [WARNING] bot: ⚠️ 'setup' fonksiyonu bulunamadı, atlandı: commands/economy/ __init__.py
2026-09-04 18:13:27,502 [INFO] bot: ✅ Yüklendi: commands/economy/economy.py
2026-09-04 18:13:27,502 [ERROR] bot: ❌ Komut dosyası yüklenirken hata, atlanıyor: commands/wanted/catch_wanted.py
Traceback (most recent call last):
  File "/home/container/main.py", line 129, in load_commands
    spec.loader.exec_module(module)
    ~~~~~~~~~~~~~~~~~~~~~~~^^^^^^^^
  File "<frozen importlib._bootstrap_external>", line 1023, in exec_module
  File "<frozen importlib._bootstrap>", line 488, in _call_with_frames_removed
  File "/home/container/commands/wanted/catch_wanted.py", line 5, in <module>
    from utils.unbelievaboat import add_cash
ModuleNotFoundError: No module named 'utils.unbelievaboat'
2026-09-04 18:13:27,503 [INFO] bot: ✅ Yüklendi: commands/wanted/crime_listener.py
2026-09-04 18:13:27,504 [INFO] bot: ✅ Yüklendi: commands/wanted/wanted_list.py
2026-09-04 18:13:27,504 [INFO] bot: 📦 Toplam 31 komut dosyası yüklendi, 2 dosya atlandı.
2026-09-04 18:13:27,504 [INFO] discord.client: logging in using static token
2026-09-04 18:13:28,495 [INFO] discord.gateway: Shard ID None has connected to Gateway (Session ID: ac76fda28e56958f678c7202f9972301).
2026-09-04 18:13:30,526 [INFO] bot: 🤖 ankatuber's perfect bot giriş yaptı!
2026-09-04 18:13:30,768 [INFO] bot: 🔄 28 slash komut senkronize edildi!
2026-09-04 18:14:14,497 [ERROR] bot: ⚠️ Komut hatası (daily): Command raised an exception: TypeError: tuple indices must be integers or slices, not str
Traceback (most recent call last):
  File "/home/container/.local/lib/python3.13/site-packages/discord/ext/commands/core.py", line 266, in wrapped
    ret = await coro(*args, **kwargs)
          ^^^^^^^^^^^^^^^^^^^^^^^^^^^
  File "/home/container/commands/economy/economy.py", line 72, in daily
    f"💎 +{money(result['reward'])} Elmas\n"
                 ~~~~~~^^^^^^^^^^
TypeError: tuple indices must be integers or slices, not str

The above exception was the direct cause of the following exception:

Traceback (most recent call last):
  File "/home/container/.local/lib/python3.13/site-packages/discord/ext/commands/bot.py", line 1376, in invoke
    await ctx.command.invoke(ctx)
  File "/home/container/.local/lib/python3.13/site-packages/discord/ext/commands/core.py", line 1064, in invoke
    await injected(*ctx.args, **ctx.kwargs)  # type: ignore
    ^^^^^^^^^^^^^^^^^^^^^^^^^^^^^^^^^^^^^^^
  File "/home/container/.local/lib/python3.13/site-packages/discord/ext/commands/core.py", line 275, in wrapped
    raise CommandInvokeError(exc) from exc
discord.ext.commands.errors.CommandInvokeError: Command raised an exception: TypeError: tuple indices must be integers or slices, not str
2026-09-04 18:14:44,530 [ERROR] bot: ⚠️ Komut hatası (work): Command raised an exception: TypeError: tuple indices must be integers or slices, not str
Traceback (most recent call last):
  File "/home/container/.local/lib/python3.13/site-packages/discord/ext/commands/core.py", line 266, in wrapped
    ret = await coro(*args, **kwargs)
          ^^^^^^^^^^^^^^^^^^^^^^^^^^^
  File "/home/container/commands/economy/economy.py", line 93, in work
    f"💎 +{money(result['reward'])} Elmas\n"
                 ~~~~~~^^^^^^^^^^
TypeError: tuple indices must be integers or slices, not str

The above exception was the direct cause of the following exception:

Traceback (most recent call last):
  File "/home/container/.local/lib/python3.13/site-packages/discord/ext/commands/bot.py", line 1376, in invoke
    await ctx.command.invoke(ctx)
  File "/home/container/.local/lib/python3.13/site-packages/discord/ext/commands/core.py", line 1064, in invoke
    await injected(*ctx.args, **ctx.kwargs)  # type: ignore
    ^^^^^^^^^^^^^^^^^^^^^^^^^^^^^^^^^^^^^^^
  File "/home/container/.local/lib/python3.13/site-packages/discord/ext/commands/core.py", line 275, in wrapped
    raise CommandInvokeError(exc) from exc
discord.ext.commands.errors.CommandInvokeError: Command raised an exception: TypeError: tuple indices must be integers or slices, not str
2026-09-04 18:15:09,088 [INFO] bot: Bot normal şekilde durduruldu, yeniden başlatılmıyor.
2026-09-04 18:15:13,883 [WARNING] discord.client: PyNaCl is not installed, voice will NOT be supported
2026-09-04 18:15:13,883 [WARNING] discord.client: davey is not installed, voice will NOT be supported
2026-09-04 18:15:13,884 [ERROR] bot: ❌ Komut dosyası yüklenirken hata, atlanıyor: commands/partners.py
Traceback (most recent call last):
  File "/home/container/main.py", line 132, in load_commands
    module.setup(bot)
    ~~~~~~~~~~~~^^^^^
  File "/home/container/commands/partners.py", line 128, in setup
    bot.loop.create_task(baslat())
    ^^^^^^^^^^^^^^^^^^^^
  File "/home/container/.local/lib/python3.13/site-packages/discord/client.py", line 170, in __getattr__
    raise AttributeError(msg)
AttributeError: loop attribute cannot be accessed in non-async contexts. Consider using either an asynchronous main function and passing it to asyncio.run or using asynchronous initialisation hooks such as Client.setup_hook
2026-09-04 18:15:14,007 [INFO] bot: ✅ Yüklendi: commands/ceviri/nuke_translate.py
2026-09-04 18:15:14,008 [INFO] bot: ✅ Yüklendi: commands/ceviri/translate_all_roles.py
2026-09-04 18:15:14,008 [INFO] bot: ✅ Yüklendi: commands/ceviri/translate_role.py
2026-09-04 18:15:14,009 [INFO] bot: ✅ Yüklendi: commands/hunter_outlaw/give_award.py
2026-09-04 18:15:14,009 [INFO] bot: ✅ Yüklendi: commands/hunter_outlaw/history.py
2026-09-04 18:15:14,009 [INFO] bot: ✅ Yüklendi: commands/hunter_outlaw/hunt_request.py
2026-09-04 18:15:14,010 [INFO] bot: ✅ Yüklendi: commands/hunter_outlaw/leaderboard.py
2026-09-04 18:15:14,010 [INFO] bot: ✅ Yüklendi: commands/hunter_outlaw/proof.py
2026-09-04 18:15:14,010 [INFO] bot: ✅ Yüklendi: commands/hunter_outlaw/reset_points.py
2026-09-04 18:15:14,010 [INFO] bot: ✅ Yüklendi: commands/hunter_outlaw/reset_user_points.py
2026-09-04 18:15:14,011 [INFO] bot: ✅ Yüklendi: commands/hunter_outlaw/set_role_icon.py
2026-09-04 18:15:14,011 [INFO] bot: ✅ Yüklendi: commands/hunter_outlaw/status.py
2026-09-04 18:15:14,011 [INFO] bot: ✅ Yüklendi: commands/genel/help.py
2026-09-04 18:15:14,011 [INFO] bot: ✅ Yüklendi: commands/genel/rules.py
2026-09-04 18:15:14,629 [INFO] bot: ✅ Yüklendi: commands/genel/sohbet.py
2026-09-04 18:15:14,629 [INFO] bot: ✅ Yüklendi: commands/genel/welcome.py
2026-09-04 18:15:14,630 [INFO] bot: ✅ Yüklendi: commands/moderasyon/ban.py
2026-09-04 18:15:14,630 [INFO] bot: ✅ Yüklendi: commands/moderasyon/clearwarnings.py
2026-09-04 18:15:14,630 [INFO] bot: ✅ Yüklendi: commands/moderasyon/filter_listener.py
2026-09-04 18:15:14,630 [INFO] bot: ✅ Yüklendi: commands/moderasyon/kick.py
2026-09-04 18:15:14,631 [INFO] bot: ✅ Yüklendi: commands/moderasyon/lock.py
2026-09-04 18:15:14,631 [INFO] bot: ✅ Yüklendi: commands/moderasyon/mute.py
2026-09-04 18:15:14,631 [INFO] bot: ✅ Yüklendi: commands/moderasyon/purge.py
2026-09-04 18:15:14,631 [INFO] bot: ✅ Yüklendi: commands/moderasyon/unlock.py
2026-09-04 18:15:14,631 [INFO] bot: ✅ Yüklendi: commands/moderasyon/unmute.py
2026-09-04 18:15:14,632 [INFO] bot: ✅ Yüklendi: commands/moderasyon/warn.py
2026-09-04 18:15:14,632 [INFO] bot: ✅ Yüklendi: commands/moderasyon/warnings_list.py
2026-09-04 18:15:14,632 [INFO] bot: ✅ Yüklendi: commands/sabika/criminal_record.py
2026-09-04 18:15:14,632 [WARNING] bot: ⚠️ 'setup' fonksiyonu bulunamadı, atlandı: commands/economy/ __init__.py
2026-09-04 18:15:14,633 [INFO] bot: ✅ Yüklendi: commands/economy/economy.py
2026-09-04 18:15:14,634 [ERROR] bot: ❌ Komut dosyası yüklenirken hata, atlanıyor: commands/wanted/catch_wanted.py
Traceback (most recent call last):
  File "/home/container/main.py", line 129, in load_commands
    spec.loader.exec_module(module)
    ~~~~~~~~~~~~~~~~~~~~~~~^^^^^^^^
  File "<frozen importlib._bootstrap_external>", line 1023, in exec_module
  File "<frozen importlib._bootstrap>", line 488, in _call_with_frames_removed
  File "/home/container/commands/wanted/catch_wanted.py", line 5, in <module>
    from utils.unbelievaboat import add_cash
ModuleNotFoundError: No module named 'utils.unbelievaboat'
2026-09-04 18:15:14,635 [INFO] bot: ✅ Yüklendi: commands/wanted/crime_listener.py
2026-09-04 18:15:14,635 [INFO] bot: ✅ Yüklendi: commands/wanted/wanted_list.py
2026-09-04 18:15:14,635 [INFO] bot: 📦 Toplam 31 komut dosyası yüklendi, 2 dosya atlandı.
2026-09-04 18:15:14,635 [INFO] discord.client: logging in using static token
2026-09-04 18:15:15,907 [INFO] discord.gateway: Shard ID None has connected to Gateway (Session ID: 01882a04c7ab4535a7fc18b67c18365c).
2026-09-04 18:15:17,944 [INFO] bot: 🤖 ankatuber's perfect bot giriş yaptı!
2026-09-04 18:15:18,178 [INFO] bot: 🔄 28 slash komut senkronize edildi!
2026-09-04 18:17:08,835 [ERROR] bot: ⚠️ Komut hatası (economy give): Command raised an exception: TypeError: 'int' object is not subscriptable
Traceback (most recent call last):
  File "/home/container/.local/lib/python3.13/site-packages/discord/ext/commands/core.py", line 266, in wrapped
    ret = await coro(*args, **kwargs)
          ^^^^^^^^^^^^^^^^^^^^^^^^^^^
  File "/home/container/commands/economy/economy.py", line 302, in economy_give
    f"**{money(result['balance'])} Elmas**"
               ~~~~~~^^^^^^^^^^^
TypeError: 'int' object is not subscriptable

The above exception was the direct cause of the following exception:

Traceback (most recent call last):
  File "/home/container/.local/lib/python3.13/site-packages/discord/ext/commands/bot.py", line 1376, in invoke
    await ctx.command.invoke(ctx)
  File "/home/container/.local/lib/python3.13/site-packages/discord/ext/commands/core.py", line 1680, in invoke
    await ctx.invoked_subcommand.invoke(ctx)
  File "/home/container/.local/lib/python3.13/site-packages/discord/ext/commands/core.py", line 1064, in invoke
    await injected(*ctx.args, **ctx.kwargs)  # type: ignore
    ^^^^^^^^^^^^^^^^^^^^^^^^^^^^^^^^^^^^^^^
  File "/home/container/.local/lib/python3.13/site-packages/discord/ext/commands/core.py", line 275, in wrapped
    raise CommandInvokeError(exc) from exc
discord.ext.commands.errors.CommandInvokeError: Command raised an exception: TypeError: 'int' object is not subscriptable
2026-09-04 19:24:01,774 [INFO] httpx2: HTTP Request: POST https://integrate.api.nvidia.com/v1/chat/completions "HTTP/1.1 200 OK"
2026-09-04 19:39:38,774 [INFO] discord.gateway: Shard ID None has successfully RESUMED session 01882a04c7ab4535a7fc18b67c18365c.
2026-09-04 21:44:47,371 [ERROR] bot: ⚠️ Komut hatası (work): Command raised an exception: TypeError: tuple indices must be integers or slices, not str
Traceback (most recent call last):
  File "/home/container/.local/lib/python3.13/site-packages/discord/ext/commands/core.py", line 266, in wrapped
    ret = await coro(*args, **kwargs)
          ^^^^^^^^^^^^^^^^^^^^^^^^^^^
  File "/home/container/commands/economy/economy.py", line 93, in work
    f"💎 +{money(result['reward'])} Elmas\n"
                 ~~~~~~^^^^^^^^^^
TypeError: tuple indices must be integers or slices, not str

The above exception was the direct cause of the following exception:

Traceback (most recent call last):
  File "/home/container/.local/lib/python3.13/site-packages/discord/ext/commands/bot.py", line 1376, in invoke
    await ctx.command.invoke(ctx)
  File "/home/container/.local/lib/python3.13/site-packages/discord/ext/commands/core.py", line 1064, in invoke
    await injected(*ctx.args, **ctx.kwargs)  # type: ignore
    ^^^^^^^^^^^^^^^^^^^^^^^^^^^^^^^^^^^^^^^
  File "/home/container/.local/lib/python3.13/site-packages/discord/ext/commands/core.py", line 275, in wrapped
    raise CommandInvokeError(exc) from exc
discord.ext.commands.errors.CommandInvokeError: Command raised an exception: TypeError: tuple indices must be integers or slices, not str
2026-09-04 21:45:02,213 [ERROR] bot: ⚠️ Komut hatası (crime): Command raised an exception: NameError: name 'reward_min' is not defined
Traceback (most recent call last):
  File "/home/container/.local/lib/python3.13/site-packages/discord/ext/commands/core.py", line 266, in wrapped
    ret = await coro(*args, **kwargs)
          ^^^^^^^^^^^^^^^^^^^^^^^^^^^
  File "/home/container/commands/economy/economy.py", line 108, in crime
    result = economy.do_crime(ctx.author.id)
  File "/home/container/utils/economy_manager.py", line 777, in do_crime
    reward = random.randint(reward_min, reward_max)
                            ^^^^^^^^^^
NameError: name 'reward_min' is not defined

The above exception was the direct cause of the following exception:

Traceback (most recent call last):
  File "/home/container/.local/lib/python3.13/site-packages/discord/ext/commands/bot.py", line 1376, in invoke
    await ctx.command.invoke(ctx)
  File "/home/container/.local/lib/python3.13/site-packages/discord/ext/commands/core.py", line 1064, in invoke
    await injected(*ctx.args, **ctx.kwargs)  # type: ignore
    ^^^^^^^^^^^^^^^^^^^^^^^^^^^^^^^^^^^^^^^
  File "/home/container/.local/lib/python3.13/site-packages/discord/ext/commands/core.py", line 275, in wrapped
    raise CommandInvokeError(exc) from exc
discord.ext.commands.errors.CommandInvokeError: Command raised an exception: NameError: name 'reward_min' is not defined
2026-09-04 21:54:58,727 [INFO] bot: Bot normal şekilde durduruldu, yeniden başlatılmıyor.
2026-09-04 21:55:04,091 [WARNING] discord.client: PyNaCl is not installed, voice will NOT be supported
2026-09-04 21:55:04,092 [WARNING] discord.client: davey is not installed, voice will NOT be supported
2026-09-04 21:55:04,093 [ERROR] bot: ❌ Komut dosyası yüklenirken hata, atlanıyor: commands/partners.py
Traceback (most recent call last):
  File "/home/container/main.py", line 132, in load_commands
    module.setup(bot)
    ~~~~~~~~~~~~^^^^^
  File "/home/container/commands/partners.py", line 128, in setup
    bot.loop.create_task(baslat())
    ^^^^^^^^^^^^^^^^^^^^
  File "/home/container/.local/lib/python3.13/site-packages/discord/client.py", line 170, in __getattr__
    raise AttributeError(msg)
AttributeError: loop attribute cannot be accessed in non-async contexts. Consider using either an asynchronous main function and passing it to asyncio.run or using asynchronous initialisation hooks such as Client.setup_hook
2026-09-04 21:55:04,232 [INFO] bot: ✅ Yüklendi: commands/ceviri/nuke_translate.py
2026-09-04 21:55:04,233 [INFO] bot: ✅ Yüklendi: commands/ceviri/translate_all_roles.py
2026-09-04 21:55:04,234 [INFO] bot: ✅ Yüklendi: commands/ceviri/translate_role.py
2026-09-04 21:55:04,235 [INFO] bot: ✅ Yüklendi: commands/hunter_outlaw/give_award.py
2026-09-04 21:55:04,235 [INFO] bot: ✅ Yüklendi: commands/hunter_outlaw/history.py
2026-09-04 21:55:04,236 [INFO] bot: ✅ Yüklendi: commands/hunter_outlaw/hunt_request.py
2026-09-04 21:55:04,236 [INFO] bot: ✅ Yüklendi: commands/hunter_outlaw/leaderboard.py
2026-09-04 21:55:04,237 [INFO] bot: ✅ Yüklendi: commands/hunter_outlaw/proof.py
2026-09-04 21:55:04,237 [INFO] bot: ✅ Yüklendi: commands/hunter_outlaw/reset_points.py
2026-09-04 21:55:04,238 [INFO] bot: ✅ Yüklendi: commands/hunter_outlaw/reset_user_points.py
2026-09-04 21:55:04,238 [INFO] bot: ✅ Yüklendi: commands/hunter_outlaw/set_role_icon.py
2026-09-04 21:55:04,239 [INFO] bot: ✅ Yüklendi: commands/hunter_outlaw/status.py
2026-09-04 21:55:04,239 [INFO] bot: ✅ Yüklendi: commands/genel/help.py
2026-09-04 21:55:04,239 [INFO] bot: ✅ Yüklendi: commands/genel/rules.py
2026-09-04 21:55:04,909 [INFO] bot: ✅ Yüklendi: commands/genel/sohbet.py
2026-09-04 21:55:04,910 [INFO] bot: ✅ Yüklendi: commands/genel/welcome.py
2026-09-04 21:55:04,911 [INFO] bot: ✅ Yüklendi: commands/moderasyon/ban.py
2026-09-04 21:55:04,911 [INFO] bot: ✅ Yüklendi: commands/moderasyon/clearwarnings.py
2026-09-04 21:55:04,911 [INFO] bot: ✅ Yüklendi: commands/moderasyon/filter_listener.py
2026-09-04 21:55:04,912 [INFO] bot: ✅ Yüklendi: commands/moderasyon/kick.py
2026-09-04 21:55:04,912 [INFO] bot: ✅ Yüklendi: commands/moderasyon/lock.py
2026-09-04 21:55:04,913 [INFO] bot: ✅ Yüklendi: commands/moderasyon/mute.py
2026-09-04 21:55:04,913 [INFO] bot: ✅ Yüklendi: commands/moderasyon/purge.py
2026-09-04 21:55:04,914 [INFO] bot: ✅ Yüklendi: commands/moderasyon/unlock.py
2026-09-04 21:55:04,914 [INFO] bot: ✅ Yüklendi: commands/moderasyon/unmute.py
2026-09-04 21:55:04,915 [INFO] bot: ✅ Yüklendi: commands/moderasyon/warn.py
2026-09-04 21:55:04,915 [INFO] bot: ✅ Yüklendi: commands/moderasyon/warnings_list.py
2026-09-04 21:55:04,916 [INFO] bot: ✅ Yüklendi: commands/sabika/criminal_record.py
2026-09-04 21:55:04,916 [WARNING] bot: ⚠️ 'setup' fonksiyonu bulunamadı, atlandı: commands/economy/ __init__.py
2026-09-04 21:55:04,923 [INFO] bot: ✅ Yüklendi: commands/economy/economy.py
2026-09-04 21:55:04,924 [ERROR] bot: ❌ Komut dosyası yüklenirken hata, atlanıyor: commands/wanted/catch_wanted.py
Traceback (most recent call last):
  File "/home/container/main.py", line 129, in load_commands
    spec.loader.exec_module(module)
    ~~~~~~~~~~~~~~~~~~~~~~~^^^^^^^^
  File "<frozen importlib._bootstrap_external>", line 1023, in exec_module
  File "<frozen importlib._bootstrap>", line 488, in _call_with_frames_removed
  File "/home/container/commands/wanted/catch_wanted.py", line 5, in <module>
    from utils.unbelievaboat import add_cash
ModuleNotFoundError: No module named 'utils.unbelievaboat'
2026-09-04 21:55:04,925 [INFO] bot: ✅ Yüklendi: commands/wanted/crime_listener.py
2026-09-04 21:55:04,926 [INFO] bot: ✅ Yüklendi: commands/wanted/wanted_list.py
2026-09-04 21:55:04,926 [INFO] bot: 📦 Toplam 31 komut dosyası yüklendi, 2 dosya atlandı.
2026-09-04 21:55:04,926 [INFO] discord.client: logging in using static token
2026-09-04 21:55:06,190 [INFO] discord.gateway: Shard ID None has connected to Gateway (Session ID: b1baafc4d2414f5a93c308c2bb507e8a).
2026-09-04 21:55:08,231 [INFO] bot: 🤖 ankatuber's perfect bot giriş yaptı!
2026-09-04 21:55:08,843 [INFO] bot: 🔄 28 slash komut senkronize edildi!
2026-09-04 21:55:18,730 [ERROR] bot: ⚠️ Komut hatası (work): Command raised an exception: AttributeError: 'EconomyManager' object has no attribute 'do_work'
Traceback (most recent call last):
  File "/home/container/.local/lib/python3.13/site-packages/discord/ext/commands/core.py", line 266, in wrapped
    ret = await coro(*args, **kwargs)
          ^^^^^^^^^^^^^^^^^^^^^^^^^^^
  File "/home/container/commands/economy/economy.py", line 87, in work
    result = economy.do_work(ctx.author.id)
             ^^^^^^^^^^^^^^^
AttributeError: 'EconomyManager' object has no attribute 'do_work'

The above exception was the direct cause of the following exception:

Traceback (most recent call last):
  File "/home/container/.local/lib/python3.13/site-packages/discord/ext/commands/bot.py", line 1376, in invoke
    await ctx.command.invoke(ctx)
  File "/home/container/.local/lib/python3.13/site-packages/discord/ext/commands/core.py", line 1064, in invoke
    await injected(*ctx.args, **ctx.kwargs)  # type: ignore
    ^^^^^^^^^^^^^^^^^^^^^^^^^^^^^^^^^^^^^^^
  File "/home/container/.local/lib/python3.13/site-packages/discord/ext/commands/core.py", line 275, in wrapped
    raise CommandInvokeError(exc) from exc
discord.ext.commands.errors.CommandInvokeError: Command raised an exception: AttributeError: 'EconomyManager' object has no attribute 'do_work'
2026-09-04 21:55:38,435 [ERROR] bot: ⚠️ Komut hatası (crime): Command raised an exception: AttributeError: 'EconomyManager' object has no attribute 'do_crime'
Traceback (most recent call last):
  File "/home/container/.local/lib/python3.13/site-packages/discord/ext/commands/core.py", line 266, in wrapped
    ret = await coro(*args, **kwargs)
          ^^^^^^^^^^^^^^^^^^^^^^^^^^^
  File "/home/container/commands/economy/economy.py", line 108, in crime
    result = economy.do_crime(ctx.author.id)
             ^^^^^^^^^^^^^^^^
AttributeError: 'EconomyManager' object has no attribute 'do_crime'

The above exception was the direct cause of the following exception:

Traceback (most recent call last):
  File "/home/container/.local/lib/python3.13/site-packages/discord/ext/commands/bot.py", line 1376, in invoke
    await ctx.command.invoke(ctx)
  File "/home/container/.local/lib/python3.13/site-packages/discord/ext/commands/core.py", line 1064, in invoke
    await injected(*ctx.args, **ctx.kwargs)  # type: ignore
    ^^^^^^^^^^^^^^^^^^^^^^^^^^^^^^^^^^^^^^^
  File "/home/container/.local/lib/python3.13/site-packages/discord/ext/commands/core.py", line 275, in wrapped
    raise CommandInvokeError(exc) from exc
discord.ext.commands.errors.CommandInvokeError: Command raised an exception: AttributeError: 'EconomyManager' object has no attribute 'do_crime'
2026-09-04 22:00:19,015 [INFO] bot: Bot normal şekilde durduruldu, yeniden başlatılmıyor.
2026-09-04 22:00:24,350 [WARNING] discord.client: PyNaCl is not installed, voice will NOT be supported
2026-09-04 22:00:24,351 [WARNING] discord.client: davey is not installed, voice will NOT be supported
2026-09-04 22:00:24,351 [ERROR] bot: ❌ Komut dosyası yüklenirken hata, atlanıyor: commands/partners.py
Traceback (most recent call last):
  File "/home/container/main.py", line 132, in load_commands
    module.setup(bot)
    ~~~~~~~~~~~~^^^^^
  File "/home/container/commands/partners.py", line 128, in setup
    bot.loop.create_task(baslat())
    ^^^^^^^^^^^^^^^^^^^^
  File "/home/container/.local/lib/python3.13/site-packages/discord/client.py", line 170, in __getattr__
    raise AttributeError(msg)
AttributeError: loop attribute cannot be accessed in non-async contexts. Consider using either an asynchronous main function and passing it to asyncio.run or using asynchronous initialisation hooks such as Client.setup_hook
2026-09-04 22:00:24,470 [INFO] bot: ✅ Yüklendi: commands/ceviri/nuke_translate.py
2026-09-04 22:00:24,471 [INFO] bot: ✅ Yüklendi: commands/ceviri/translate_all_roles.py
2026-09-04 22:00:24,471 [INFO] bot: ✅ Yüklendi: commands/ceviri/translate_role.py
2026-09-04 22:00:24,472 [INFO] bot: ✅ Yüklendi: commands/hunter_outlaw/give_award.py
2026-09-04 22:00:24,472 [INFO] bot: ✅ Yüklendi: commands/hunter_outlaw/history.py
2026-09-04 22:00:24,472 [INFO] bot: ✅ Yüklendi: commands/hunter_outlaw/hunt_request.py
2026-09-04 22:00:24,472 [INFO] bot: ✅ Yüklendi: commands/hunter_outlaw/leaderboard.py
2026-09-04 22:00:24,475 [INFO] bot: ✅ Yüklendi: commands/hunter_outlaw/proof.py
2026-09-04 22:00:24,475 [INFO] bot: ✅ Yüklendi: commands/hunter_outlaw/reset_points.py
2026-09-04 22:00:24,475 [INFO] bot: ✅ Yüklendi: commands/hunter_outlaw/reset_user_points.py
2026-09-04 22:00:24,476 [INFO] bot: ✅ Yüklendi: commands/hunter_outlaw/set_role_icon.py
2026-09-04 22:00:24,476 [INFO] bot: ✅ Yüklendi: commands/hunter_outlaw/status.py
2026-09-04 22:00:24,476 [INFO] bot: ✅ Yüklendi: commands/genel/help.py
2026-09-04 22:00:24,476 [INFO] bot: ✅ Yüklendi: commands/genel/rules.py
2026-09-04 22:00:25,112 [INFO] bot: ✅ Yüklendi: commands/genel/sohbet.py
2026-09-04 22:00:25,112 [INFO] bot: ✅ Yüklendi: commands/genel/welcome.py
2026-09-04 22:00:25,113 [INFO] bot: ✅ Yüklendi: commands/moderasyon/ban.py
2026-09-04 22:00:25,113 [INFO] bot: ✅ Yüklendi: commands/moderasyon/clearwarnings.py
2026-09-04 22:00:25,113 [INFO] bot: ✅ Yüklendi: commands/moderasyon/filter_listener.py
2026-09-04 22:00:25,114 [INFO] bot: ✅ Yüklendi: commands/moderasyon/kick.py
2026-09-04 22:00:25,114 [INFO] bot: ✅ Yüklendi: commands/moderasyon/lock.py
2026-09-04 22:00:25,114 [INFO] bot: ✅ Yüklendi: commands/moderasyon/mute.py
2026-09-04 22:00:25,115 [INFO] bot: ✅ Yüklendi: commands/moderasyon/purge.py
2026-09-04 22:00:25,115 [INFO] bot: ✅ Yüklendi: commands/moderasyon/unlock.py
2026-09-04 22:00:25,115 [INFO] bot: ✅ Yüklendi: commands/moderasyon/unmute.py
2026-09-04 22:00:25,115 [INFO] bot: ✅ Yüklendi: commands/moderasyon/warn.py
2026-09-04 22:00:25,116 [INFO] bot: ✅ Yüklendi: commands/moderasyon/warnings_list.py
2026-09-04 22:00:25,116 [INFO] bot: ✅ Yüklendi: commands/sabika/criminal_record.py
2026-09-04 22:00:25,116 [WARNING] bot: ⚠️ 'setup' fonksiyonu bulunamadı, atlandı: commands/economy/ __init__.py
2026-09-04 22:00:25,121 [ERROR] bot: ❌ Komut dosyası yüklenirken hata, atlanıyor: commands/economy/economy.py
Traceback (most recent call last):
  File "/home/container/main.py", line 129, in load_commands
    spec.loader.exec_module(module)
    ~~~~~~~~~~~~~~~~~~~~~~~^^^^^^^^
  File "<frozen importlib._bootstrap_external>", line 1023, in exec_module
  File "<frozen importlib._bootstrap>", line 488, in _call_with_frames_removed
  File "/home/container/commands/economy/economy.py", line 6, in <module>
    from utils.economy_manager import EconomyManager
  File "/home/container/utils/economy_manager.py", line 761
    return {
    ^^^^^^^^
SyntaxError: 'return' outside function
2026-09-04 22:00:25,123 [ERROR] bot: ❌ Komut dosyası yüklenirken hata, atlanıyor: commands/wanted/catch_wanted.py
Traceback (most recent call last):
  File "/home/container/main.py", line 129, in load_commands
    spec.loader.exec_module(module)
    ~~~~~~~~~~~~~~~~~~~~~~~^^^^^^^^
  File "<frozen importlib._bootstrap_external>", line 1023, in exec_module
  File "<frozen importlib._bootstrap>", line 488, in _call_with_frames_removed
  File "/home/container/commands/wanted/catch_wanted.py", line 5, in <module>
    from utils.unbelievaboat import add_cash
ModuleNotFoundError: No module named 'utils.unbelievaboat'
2026-09-04 22:00:25,123 [INFO] bot: ✅ Yüklendi: commands/wanted/crime_listener.py
2026-09-04 22:00:25,124 [INFO] bot: ✅ Yüklendi: commands/wanted/wanted_list.py
2026-09-04 22:00:25,124 [INFO] bot: 📦 Toplam 30 komut dosyası yüklendi, 3 dosya atlandı.
2026-09-04 22:00:25,124 [INFO] discord.client: logging in using static token
2026-09-04 22:00:26,723 [INFO] discord.gateway: Shard ID None has connected to Gateway (Session ID: b90422b0b8e38e68c4b9146a5836ffa4).
2026-09-04 22:00:28,749 [INFO] bot: 🤖 ankatuber's perfect bot giriş yaptı!
2026-09-04 22:00:29,033 [INFO] bot: 🔄 28 slash komut senkronize edildi!
2026-09-04 22:00:54,634 [INFO] httpx2: HTTP Request: POST https://integrate.api.nvidia.com/v1/chat/completions "HTTP/1.1 200 OK"
2026-09-04 22:01:11,916 [INFO] httpx2: HTTP Request: POST https://integrate.api.nvidia.com/v1/chat/completions "HTTP/1.1 200 OK"
2026-09-04 22:02:09,395 [INFO] httpx2: HTTP Request: POST https://integrate.api.nvidia.com/v1/chat/completions "HTTP/1.1 200 OK"
2026-09-04 22:02:09,837 [ERROR] bot: ⚠️ message handler hatası (commands.genel.sohbet)
Traceback (most recent call last):
  File "/home/container/main.py", line 62, in on_message
    await handler(message)
  File "/home/container/commands/genel/sohbet.py", line 140, in ai_prefix_handler
    await message.reply(chunks[0], mention_author=False)
  File "/home/container/.local/lib/python3.13/site-packages/discord/message.py", line 1875, in reply
    return await self.channel.send(content, reference=self, **kwargs)
           ^^^^^^^^^^^^^^^^^^^^^^^^^^^^^^^^^^^^^^^^^^^^^^^^^^^^^^^^^^
  File "/home/container/.local/lib/python3.13/site-packages/discord/abc.py", line 1706, in send
    data = await state.http.send_message(channel.id, params=params)
           ^^^^^^^^^^^^^^^^^^^^^^^^^^^^^^^^^^^^^^^^^^^^^^^^^^^^^^^^
  File "/home/container/.local/lib/python3.13/site-packages/discord/http.py", line 778, in request
    raise HTTPException(response, data)
discord.errors.HTTPException: 400 Bad Request (error code: 50035): Invalid Form Body
In message_reference: Unknown message
2026-09-04 22:06:54,352 [INFO] bot: Bot normal şekilde durduruldu, yeniden başlatılmıyor.
2026-09-04 22:06:59,568 [WARNING] discord.client: PyNaCl is not installed, voice will NOT be supported
2026-09-04 22:06:59,568 [WARNING] discord.client: davey is not installed, voice will NOT be supported
2026-09-04 22:06:59,569 [ERROR] bot: ❌ Komut dosyası yüklenirken hata, atlanıyor: commands/partners.py
Traceback (most recent call last):
  File "/home/container/main.py", line 132, in load_commands
    module.setup(bot)
    ~~~~~~~~~~~~^^^^^
  File "/home/container/commands/partners.py", line 128, in setup
    bot.loop.create_task(baslat())
    ^^^^^^^^^^^^^^^^^^^^
  File "/home/container/.local/lib/python3.13/site-packages/discord/client.py", line 170, in __getattr__
    raise AttributeError(msg)
AttributeError: loop attribute cannot be accessed in non-async contexts. Consider using either an asynchronous main function and passing it to asyncio.run or using asynchronous initialisation hooks such as Client.setup_hook
2026-09-04 22:06:59,689 [INFO] bot: ✅ Yüklendi: commands/ceviri/nuke_translate.py
2026-09-04 22:06:59,689 [INFO] bot: ✅ Yüklendi: commands/ceviri/translate_all_roles.py
2026-09-04 22:06:59,690 [INFO] bot: ✅ Yüklendi: commands/ceviri/translate_role.py
2026-09-04 22:06:59,690 [INFO] bot: ✅ Yüklendi: commands/hunter_outlaw/give_award.py
2026-09-04 22:06:59,691 [INFO] bot: ✅ Yüklendi: commands/hunter_outlaw/history.py
2026-09-04 22:06:59,691 [INFO] bot: ✅ Yüklendi: commands/hunter_outlaw/hunt_request.py
2026-09-04 22:06:59,691 [INFO] bot: ✅ Yüklendi: commands/hunter_outlaw/leaderboard.py
2026-09-04 22:06:59,692 [INFO] bot: ✅ Yüklendi: commands/hunter_outlaw/proof.py
2026-09-04 22:06:59,692 [INFO] bot: ✅ Yüklendi: commands/hunter_outlaw/reset_points.py
2026-09-04 22:06:59,692 [INFO] bot: ✅ Yüklendi: commands/hunter_outlaw/reset_user_points.py
2026-09-04 22:06:59,692 [INFO] bot: ✅ Yüklendi: commands/hunter_outlaw/set_role_icon.py
2026-09-04 22:06:59,693 [INFO] bot: ✅ Yüklendi: commands/hunter_outlaw/status.py
2026-09-04 22:06:59,693 [INFO] bot: ✅ Yüklendi: commands/genel/help.py
2026-09-04 22:06:59,693 [INFO] bot: ✅ Yüklendi: commands/genel/rules.py
2026-09-04 22:07:00,341 [INFO] bot: ✅ Yüklendi: commands/genel/sohbet.py
2026-09-04 22:07:00,341 [INFO] bot: ✅ Yüklendi: commands/genel/welcome.py
2026-09-04 22:07:00,342 [INFO] bot: ✅ Yüklendi: commands/moderasyon/ban.py
2026-09-04 22:07:00,342 [INFO] bot: ✅ Yüklendi: commands/moderasyon/clearwarnings.py
2026-09-04 22:07:00,342 [INFO] bot: ✅ Yüklendi: commands/moderasyon/filter_listener.py
2026-09-04 22:07:00,343 [INFO] bot: ✅ Yüklendi: commands/moderasyon/kick.py
2026-09-04 22:07:00,343 [INFO] bot: ✅ Yüklendi: commands/moderasyon/lock.py
2026-09-04 22:07:00,343 [INFO] bot: ✅ Yüklendi: commands/moderasyon/mute.py
2026-09-04 22:07:00,344 [INFO] bot: ✅ Yüklendi: commands/moderasyon/purge.py
2026-09-04 22:07:00,344 [INFO] bot: ✅ Yüklendi: commands/moderasyon/unlock.py
2026-09-04 22:07:00,344 [INFO] bot: ✅ Yüklendi: commands/moderasyon/unmute.py
2026-09-04 22:07:00,345 [INFO] bot: ✅ Yüklendi: commands/moderasyon/warn.py
2026-09-04 22:07:00,345 [INFO] bot: ✅ Yüklendi: commands/moderasyon/warnings_list.py
2026-09-04 22:07:00,345 [INFO] bot: ✅ Yüklendi: commands/sabika/criminal_record.py
2026-09-04 22:07:00,346 [WARNING] bot: ⚠️ 'setup' fonksiyonu bulunamadı, atlandı: commands/economy/ __init__.py
2026-09-04 22:07:00,353 [INFO] bot: ✅ Yüklendi: commands/economy/economy.py
2026-09-04 22:07:00,353 [ERROR] bot: ❌ Komut dosyası yüklenirken hata, atlanıyor: commands/wanted/catch_wanted.py
Traceback (most recent call last):
  File "/home/container/main.py", line 129, in load_commands
    spec.loader.exec_module(module)
    ~~~~~~~~~~~~~~~~~~~~~~~^^^^^^^^
  File "<frozen importlib._bootstrap_external>", line 1023, in exec_module
  File "<frozen importlib._bootstrap>", line 488, in _call_with_frames_removed
  File "/home/container/commands/wanted/catch_wanted.py", line 5, in <module>
    from utils.unbelievaboat import add_cash
ModuleNotFoundError: No module named 'utils.unbelievaboat'
2026-09-04 22:07:00,354 [INFO] bot: ✅ Yüklendi: commands/wanted/crime_listener.py
2026-09-04 22:07:00,354 [INFO] bot: ✅ Yüklendi: commands/wanted/wanted_list.py
2026-09-04 22:07:00,355 [INFO] bot: 📦 Toplam 31 komut dosyası yüklendi, 2 dosya atlandı.
2026-09-04 22:07:00,355 [INFO] discord.client: logging in using static token
2026-09-04 22:07:01,777 [INFO] discord.gateway: Shard ID None has connected to Gateway (Session ID: 4875b499b00568ba66784f81960f31e3).
2026-09-04 22:07:03,816 [INFO] bot: 🤖 ankatuber's perfect bot giriş yaptı!
2026-09-04 22:07:04,362 [INFO] bot: 🔄 28 slash komut senkronize edildi!
2026-09-04 22:15:21,180 [INFO] bot: Bot normal şekilde durduruldu, yeniden başlatılmıyor.
2026-09-04 22:15:56,321 [WARNING] discord.client: PyNaCl is not installed, voice will NOT be supported
2026-09-04 22:15:56,321 [WARNING] discord.client: davey is not installed, voice will NOT be supported
2026-09-04 22:15:56,322 [ERROR] bot: ❌ Komut dosyası yüklenirken hata, atlanıyor: commands/partners.py
Traceback (most recent call last):
  File "/home/container/main.py", line 132, in load_commands
    module.setup(bot)
    ~~~~~~~~~~~~^^^^^
  File "/home/container/commands/partners.py", line 128, in setup
    bot.loop.create_task(baslat())
    ^^^^^^^^^^^^^^^^^^^^
  File "/home/container/.local/lib/python3.13/site-packages/discord/client.py", line 170, in __getattr__
    raise AttributeError(msg)
AttributeError: loop attribute cannot be accessed in non-async contexts. Consider using either an asynchronous main function and passing it to asyncio.run or using asynchronous initialisation hooks such as Client.setup_hook
2026-09-04 22:15:56,473 [INFO] bot: ✅ Yüklendi: commands/ceviri/nuke_translate.py
2026-09-04 22:15:56,474 [INFO] bot: ✅ Yüklendi: commands/ceviri/translate_all_roles.py
2026-09-04 22:15:56,474 [INFO] bot: ✅ Yüklendi: commands/ceviri/translate_role.py
2026-09-04 22:15:56,475 [INFO] bot: ✅ Yüklendi: commands/hunter_outlaw/give_award.py
2026-09-04 22:15:56,476 [INFO] bot: ✅ Yüklendi: commands/hunter_outlaw/history.py
2026-09-04 22:15:56,476 [INFO] bot: ✅ Yüklendi: commands/hunter_outlaw/hunt_request.py
2026-09-04 22:15:56,476 [INFO] bot: ✅ Yüklendi: commands/hunter_outlaw/leaderboard.py
2026-09-04 22:15:56,477 [INFO] bot: ✅ Yüklendi: commands/hunter_outlaw/proof.py
2026-09-04 22:15:56,477 [INFO] bot: ✅ Yüklendi: commands/hunter_outlaw/reset_points.py
2026-09-04 22:15:56,477 [INFO] bot: ✅ Yüklendi: commands/hunter_outlaw/reset_user_points.py
2026-09-04 22:15:56,478 [INFO] bot: ✅ Yüklendi: commands/hunter_outlaw/set_role_icon.py
2026-09-04 22:15:56,478 [INFO] bot: ✅ Yüklendi: commands/hunter_outlaw/status.py
2026-09-04 22:15:56,478 [INFO] bot: ✅ Yüklendi: commands/genel/help.py
2026-09-04 22:15:56,479 [INFO] bot: ✅ Yüklendi: commands/genel/rules.py
2026-09-04 22:15:57,192 [INFO] bot: ✅ Yüklendi: commands/genel/sohbet.py
2026-09-04 22:15:57,192 [INFO] bot: ✅ Yüklendi: commands/genel/welcome.py
2026-09-04 22:15:57,193 [INFO] bot: ✅ Yüklendi: commands/moderasyon/ban.py
2026-09-04 22:15:57,193 [INFO] bot: ✅ Yüklendi: commands/moderasyon/clearwarnings.py
2026-09-04 22:15:57,193 [INFO] bot: ✅ Yüklendi: commands/moderasyon/filter_listener.py
2026-09-04 22:15:57,194 [INFO] bot: ✅ Yüklendi: commands/moderasyon/kick.py
2026-09-04 22:15:57,194 [INFO] bot: ✅ Yüklendi: commands/moderasyon/lock.py
2026-09-04 22:15:57,194 [INFO] bot: ✅ Yüklendi: commands/moderasyon/mute.py
2026-09-04 22:15:57,195 [INFO] bot: ✅ Yüklendi: commands/moderasyon/purge.py
2026-09-04 22:15:57,195 [INFO] bot: ✅ Yüklendi: commands/moderasyon/unlock.py
2026-09-04 22:15:57,195 [INFO] bot: ✅ Yüklendi: commands/moderasyon/unmute.py
2026-09-04 22:15:57,195 [INFO] bot: ✅ Yüklendi: commands/moderasyon/warn.py
2026-09-04 22:15:57,195 [INFO] bot: ✅ Yüklendi: commands/moderasyon/warnings_list.py
2026-09-04 22:15:57,196 [INFO] bot: ✅ Yüklendi: commands/sabika/criminal_record.py
2026-09-04 22:15:57,196 [WARNING] bot: ⚠️ 'setup' fonksiyonu bulunamadı, atlandı: commands/economy/ __init__.py
2026-09-04 22:15:57,197 [INFO] bot: ✅ Yüklendi: commands/economy/economy.py
2026-09-04 22:15:57,198 [ERROR] bot: ❌ Komut dosyası yüklenirken hata, atlanıyor: commands/wanted/catch_wanted.py
Traceback (most recent call last):
  File "/home/container/main.py", line 129, in load_commands
    spec.loader.exec_module(module)
    ~~~~~~~~~~~~~~~~~~~~~~~^^^^^^^^
  File "<frozen importlib._bootstrap_external>", line 1023, in exec_module
  File "<frozen importlib._bootstrap>", line 488, in _call_with_frames_removed
  File "/home/container/commands/wanted/catch_wanted.py", line 5, in <module>
    from utils.unbelievaboat import add_cash
ModuleNotFoundError: No module named 'utils.unbelievaboat'
2026-09-04 22:15:57,199 [INFO] bot: ✅ Yüklendi: commands/wanted/crime_listener.py
2026-09-04 22:15:57,199 [INFO] bot: ✅ Yüklendi: commands/wanted/wanted_list.py
2026-09-04 22:15:57,199 [INFO] bot: 📦 Toplam 31 komut dosyası yüklendi, 2 dosya atlandı.
2026-09-04 22:15:57,200 [INFO] discord.client: logging in using static token
2026-09-04 22:16:32,364 [ERROR] bot: 💥 Bot beklenmedik şekilde kapandı (deneme 1/10). 5 saniye sonra yeniden başlatılacak.
Traceback (most recent call last):
  File "/home/container/.local/lib/python3.13/site-packages/aiohttp/connector.py", line 1571, in _create_direct_connection
    hosts = await self._resolve_host(host, port, traces=traces)
            ^^^^^^^^^^^^^^^^^^^^^^^^^^^^^^^^^^^^^^^^^^^^^^^^^^^
  File "/home/container/.local/lib/python3.13/site-packages/aiohttp/connector.py", line 1181, in _resolve_host
    return await asyncio.shield(resolved_host_task)
           ^^^^^^^^^^^^^^^^^^^^^^^^^^^^^^^^^^^^^^^^
  File "/home/container/.local/lib/python3.13/site-packages/aiohttp/connector.py", line 1212, in _resolve_host_with_throttle
    addrs = await self._resolver.resolve(host, port, family=self._family)
            ^^^^^^^^^^^^^^^^^^^^^^^^^^^^^^^^^^^^^^^^^^^^^^^^^^^^^^^^^^^^^
  File "/home/container/.local/lib/python3.13/site-packages/aiohttp/resolver.py", line 47, in resolve
    infos = await self._loop.getaddrinfo(
            ^^^^^^^^^^^^^^^^^^^^^^^^^^^^^
    ...<5 lines>...
    )
    ^
  File "/usr/local/lib/python3.13/asyncio/base_events.py", line 940, in getaddrinfo
    return await self.run_in_executor(
           ^^^^^^^^^^^^^^^^^^^^^^^^^^^
        None, getaddr_func, host, port, family, type, proto, flags)
        ^^^^^^^^^^^^^^^^^^^^^^^^^^^^^^^^^^^^^^^^^^^^^^^^^^^^^^^^^^^
  File "/usr/local/lib/python3.13/concurrent/futures/thread.py", line 59, in run
    result = self.fn(*self.args, **self.kwargs)
  File "/usr/local/lib/python3.13/socket.py", line 983, in getaddrinfo
    for res in _socket.getaddrinfo(host, port, family, type, proto, flags):
               ~~~~~~~~~~~~~~~~~~~^^^^^^^^^^^^^^^^^^^^^^^^^^^^^^^^^^^^^^^^
socket.gaierror: [Errno -3] Temporary failure in name resolution

The above exception was the direct cause of the following exception:

Traceback (most recent call last):
  File "/home/container/main.py", line 167, in run_bot
    bot.run(config["token"], log_handler=None)
    ~~~~~~~^^^^^^^^^^^^^^^^^^^^^^^^^^^^^^^^^^^
  File "/home/container/.local/lib/python3.13/site-packages/discord/client.py", line 933, in run
    asyncio.run(runner())
    ~~~~~~~~~~~^^^^^^^^^^
  File "/usr/local/lib/python3.13/asyncio/runners.py", line 196, in run
    return runner.run(main)
           ~~~~~~~~~~^^^^^^
  File "/usr/local/lib/python3.13/asyncio/runners.py", line 119, in run
    return self._loop.run_until_complete(task)
           ~~~~~~~~~~~~~~~~~~~~~~~~~~~~~^^^^^^
  File "/usr/local/lib/python3.13/asyncio/base_events.py", line 726, in run_until_complete
    return future.result()
           ~~~~~~~~~~~~~^^
  File "/home/container/.local/lib/python3.13/site-packages/discord/client.py", line 922, in runner
    await self.start(token, reconnect=reconnect)
  File "/home/container/.local/lib/python3.13/site-packages/discord/client.py", line 850, in start
    await self.login(token)
  File "/home/container/.local/lib/python3.13/site-packages/discord/client.py", line 679, in login
    data = await self.http.static_login(token)
           ^^^^^^^^^^^^^^^^^^^^^^^^^^^^^^^^^^^
  File "/home/container/.local/lib/python3.13/site-packages/discord/http.py", line 844, in static_login
    data = await self.request(Route('GET', '/users/@me'))
           ^^^^^^^^^^^^^^^^^^^^^^^^^^^^^^^^^^^^^^^^^^^^^^
  File "/home/container/.local/lib/python3.13/site-packages/discord/http.py", line 659, in request
    async with self.__session.request(method, url, **kwargs) as response:
               ~~~~~~~~~~~~~~~~~~~~~~^^^^^^^^^^^^^^^^^^^^^^^
  File "/home/container/.local/lib/python3.13/site-packages/aiohttp/client.py", line 1693, in __aenter__
    self._resp: _RetType_co = await self._coro
                              ^^^^^^^^^^^^^^^^
  File "/home/container/.local/lib/python3.13/site-packages/aiohttp/client.py", line 858, in _request
    resp = await handler(req)
           ^^^^^^^^^^^^^^^^^^
  File "/home/container/.local/lib/python3.13/site-packages/aiohttp/client.py", line 812, in _connect_and_send_request
    conn = await self._connector.connect(
           ^^^^^^^^^^^^^^^^^^^^^^^^^^^^^^
        req, traces=traces, timeout=real_timeout
        ^^^^^^^^^^^^^^^^^^^^^^^^^^^^^^^^^^^^^^^^
    )
    ^
  File "/home/container/.local/lib/python3.13/site-packages/aiohttp/connector.py", line 657, in connect
    proto = await self._create_connection(req, traces, timeout)
            ^^^^^^^^^^^^^^^^^^^^^^^^^^^^^^^^^^^^^^^^^^^^^^^^^^^
  File "/home/container/.local/lib/python3.13/site-packages/aiohttp/connector.py", line 1242, in _create_connection
    _, proto = await self._create_direct_connection(req, traces, timeout)
               ^^^^^^^^^^^^^^^^^^^^^^^^^^^^^^^^^^^^^^^^^^^^^^^^^^^^^^^^^^
  File "/home/container/.local/lib/python3.13/site-packages/aiohttp/connector.py", line 1577, in _create_direct_connection
    raise ClientConnectorDNSError(req.connection_key, exc) from exc
aiohttp.client_exceptions.ClientConnectorDNSError: Cannot connect to host discord.com:443 ssl:default [Temporary failure in name resolution]
2026-09-04 22:16:37,378 [ERROR] bot: ❌ Komut dosyası yüklenirken hata, atlanıyor: commands/partners.py
Traceback (most recent call last):
  File "/home/container/main.py", line 132, in load_commands
    module.setup(bot)
    ~~~~~~~~~~~~^^^^^
  File "/home/container/commands/partners.py", line 128, in setup
    bot.loop.create_task(baslat())
    ^^^^^^^^^^^^^^^^^^^^
  File "/home/container/.local/lib/python3.13/site-packages/discord/client.py", line 170, in __getattr__
    raise AttributeError(msg)
AttributeError: loop attribute cannot be accessed in non-async contexts. Consider using either an asynchronous main function and passing it to asyncio.run or using asynchronous initialisation hooks such as Client.setup_hook
2026-09-04 22:16:37,381 [INFO] bot: ✅ Yüklendi: commands/ceviri/nuke_translate.py
2026-09-04 22:16:37,381 [INFO] bot: ✅ Yüklendi: commands/ceviri/translate_all_roles.py
2026-09-04 22:16:37,381 [INFO] bot: ✅ Yüklendi: commands/ceviri/translate_role.py
2026-09-04 22:16:37,382 [INFO] bot: ✅ Yüklendi: commands/hunter_outlaw/give_award.py
2026-09-04 22:16:37,382 [INFO] bot: ✅ Yüklendi: commands/hunter_outlaw/history.py
2026-09-04 22:16:37,383 [INFO] bot: ✅ Yüklendi: commands/hunter_outlaw/hunt_request.py
2026-09-04 22:16:37,383 [INFO] bot: ✅ Yüklendi: commands/hunter_outlaw/leaderboard.py
2026-09-04 22:16:37,383 [INFO] bot: ✅ Yüklendi: commands/hunter_outlaw/proof.py
2026-09-04 22:16:37,383 [INFO] bot: ✅ Yüklendi: commands/hunter_outlaw/reset_points.py
2026-09-04 22:16:37,384 [INFO] bot: ✅ Yüklendi: commands/hunter_outlaw/reset_user_points.py
2026-09-04 22:16:37,384 [INFO] bot: ✅ Yüklendi: commands/hunter_outlaw/set_role_icon.py
2026-09-04 22:16:37,385 [INFO] bot: ✅ Yüklendi: commands/hunter_outlaw/status.py
2026-09-04 22:16:37,386 [INFO] bot: ✅ Yüklendi: commands/genel/help.py
2026-09-04 22:16:37,386 [INFO] bot: ✅ Yüklendi: commands/genel/rules.py
2026-09-04 22:16:37,386 [INFO] bot: ✅ Yüklendi: commands/genel/sohbet.py
2026-09-04 22:16:37,387 [INFO] bot: ✅ Yüklendi: commands/genel/welcome.py
2026-09-04 22:16:37,387 [INFO] bot: ✅ Yüklendi: commands/moderasyon/ban.py
2026-09-04 22:16:37,387 [INFO] bot: ✅ Yüklendi: commands/moderasyon/clearwarnings.py
2026-09-04 22:16:37,387 [INFO] bot: ✅ Yüklendi: commands/moderasyon/filter_listener.py
2026-09-04 22:16:37,388 [INFO] bot: ✅ Yüklendi: commands/moderasyon/kick.py
2026-09-04 22:16:37,388 [INFO] bot: ✅ Yüklendi: commands/moderasyon/lock.py
2026-09-04 22:16:37,388 [INFO] bot: ✅ Yüklendi: commands/moderasyon/mute.py
2026-09-04 22:16:37,389 [INFO] bot: ✅ Yüklendi: commands/moderasyon/purge.py
2026-09-04 22:16:37,389 [INFO] bot: ✅ Yüklendi: commands/moderasyon/unlock.py
2026-09-04 22:16:37,389 [INFO] bot: ✅ Yüklendi: commands/moderasyon/unmute.py
2026-09-04 22:16:37,390 [INFO] bot: ✅ Yüklendi: commands/moderasyon/warn.py
2026-09-04 22:16:37,390 [INFO] bot: ✅ Yüklendi: commands/moderasyon/warnings_list.py
2026-09-04 22:16:37,390 [INFO] bot: ✅ Yüklendi: commands/sabika/criminal_record.py
2026-09-04 22:16:37,390 [WARNING] bot: ⚠️ 'setup' fonksiyonu bulunamadı, atlandı: commands/economy/ __init__.py
2026-09-04 22:16:37,391 [INFO] bot: ✅ Yüklendi: commands/economy/economy.py
2026-09-04 22:16:37,392 [ERROR] bot: ❌ Komut dosyası yüklenirken hata, atlanıyor: commands/wanted/catch_wanted.py
Traceback (most recent call last):
  File "/home/container/main.py", line 129, in load_commands
    spec.loader.exec_module(module)
    ~~~~~~~~~~~~~~~~~~~~~~~^^^^^^^^
  File "<frozen importlib._bootstrap_external>", line 1023, in exec_module
  File "<frozen importlib._bootstrap>", line 488, in _call_with_frames_removed
  File "/home/container/commands/wanted/catch_wanted.py", line 5, in <module>
    from utils.unbelievaboat import add_cash
ModuleNotFoundError: No module named 'utils.unbelievaboat'
2026-09-04 22:16:37,392 [INFO] bot: ✅ Yüklendi: commands/wanted/crime_listener.py
2026-09-04 22:16:37,393 [INFO] bot: ✅ Yüklendi: commands/wanted/wanted_list.py
2026-09-04 22:16:37,393 [INFO] bot: 📦 Toplam 31 komut dosyası yüklendi, 2 dosya atlandı.
2026-09-04 22:16:37,393 [INFO] discord.client: logging in using static token
2026-09-04 22:17:02,497 [ERROR] bot: 💥 Bot beklenmedik şekilde kapandı (deneme 2/10). 10 saniye sonra yeniden başlatılacak.
Traceback (most recent call last):
  File "/home/container/.local/lib/python3.13/site-packages/aiohttp/connector.py", line 1571, in _create_direct_connection
    hosts = await self._resolve_host(host, port, traces=traces)
            ^^^^^^^^^^^^^^^^^^^^^^^^^^^^^^^^^^^^^^^^^^^^^^^^^^^
  File "/home/container/.local/lib/python3.13/site-packages/aiohttp/connector.py", line 1181, in _resolve_host
    return await asyncio.shield(resolved_host_task)
           ^^^^^^^^^^^^^^^^^^^^^^^^^^^^^^^^^^^^^^^^
  File "/home/container/.local/lib/python3.13/site-packages/aiohttp/connector.py", line 1212, in _resolve_host_with_throttle
    addrs = await self._resolver.resolve(host, port, family=self._family)
            ^^^^^^^^^^^^^^^^^^^^^^^^^^^^^^^^^^^^^^^^^^^^^^^^^^^^^^^^^^^^^
  File "/home/container/.local/lib/python3.13/site-packages/aiohttp/resolver.py", line 47, in resolve
    infos = await self._loop.getaddrinfo(
            ^^^^^^^^^^^^^^^^^^^^^^^^^^^^^
    ...<5 lines>...
    )
    ^
  File "/usr/local/lib/python3.13/asyncio/base_events.py", line 940, in getaddrinfo
    return await self.run_in_executor(
           ^^^^^^^^^^^^^^^^^^^^^^^^^^^
        None, getaddr_func, host, port, family, type, proto, flags)
        ^^^^^^^^^^^^^^^^^^^^^^^^^^^^^^^^^^^^^^^^^^^^^^^^^^^^^^^^^^^
  File "/usr/local/lib/python3.13/concurrent/futures/thread.py", line 59, in run
    result = self.fn(*self.args, **self.kwargs)
  File "/usr/local/lib/python3.13/socket.py", line 983, in getaddrinfo
    for res in _socket.getaddrinfo(host, port, family, type, proto, flags):
               ~~~~~~~~~~~~~~~~~~~^^^^^^^^^^^^^^^^^^^^^^^^^^^^^^^^^^^^^^^^
socket.gaierror: [Errno -3] Temporary failure in name resolution

The above exception was the direct cause of the following exception:

Traceback (most recent call last):
  File "/home/container/main.py", line 167, in run_bot
    bot.run(config["token"], log_handler=None)
    ~~~~~~~^^^^^^^^^^^^^^^^^^^^^^^^^^^^^^^^^^^
  File "/home/container/.local/lib/python3.13/site-packages/discord/client.py", line 933, in run
    asyncio.run(runner())
    ~~~~~~~~~~~^^^^^^^^^^
  File "/usr/local/lib/python3.13/asyncio/runners.py", line 196, in run
    return runner.run(main)
           ~~~~~~~~~~^^^^^^
  File "/usr/local/lib/python3.13/asyncio/runners.py", line 119, in run
    return self._loop.run_until_complete(task)
           ~~~~~~~~~~~~~~~~~~~~~~~~~~~~~^^^^^^
  File "/usr/local/lib/python3.13/asyncio/base_events.py", line 726, in run_until_complete
    return future.result()
           ~~~~~~~~~~~~~^^
  File "/home/container/.local/lib/python3.13/site-packages/discord/client.py", line 922, in runner
    await self.start(token, reconnect=reconnect)
  File "/home/container/.local/lib/python3.13/site-packages/discord/client.py", line 850, in start
    await self.login(token)
  File "/home/container/.local/lib/python3.13/site-packages/discord/client.py", line 679, in login
    data = await self.http.static_login(token)
           ^^^^^^^^^^^^^^^^^^^^^^^^^^^^^^^^^^^
  File "/home/container/.local/lib/python3.13/site-packages/discord/http.py", line 844, in static_login
    data = await self.request(Route('GET', '/users/@me'))
           ^^^^^^^^^^^^^^^^^^^^^^^^^^^^^^^^^^^^^^^^^^^^^^
  File "/home/container/.local/lib/python3.13/site-packages/discord/http.py", line 659, in request
    async with self.__session.request(method, url, **kwargs) as response:
               ~~~~~~~~~~~~~~~~~~~~~~^^^^^^^^^^^^^^^^^^^^^^^
  File "/home/container/.local/lib/python3.13/site-packages/aiohttp/client.py", line 1693, in __aenter__
    self._resp: _RetType_co = await self._coro
                              ^^^^^^^^^^^^^^^^
  File "/home/container/.local/lib/python3.13/site-packages/aiohttp/client.py", line 858, in _request
    resp = await handler(req)
           ^^^^^^^^^^^^^^^^^^
  File "/home/container/.local/lib/python3.13/site-packages/aiohttp/client.py", line 812, in _connect_and_send_request
    conn = await self._connector.connect(
           ^^^^^^^^^^^^^^^^^^^^^^^^^^^^^^
        req, traces=traces, timeout=real_timeout
        ^^^^^^^^^^^^^^^^^^^^^^^^^^^^^^^^^^^^^^^^
    )
    ^
  File "/home/container/.local/lib/python3.13/site-packages/aiohttp/connector.py", line 657, in connect
    proto = await self._create_connection(req, traces, timeout)
            ^^^^^^^^^^^^^^^^^^^^^^^^^^^^^^^^^^^^^^^^^^^^^^^^^^^
  File "/home/container/.local/lib/python3.13/site-packages/aiohttp/connector.py", line 1242, in _create_connection
    _, proto = await self._create_direct_connection(req, traces, timeout)
               ^^^^^^^^^^^^^^^^^^^^^^^^^^^^^^^^^^^^^^^^^^^^^^^^^^^^^^^^^^
  File "/home/container/.local/lib/python3.13/site-packages/aiohttp/connector.py", line 1577, in _create_direct_connection
    raise ClientConnectorDNSError(req.connection_key, exc) from exc
aiohttp.client_exceptions.ClientConnectorDNSError: Cannot connect to host discord.com:443 ssl:default [Temporary failure in name resolution]
2026-09-04 22:17:16,131 [WARNING] discord.client: PyNaCl is not installed, voice will NOT be supported
2026-09-04 22:17:16,132 [WARNING] discord.client: davey is not installed, voice will NOT be supported
2026-09-04 22:17:16,132 [ERROR] bot: ❌ Komut dosyası yüklenirken hata, atlanıyor: commands/partners.py
Traceback (most recent call last):
  File "/home/container/main.py", line 132, in load_commands
    module.setup(bot)
    ~~~~~~~~~~~~^^^^^
  File "/home/container/commands/partners.py", line 128, in setup
    bot.loop.create_task(baslat())
    ^^^^^^^^^^^^^^^^^^^^
  File "/home/container/.local/lib/python3.13/site-packages/discord/client.py", line 170, in __getattr__
    raise AttributeError(msg)
AttributeError: loop attribute cannot be accessed in non-async contexts. Consider using either an asynchronous main function and passing it to asyncio.run or using asynchronous initialisation hooks such as Client.setup_hook
2026-09-04 22:17:16,279 [INFO] bot: ✅ Yüklendi: commands/ceviri/nuke_translate.py
2026-09-04 22:17:16,280 [INFO] bot: ✅ Yüklendi: commands/ceviri/translate_all_roles.py
2026-09-04 22:17:16,280 [INFO] bot: ✅ Yüklendi: commands/ceviri/translate_role.py
2026-09-04 22:17:16,281 [INFO] bot: ✅ Yüklendi: commands/hunter_outlaw/give_award.py
2026-09-04 22:17:16,281 [INFO] bot: ✅ Yüklendi: commands/hunter_outlaw/history.py
2026-09-04 22:17:16,282 [INFO] bot: ✅ Yüklendi: commands/hunter_outlaw/hunt_request.py
2026-09-04 22:17:16,282 [INFO] bot: ✅ Yüklendi: commands/hunter_outlaw/leaderboard.py
2026-09-04 22:17:16,282 [INFO] bot: ✅ Yüklendi: commands/hunter_outlaw/proof.py
2026-09-04 22:17:16,282 [INFO] bot: ✅ Yüklendi: commands/hunter_outlaw/reset_points.py
2026-09-04 22:17:16,282 [INFO] bot: ✅ Yüklendi: commands/hunter_outlaw/reset_user_points.py
2026-09-04 22:17:16,283 [INFO] bot: ✅ Yüklendi: commands/hunter_outlaw/set_role_icon.py
2026-09-04 22:17:16,283 [INFO] bot: ✅ Yüklendi: commands/hunter_outlaw/status.py
2026-09-04 22:17:16,283 [INFO] bot: ✅ Yüklendi: commands/genel/help.py
2026-09-04 22:17:16,284 [INFO] bot: ✅ Yüklendi: commands/genel/rules.py
2026-09-04 22:17:16,948 [INFO] bot: ✅ Yüklendi: commands/genel/sohbet.py
2026-09-04 22:17:16,948 [INFO] bot: ✅ Yüklendi: commands/genel/welcome.py
2026-09-04 22:17:16,949 [INFO] bot: ✅ Yüklendi: commands/moderasyon/ban.py
2026-09-04 22:17:16,949 [INFO] bot: ✅ Yüklendi: commands/moderasyon/clearwarnings.py
2026-09-04 22:17:16,949 [INFO] bot: ✅ Yüklendi: commands/moderasyon/filter_listener.py
2026-09-04 22:17:16,949 [INFO] bot: ✅ Yüklendi: commands/moderasyon/kick.py
2026-09-04 22:17:16,950 [INFO] bot: ✅ Yüklendi: commands/moderasyon/lock.py
2026-09-04 22:17:16,950 [INFO] bot: ✅ Yüklendi: commands/moderasyon/mute.py
2026-09-04 22:17:16,950 [INFO] bot: ✅ Yüklendi: commands/moderasyon/purge.py
2026-09-04 22:17:16,950 [INFO] bot: ✅ Yüklendi: commands/moderasyon/unlock.py
2026-09-04 22:17:16,950 [INFO] bot: ✅ Yüklendi: commands/moderasyon/unmute.py
2026-09-04 22:17:16,951 [INFO] bot: ✅ Yüklendi: commands/moderasyon/warn.py
2026-09-04 22:17:16,951 [INFO] bot: ✅ Yüklendi: commands/moderasyon/warnings_list.py
2026-09-04 22:17:16,951 [INFO] bot: ✅ Yüklendi: commands/sabika/criminal_record.py
2026-09-04 22:17:16,951 [WARNING] bot: ⚠️ 'setup' fonksiyonu bulunamadı, atlandı: commands/economy/ __init__.py
2026-09-04 22:17:16,955 [INFO] bot: ✅ Yüklendi: commands/economy/economy.py
2026-09-04 22:17:16,955 [ERROR] bot: ❌ Komut dosyası yüklenirken hata, atlanıyor: commands/wanted/catch_wanted.py
Traceback (most recent call last):
  File "/home/container/main.py", line 129, in load_commands
    spec.loader.exec_module(module)
    ~~~~~~~~~~~~~~~~~~~~~~~^^^^^^^^
  File "<frozen importlib._bootstrap_external>", line 1023, in exec_module
  File "<frozen importlib._bootstrap>", line 488, in _call_with_frames_removed
  File "/home/container/commands/wanted/catch_wanted.py", line 5, in <module>
    from utils.unbelievaboat import add_cash
ModuleNotFoundError: No module named 'utils.unbelievaboat'
2026-09-04 22:17:16,956 [INFO] bot: ✅ Yüklendi: commands/wanted/crime_listener.py
2026-09-04 22:17:16,956 [INFO] bot: ✅ Yüklendi: commands/wanted/wanted_list.py
2026-09-04 22:17:16,956 [INFO] bot: 📦 Toplam 31 komut dosyası yüklendi, 2 dosya atlandı.
2026-09-04 22:17:16,957 [INFO] discord.client: logging in using static token
2026-09-04 22:17:18,949 [INFO] discord.gateway: Shard ID None has connected to Gateway (Session ID: 887835c214dece7597c89e193f09a279).
2026-09-04 22:17:21,002 [INFO] bot: 🤖 ankatuber's perfect bot giriş yaptı!
2026-09-04 22:17:23,018 [INFO] bot: 🔄 28 slash komut senkronize edildi!
2026-09-04 22:52:06,275 [INFO] discord.gateway: Shard ID None has successfully RESUMED session 887835c214dece7597c89e193f09a279.
2026-09-05 00:31:11,467 [ERROR] discord.client: Attempting a reconnect in 1.90s
Traceback (most recent call last):
  File "/home/container/.local/lib/python3.13/site-packages/aiohttp/connector.py", line 1571, in _create_direct_connection
    hosts = await self._resolve_host(host, port, traces=traces)
            ^^^^^^^^^^^^^^^^^^^^^^^^^^^^^^^^^^^^^^^^^^^^^^^^^^^
  File "/home/container/.local/lib/python3.13/site-packages/aiohttp/connector.py", line 1181, in _resolve_host
    return await asyncio.shield(resolved_host_task)
           ^^^^^^^^^^^^^^^^^^^^^^^^^^^^^^^^^^^^^^^^
  File "/home/container/.local/lib/python3.13/site-packages/aiohttp/connector.py", line 1212, in _resolve_host_with_throttle
    addrs = await self._resolver.resolve(host, port, family=self._family)
            ^^^^^^^^^^^^^^^^^^^^^^^^^^^^^^^^^^^^^^^^^^^^^^^^^^^^^^^^^^^^^
  File "/home/container/.local/lib/python3.13/site-packages/aiohttp/resolver.py", line 47, in resolve
    infos = await self._loop.getaddrinfo(
            ^^^^^^^^^^^^^^^^^^^^^^^^^^^^^
    ...<5 lines>...
    )
    ^
  File "/usr/local/lib/python3.13/asyncio/base_events.py", line 940, in getaddrinfo
    return await self.run_in_executor(
           ^^^^^^^^^^^^^^^^^^^^^^^^^^^
        None, getaddr_func, host, port, family, type, proto, flags)
        ^^^^^^^^^^^^^^^^^^^^^^^^^^^^^^^^^^^^^^^^^^^^^^^^^^^^^^^^^^^
  File "/usr/local/lib/python3.13/concurrent/futures/thread.py", line 59, in run
    result = self.fn(*self.args, **self.kwargs)
  File "/usr/local/lib/python3.13/socket.py", line 983, in getaddrinfo
    for res in _socket.getaddrinfo(host, port, family, type, proto, flags):
               ~~~~~~~~~~~~~~~~~~~^^^^^^^^^^^^^^^^^^^^^^^^^^^^^^^^^^^^^^^^
socket.gaierror: [Errno -3] Temporary failure in name resolution

The above exception was the direct cause of the following exception:

Traceback (most recent call last):
  File "/home/container/.local/lib/python3.13/site-packages/discord/client.py", line 728, in connect
    self.ws = await asyncio.wait_for(coro, timeout=60.0)
              ^^^^^^^^^^^^^^^^^^^^^^^^^^^^^^^^^^^^^^^^^^
  File "/usr/local/lib/python3.13/asyncio/tasks.py", line 507, in wait_for
    return await fut
           ^^^^^^^^^
  File "/home/container/.local/lib/python3.13/site-packages/discord/gateway.py", line 392, in from_client
    socket = await client.http.ws_connect(str(url))
             ^^^^^^^^^^^^^^^^^^^^^^^^^^^^^^^^^^^^^^
  File "/home/container/.local/lib/python3.13/site-packages/discord/http.py", line 571, in ws_connect
    return await self.__session.ws_connect(url, **kwargs)
           ^^^^^^^^^^^^^^^^^^^^^^^^^^^^^^^^^^^^^^^^^^^^^^
  File "/home/container/.local/lib/python3.13/site-packages/aiohttp/client.py", line 1249, in _ws_connect
    resp = await self.request(
           ^^^^^^^^^^^^^^^^^^^
    ...<11 lines>...
    )
    ^
  File "/home/container/.local/lib/python3.13/site-packages/aiohttp/client.py", line 858, in _request
    resp = await handler(req)
           ^^^^^^^^^^^^^^^^^^
  File "/home/container/.local/lib/python3.13/site-packages/aiohttp/client.py", line 812, in _connect_and_send_request
    conn = await self._connector.connect(
           ^^^^^^^^^^^^^^^^^^^^^^^^^^^^^^
        req, traces=traces, timeout=real_timeout
        ^^^^^^^^^^^^^^^^^^^^^^^^^^^^^^^^^^^^^^^^
    )
    ^
  File "/home/container/.local/lib/python3.13/site-packages/aiohttp/connector.py", line 657, in connect
    proto = await self._create_connection(req, traces, timeout)
            ^^^^^^^^^^^^^^^^^^^^^^^^^^^^^^^^^^^^^^^^^^^^^^^^^^^
  File "/home/container/.local/lib/python3.13/site-packages/aiohttp/connector.py", line 1242, in _create_connection
    _, proto = await self._create_direct_connection(req, traces, timeout)
               ^^^^^^^^^^^^^^^^^^^^^^^^^^^^^^^^^^^^^^^^^^^^^^^^^^^^^^^^^^
  File "/home/container/.local/lib/python3.13/site-packages/aiohttp/connector.py", line 1577, in _create_direct_connection
    raise ClientConnectorDNSError(req.connection_key, exc) from exc
aiohttp.client_exceptions.ClientConnectorDNSError: Cannot connect to host gateway-us-east1-c.discord.gg:443 ssl:default [Temporary failure in name resolution]
2026-09-05 00:31:13,740 [INFO] discord.gateway: Shard ID None has successfully RESUMED session 887835c214dece7597c89e193f09a279.
2026-09-05 01:24:10,295 [INFO] discord.gateway: Shard ID None has successfully RESUMED session 887835c214dece7597c89e193f09a279.
2026-09-05 03:16:56,097 [INFO] discord.gateway: Shard ID None has successfully RESUMED session 887835c214dece7597c89e193f09a279.
2026-09-05 04:21:49,975 [INFO] discord.gateway: Shard ID None has successfully RESUMED session 887835c214dece7597c89e193f09a279.
2026-09-05 05:41:49,559 [INFO] discord.gateway: Shard ID None has successfully RESUMED session 887835c214dece7597c89e193f09a279.
2026-09-05 06:17:45,996 [INFO] discord.gateway: Shard ID None has successfully RESUMED session 887835c214dece7597c89e193f09a279.
2026-09-05 09:08:00,630 [INFO] discord.gateway: Shard ID None has successfully RESUMED session 887835c214dece7597c89e193f09a279.
2026-09-05 11:17:11,802 [INFO] discord.gateway: Shard ID None has successfully RESUMED session 887835c214dece7597c89e193f09a279.
2026-09-05 12:03:20,836 [INFO] discord.gateway: Shard ID None has successfully RESUMED session 887835c214dece7597c89e193f09a279.
2026-09-05 12:34:40,634 [INFO] bot: Bot normal şekilde durduruldu, yeniden başlatılmıyor.
2026-09-05 12:34:45,645 [WARNING] discord.client: PyNaCl is not installed, voice will NOT be supported
2026-09-05 12:34:45,645 [WARNING] discord.client: davey is not installed, voice will NOT be supported
2026-09-05 12:34:45,647 [ERROR] bot: ❌ Komut dosyası yüklenirken hata, atlanıyor: commands/partners.py
Traceback (most recent call last):
  File "/home/container/main.py", line 132, in load_commands
    module.setup(bot)
    ~~~~~~~~~~~~^^^^^
  File "/home/container/commands/partners.py", line 128, in setup
    bot.loop.create_task(baslat())
    ^^^^^^^^^^^^^^^^^^^^
  File "/home/container/.local/lib/python3.13/site-packages/discord/client.py", line 170, in __getattr__
    raise AttributeError(msg)
AttributeError: loop attribute cannot be accessed in non-async contexts. Consider using either an asynchronous main function and passing it to asyncio.run or using asynchronous initialisation hooks such as Client.setup_hook
2026-09-05 12:34:45,791 [INFO] bot: ✅ Yüklendi: commands/ceviri/nuke_translate.py
2026-09-05 12:34:45,792 [INFO] bot: ✅ Yüklendi: commands/ceviri/translate_all_roles.py
2026-09-05 12:34:45,793 [INFO] bot: ✅ Yüklendi: commands/ceviri/translate_role.py
2026-09-05 12:34:45,794 [INFO] bot: ✅ Yüklendi: commands/hunter_outlaw/give_award.py
2026-09-05 12:34:45,795 [INFO] bot: ✅ Yüklendi: commands/hunter_outlaw/history.py
2026-09-05 12:34:45,795 [INFO] bot: ✅ Yüklendi: commands/hunter_outlaw/hunt_request.py
2026-09-05 12:34:45,796 [INFO] bot: ✅ Yüklendi: commands/hunter_outlaw/leaderboard.py
2026-09-05 12:34:45,796 [INFO] bot: ✅ Yüklendi: commands/hunter_outlaw/proof.py
2026-09-05 12:34:45,797 [INFO] bot: ✅ Yüklendi: commands/hunter_outlaw/reset_points.py
2026-09-05 12:34:45,797 [INFO] bot: ✅ Yüklendi: commands/hunter_outlaw/reset_user_points.py
2026-09-05 12:34:45,797 [INFO] bot: ✅ Yüklendi: commands/hunter_outlaw/set_role_icon.py
2026-09-05 12:34:45,798 [INFO] bot: ✅ Yüklendi: commands/hunter_outlaw/status.py
2026-09-05 12:34:45,798 [INFO] bot: ✅ Yüklendi: commands/genel/help.py
2026-09-05 12:34:45,799 [INFO] bot: ✅ Yüklendi: commands/genel/rules.py
2026-09-05 12:34:46,450 [INFO] bot: ✅ Yüklendi: commands/genel/sohbet.py
2026-09-05 12:34:46,451 [INFO] bot: ✅ Yüklendi: commands/genel/welcome.py
2026-09-05 12:34:46,452 [INFO] bot: ✅ Yüklendi: commands/moderasyon/ban.py
2026-09-05 12:34:46,452 [INFO] bot: ✅ Yüklendi: commands/moderasyon/clearwarnings.py
2026-09-05 12:34:46,452 [INFO] bot: ✅ Yüklendi: commands/moderasyon/filter_listener.py
2026-09-05 12:34:46,453 [INFO] bot: ✅ Yüklendi: commands/moderasyon/kick.py
2026-09-05 12:34:46,453 [INFO] bot: ✅ Yüklendi: commands/moderasyon/lock.py
2026-09-05 12:34:46,453 [INFO] bot: ✅ Yüklendi: commands/moderasyon/mute.py
2026-09-05 12:34:46,454 [INFO] bot: ✅ Yüklendi: commands/moderasyon/purge.py
2026-09-05 12:34:46,454 [INFO] bot: ✅ Yüklendi: commands/moderasyon/unlock.py
2026-09-05 12:34:46,454 [INFO] bot: ✅ Yüklendi: commands/moderasyon/unmute.py
2026-09-05 12:34:46,455 [INFO] bot: ✅ Yüklendi: commands/moderasyon/warn.py
2026-09-05 12:34:46,455 [INFO] bot: ✅ Yüklendi: commands/moderasyon/warnings_list.py
2026-09-05 12:34:46,455 [INFO] bot: ✅ Yüklendi: commands/sabika/criminal_record.py
2026-09-05 12:34:46,456 [WARNING] bot: ⚠️ 'setup' fonksiyonu bulunamadı, atlandı: commands/economy/ __init__.py
2026-09-05 12:34:46,463 [INFO] bot: ✅ Yüklendi: commands/economy/economy.py
2026-09-05 12:34:46,464 [ERROR] bot: ❌ Komut dosyası yüklenirken hata, atlanıyor: commands/wanted/catch_wanted.py
Traceback (most recent call last):
  File "/home/container/main.py", line 129, in load_commands
    spec.loader.exec_module(module)
    ~~~~~~~~~~~~~~~~~~~~~~~^^^^^^^^
  File "<frozen importlib._bootstrap_external>", line 1023, in exec_module
  File "<frozen importlib._bootstrap>", line 488, in _call_with_frames_removed
  File "/home/container/commands/wanted/catch_wanted.py", line 5, in <module>
    from utils.unbelievaboat import add_cash
ModuleNotFoundError: No module named 'utils.unbelievaboat'
2026-09-05 12:34:46,465 [INFO] bot: ✅ Yüklendi: commands/wanted/crime_listener.py
2026-09-05 12:34:46,466 [INFO] bot: ✅ Yüklendi: commands/wanted/wanted_list.py
2026-09-05 12:34:46,466 [INFO] bot: 📦 Toplam 31 komut dosyası yüklendi, 2 dosya atlandı.
2026-09-05 12:34:46,466 [INFO] discord.client: logging in using static token
2026-09-05 12:34:47,623 [INFO] discord.gateway: Shard ID None has connected to Gateway (Session ID: b6b28631d708cfaa5ac67479d2a3c6b8).
2026-09-05 12:34:49,698 [INFO] bot: 🤖 ankatuber's perfect bot giriş yaptı!
2026-09-05 12:34:50,425 [INFO] bot: 🔄 28 slash komut senkronize edildi!
2026-09-05 12:37:55,636 [INFO] bot: Bot normal şekilde durduruldu, yeniden başlatılmıyor.
2026-09-05 12:38:00,161 [WARNING] discord.client: PyNaCl is not installed, voice will NOT be supported
2026-09-05 12:38:00,161 [WARNING] discord.client: davey is not installed, voice will NOT be supported
2026-09-05 12:38:00,162 [ERROR] bot: ❌ Komut dosyası yüklenirken hata, atlanıyor: commands/partners.py
Traceback (most recent call last):
  File "/home/container/main.py", line 132, in load_commands
    module.setup(bot)
    ~~~~~~~~~~~~^^^^^
  File "/home/container/commands/partners.py", line 128, in setup
    bot.loop.create_task(baslat())
    ^^^^^^^^^^^^^^^^^^^^
  File "/home/container/.local/lib/python3.13/site-packages/discord/client.py", line 170, in __getattr__
    raise AttributeError(msg)
AttributeError: loop attribute cannot be accessed in non-async contexts. Consider using either an asynchronous main function and passing it to asyncio.run or using asynchronous initialisation hooks such as Client.setup_hook
2026-09-05 12:38:00,292 [INFO] bot: ✅ Yüklendi: commands/ceviri/nuke_translate.py
2026-09-05 12:38:00,292 [INFO] bot: ✅ Yüklendi: commands/ceviri/translate_all_roles.py
2026-09-05 12:38:00,293 [INFO] bot: ✅ Yüklendi: commands/ceviri/translate_role.py
2026-09-05 12:38:00,293 [INFO] bot: ✅ Yüklendi: commands/hunter_outlaw/give_award.py
2026-09-05 12:38:00,293 [INFO] bot: ✅ Yüklendi: commands/hunter_outlaw/history.py
2026-09-05 12:38:00,294 [INFO] bot: ✅ Yüklendi: commands/hunter_outlaw/hunt_request.py
2026-09-05 12:38:00,294 [INFO] bot: ✅ Yüklendi: commands/hunter_outlaw/leaderboard.py
2026-09-05 12:38:00,294 [INFO] bot: ✅ Yüklendi: commands/hunter_outlaw/proof.py
2026-09-05 12:38:00,295 [INFO] bot: ✅ Yüklendi: commands/hunter_outlaw/reset_points.py
2026-09-05 12:38:00,295 [INFO] bot: ✅ Yüklendi: commands/hunter_outlaw/reset_user_points.py
2026-09-05 12:38:00,295 [INFO] bot: ✅ Yüklendi: commands/hunter_outlaw/set_role_icon.py
2026-09-05 12:38:00,295 [INFO] bot: ✅ Yüklendi: commands/hunter_outlaw/status.py
2026-09-05 12:38:00,296 [INFO] bot: ✅ Yüklendi: commands/genel/help.py
2026-09-05 12:38:00,296 [INFO] bot: ✅ Yüklendi: commands/genel/rules.py
2026-09-05 12:38:00,903 [INFO] bot: ✅ Yüklendi: commands/genel/sohbet.py
2026-09-05 12:38:00,903 [INFO] bot: ✅ Yüklendi: commands/genel/welcome.py
2026-09-05 12:38:00,904 [INFO] bot: ✅ Yüklendi: commands/moderasyon/ban.py
2026-09-05 12:38:00,904 [INFO] bot: ✅ Yüklendi: commands/moderasyon/clearwarnings.py
2026-09-05 12:38:00,904 [INFO] bot: ✅ Yüklendi: commands/moderasyon/filter_listener.py
2026-09-05 12:38:00,904 [INFO] bot: ✅ Yüklendi: commands/moderasyon/kick.py
2026-09-05 12:38:00,904 [INFO] bot: ✅ Yüklendi: commands/moderasyon/lock.py
2026-09-05 12:38:00,905 [INFO] bot: ✅ Yüklendi: commands/moderasyon/mute.py
2026-09-05 12:38:00,905 [INFO] bot: ✅ Yüklendi: commands/moderasyon/purge.py
2026-09-05 12:38:00,905 [INFO] bot: ✅ Yüklendi: commands/moderasyon/unlock.py
2026-09-05 12:38:00,905 [INFO] bot: ✅ Yüklendi: commands/moderasyon/unmute.py
2026-09-05 12:38:00,906 [INFO] bot: ✅ Yüklendi: commands/moderasyon/warn.py
2026-09-05 12:38:00,906 [INFO] bot: ✅ Yüklendi: commands/moderasyon/warnings_list.py
2026-09-05 12:38:00,906 [INFO] bot: ✅ Yüklendi: commands/sabika/criminal_record.py
2026-09-05 12:38:00,906 [WARNING] bot: ⚠️ 'setup' fonksiyonu bulunamadı, atlandı: commands/economy/ __init__.py
2026-09-05 12:38:00,913 [INFO] bot: ✅ Yüklendi: commands/economy/economy.py
2026-09-05 12:38:00,914 [ERROR] bot: ❌ Komut dosyası yüklenirken hata, atlanıyor: commands/wanted/catch_wanted.py
Traceback (most recent call last):
  File "/home/container/main.py", line 129, in load_commands
    spec.loader.exec_module(module)
    ~~~~~~~~~~~~~~~~~~~~~~~^^^^^^^^
  File "<frozen importlib._bootstrap_external>", line 1023, in exec_module
  File "<frozen importlib._bootstrap>", line 488, in _call_with_frames_removed
  File "/home/container/commands/wanted/catch_wanted.py", line 5, in <module>
    from utils.unbelievaboat import add_cash
ModuleNotFoundError: No module named 'utils.unbelievaboat'
2026-09-05 12:38:00,914 [INFO] bot: ✅ Yüklendi: commands/wanted/crime_listener.py
2026-09-05 12:38:00,915 [INFO] bot: ✅ Yüklendi: commands/wanted/wanted_list.py
2026-09-05 12:38:00,915 [INFO] bot: 📦 Toplam 31 komut dosyası yüklendi, 2 dosya atlandı.
2026-09-05 12:38:00,915 [INFO] discord.client: logging in using static token
2026-09-05 12:38:02,016 [INFO] discord.gateway: Shard ID None has connected to Gateway (Session ID: 85c3ebf468e1c9b5cfad2088c1552035).
2026-09-05 12:38:04,115 [INFO] bot: 🤖 ankatuber's perfect bot giriş yaptı!
2026-09-05 12:38:04,408 [INFO] bot: 🔄 28 slash komut senkronize edildi!
2026-09-05 12:39:56,983 [INFO] httpx2: HTTP Request: POST https://integrate.api.nvidia.com/v1/chat/completions "HTTP/1.1 200 OK"
2026-09-05 12:42:03,185 [INFO] httpx2: HTTP Request: POST https://integrate.api.nvidia.com/v1/chat/completions "HTTP/1.1 200 OK"
2026-09-05 12:44:05,701 [INFO] httpx2: HTTP Request: POST https://integrate.api.nvidia.com/v1/chat/completions "HTTP/1.1 200 OK"
2026-09-05 12:44:06,036 [ERROR] bot: ⚠️ message handler hatası (commands.genel.sohbet)
Traceback (most recent call last):
  File "/home/container/main.py", line 62, in on_message
    await handler(message)
  File "/home/container/commands/genel/sohbet.py", line 140, in ai_prefix_handler
    await message.reply(chunks[0], mention_author=False)
  File "/home/container/.local/lib/python3.13/site-packages/discord/message.py", line 1875, in reply
    return await self.channel.send(content, reference=self, **kwargs)
           ^^^^^^^^^^^^^^^^^^^^^^^^^^^^^^^^^^^^^^^^^^^^^^^^^^^^^^^^^^
  File "/home/container/.local/lib/python3.13/site-packages/discord/abc.py", line 1706, in send
    data = await state.http.send_message(channel.id, params=params)
           ^^^^^^^^^^^^^^^^^^^^^^^^^^^^^^^^^^^^^^^^^^^^^^^^^^^^^^^^
  File "/home/container/.local/lib/python3.13/site-packages/discord/http.py", line 778, in request
    raise HTTPException(response, data)
discord.errors.HTTPException: 400 Bad Request (error code: 50035): Invalid Form Body
In message_reference: Unknown message
2026-09-05 13:03:54,554 [INFO] bot: Bot normal şekilde durduruldu, yeniden başlatılmıyor.
2026-09-05 13:03:59,592 [WARNING] discord.client: PyNaCl is not installed, voice will NOT be supported
2026-09-05 13:03:59,593 [WARNING] discord.client: davey is not installed, voice will NOT be supported
2026-09-05 13:03:59,593 [ERROR] bot: ❌ Komut dosyası yüklenirken hata, atlanıyor: commands/partners.py
Traceback (most recent call last):
  File "/home/container/main.py", line 132, in load_commands
    module.setup(bot)
    ~~~~~~~~~~~~^^^^^
  File "/home/container/commands/partners.py", line 128, in setup
    bot.loop.create_task(baslat())
    ^^^^^^^^^^^^^^^^^^^^
  File "/home/container/.local/lib/python3.13/site-packages/discord/client.py", line 170, in __getattr__
    raise AttributeError(msg)
AttributeError: loop attribute cannot be accessed in non-async contexts. Consider using either an asynchronous main function and passing it to asyncio.run or using asynchronous initialisation hooks such as Client.setup_hook
2026-09-05 13:03:59,710 [INFO] bot: ✅ Yüklendi: commands/ceviri/nuke_translate.py
2026-09-05 13:03:59,711 [INFO] bot: ✅ Yüklendi: commands/ceviri/translate_all_roles.py
2026-09-05 13:03:59,711 [INFO] bot: ✅ Yüklendi: commands/ceviri/translate_role.py
2026-09-05 13:03:59,712 [INFO] bot: ✅ Yüklendi: commands/hunter_outlaw/give_award.py
2026-09-05 13:03:59,712 [INFO] bot: ✅ Yüklendi: commands/hunter_outlaw/history.py
2026-09-05 13:03:59,712 [INFO] bot: ✅ Yüklendi: commands/hunter_outlaw/hunt_request.py
2026-09-05 13:03:59,712 [INFO] bot: ✅ Yüklendi: commands/hunter_outlaw/leaderboard.py
2026-09-05 13:03:59,713 [INFO] bot: ✅ Yüklendi: commands/hunter_outlaw/proof.py
2026-09-05 13:03:59,713 [INFO] bot: ✅ Yüklendi: commands/hunter_outlaw/reset_points.py
2026-09-05 13:03:59,713 [INFO] bot: ✅ Yüklendi: commands/hunter_outlaw/reset_user_points.py
2026-09-05 13:03:59,713 [INFO] bot: ✅ Yüklendi: commands/hunter_outlaw/set_role_icon.py
2026-09-05 13:03:59,714 [INFO] bot: ✅ Yüklendi: commands/hunter_outlaw/status.py
2026-09-05 13:03:59,714 [INFO] bot: ✅ Yüklendi: commands/genel/help.py
2026-09-05 13:03:59,714 [INFO] bot: ✅ Yüklendi: commands/genel/rules.py
2026-09-05 13:04:00,382 [INFO] bot: ✅ Yüklendi: commands/genel/sohbet.py
2026-09-05 13:04:00,382 [INFO] bot: ✅ Yüklendi: commands/genel/welcome.py
2026-09-05 13:04:00,383 [INFO] bot: ✅ Yüklendi: commands/moderasyon/ban.py
2026-09-05 13:04:00,383 [INFO] bot: ✅ Yüklendi: commands/moderasyon/clearwarnings.py
2026-09-05 13:04:00,383 [INFO] bot: ✅ Yüklendi: commands/moderasyon/filter_listener.py
2026-09-05 13:04:00,383 [INFO] bot: ✅ Yüklendi: commands/moderasyon/kick.py
2026-09-05 13:04:00,384 [INFO] bot: ✅ Yüklendi: commands/moderasyon/lock.py
2026-09-05 13:04:00,384 [INFO] bot: ✅ Yüklendi: commands/moderasyon/mute.py
2026-09-05 13:04:00,384 [INFO] bot: ✅ Yüklendi: commands/moderasyon/purge.py
2026-09-05 13:04:00,384 [INFO] bot: ✅ Yüklendi: commands/moderasyon/unlock.py
2026-09-05 13:04:00,385 [INFO] bot: ✅ Yüklendi: commands/moderasyon/unmute.py
2026-09-05 13:04:00,385 [INFO] bot: ✅ Yüklendi: commands/moderasyon/warn.py
2026-09-05 13:04:00,385 [INFO] bot: ✅ Yüklendi: commands/moderasyon/warnings_list.py
2026-09-05 13:04:00,385 [INFO] bot: ✅ Yüklendi: commands/sabika/criminal_record.py
2026-09-05 13:04:00,386 [WARNING] bot: ⚠️ 'setup' fonksiyonu bulunamadı, atlandı: commands/economy/ __init__.py
2026-09-05 13:04:00,394 [INFO] bot: ✅ Yüklendi: commands/economy/economy.py
2026-09-05 13:04:00,395 [INFO] bot: ✅ Yüklendi: commands/economy/inventory.py
2026-09-05 13:04:00,396 [INFO] bot: ✅ Yüklendi: commands/economy/items.py
2026-09-05 13:04:00,397 [INFO] bot: ✅ Yüklendi: commands/economy/leaderboard.py
2026-09-05 13:04:00,398 [INFO] bot: ✅ Yüklendi: commands/economy/shop.py
2026-09-05 13:04:00,398 [ERROR] bot: ❌ Komut dosyası yüklenirken hata, atlanıyor: commands/wanted/catch_wanted.py
Traceback (most recent call last):
  File "/home/container/main.py", line 129, in load_commands
    spec.loader.exec_module(module)
    ~~~~~~~~~~~~~~~~~~~~~~~^^^^^^^^
  File "<frozen importlib._bootstrap_external>", line 1023, in exec_module
  File "<frozen importlib._bootstrap>", line 488, in _call_with_frames_removed
  File "/home/container/commands/wanted/catch_wanted.py", line 5, in <module>
    from utils.unbelievaboat import add_cash
ModuleNotFoundError: No module named 'utils.unbelievaboat'
2026-09-05 13:04:00,399 [INFO] bot: ✅ Yüklendi: commands/wanted/crime_listener.py
2026-09-05 13:04:00,399 [INFO] bot: ✅ Yüklendi: commands/wanted/wanted_list.py
2026-09-05 13:04:00,399 [INFO] bot: 📦 Toplam 35 komut dosyası yüklendi, 2 dosya atlandı.
2026-09-05 13:04:00,400 [INFO] discord.client: logging in using static token
2026-09-05 13:04:01,652 [INFO] discord.gateway: Shard ID None has connected to Gateway (Session ID: ef7995492d9c9a9a9fb852e909d2153d).
2026-09-05 13:04:03,678 [INFO] bot: 🤖 ankatuber's perfect bot giriş yaptı!
2026-09-05 13:04:04,072 [INFO] bot: 🔄 28 slash komut senkronize edildi!
2026-09-05 13:05:18,515 [INFO] bot: Bot normal şekilde durduruldu, yeniden başlatılmıyor.
2026-09-05 13:05:23,055 [WARNING] discord.client: PyNaCl is not installed, voice will NOT be supported
2026-09-05 13:05:23,055 [WARNING] discord.client: davey is not installed, voice will NOT be supported
2026-09-05 13:05:23,056 [ERROR] bot: ❌ Komut dosyası yüklenirken hata, atlanıyor: commands/partners.py
Traceback (most recent call last):
  File "/home/container/main.py", line 132, in load_commands
    module.setup(bot)
    ~~~~~~~~~~~~^^^^^
  File "/home/container/commands/partners.py", line 128, in setup
    bot.loop.create_task(baslat())
    ^^^^^^^^^^^^^^^^^^^^
  File "/home/container/.local/lib/python3.13/site-packages/discord/client.py", line 170, in __getattr__
    raise AttributeError(msg)
AttributeError: loop attribute cannot be accessed in non-async contexts. Consider using either an asynchronous main function and passing it to asyncio.run or using asynchronous initialisation hooks such as Client.setup_hook
2026-09-05 13:05:23,166 [INFO] bot: ✅ Yüklendi: commands/ceviri/nuke_translate.py
2026-09-05 13:05:23,166 [INFO] bot: ✅ Yüklendi: commands/ceviri/translate_all_roles.py
2026-09-05 13:05:23,166 [INFO] bot: ✅ Yüklendi: commands/ceviri/translate_role.py
2026-09-05 13:05:23,167 [INFO] bot: ✅ Yüklendi: commands/hunter_outlaw/give_award.py
2026-09-05 13:05:23,167 [INFO] bot: ✅ Yüklendi: commands/hunter_outlaw/history.py
2026-09-05 13:05:23,167 [INFO] bot: ✅ Yüklendi: commands/hunter_outlaw/hunt_request.py
2026-09-05 13:05:23,168 [INFO] bot: ✅ Yüklendi: commands/hunter_outlaw/leaderboard.py
2026-09-05 13:05:23,168 [INFO] bot: ✅ Yüklendi: commands/hunter_outlaw/proof.py
2026-09-05 13:05:23,168 [INFO] bot: ✅ Yüklendi: commands/hunter_outlaw/reset_points.py
2026-09-05 13:05:23,168 [INFO] bot: ✅ Yüklendi: commands/hunter_outlaw/reset_user_points.py
2026-09-05 13:05:23,169 [INFO] bot: ✅ Yüklendi: commands/hunter_outlaw/set_role_icon.py
2026-09-05 13:05:23,169 [INFO] bot: ✅ Yüklendi: commands/hunter_outlaw/status.py
2026-09-05 13:05:23,169 [INFO] bot: ✅ Yüklendi: commands/genel/help.py
2026-09-05 13:05:23,169 [INFO] bot: ✅ Yüklendi: commands/genel/rules.py
2026-09-05 13:05:23,791 [INFO] bot: ✅ Yüklendi: commands/genel/sohbet.py
2026-09-05 13:05:23,791 [INFO] bot: ✅ Yüklendi: commands/genel/welcome.py
2026-09-05 13:05:23,791 [INFO] bot: ✅ Yüklendi: commands/moderasyon/ban.py
2026-09-05 13:05:23,792 [INFO] bot: ✅ Yüklendi: commands/moderasyon/clearwarnings.py
2026-09-05 13:05:23,792 [INFO] bot: ✅ Yüklendi: commands/moderasyon/filter_listener.py
2026-09-05 13:05:23,792 [INFO] bot: ✅ Yüklendi: commands/moderasyon/kick.py
2026-09-05 13:05:23,792 [INFO] bot: ✅ Yüklendi: commands/moderasyon/lock.py
2026-09-05 13:05:23,793 [INFO] bot: ✅ Yüklendi: commands/moderasyon/mute.py
2026-09-05 13:05:23,793 [INFO] bot: ✅ Yüklendi: commands/moderasyon/purge.py
2026-09-05 13:05:23,793 [INFO] bot: ✅ Yüklendi: commands/moderasyon/unlock.py
2026-09-05 13:05:23,793 [INFO] bot: ✅ Yüklendi: commands/moderasyon/unmute.py
2026-09-05 13:05:23,794 [INFO] bot: ✅ Yüklendi: commands/moderasyon/warn.py
2026-09-05 13:05:23,794 [INFO] bot: ✅ Yüklendi: commands/moderasyon/warnings_list.py
2026-09-05 13:05:23,794 [INFO] bot: ✅ Yüklendi: commands/sabika/criminal_record.py
2026-09-05 13:05:23,794 [WARNING] bot: ⚠️ 'setup' fonksiyonu bulunamadı, atlandı: commands/economy/ __init__.py
2026-09-05 13:05:23,796 [INFO] bot: ✅ Yüklendi: commands/economy/economy.py
2026-09-05 13:05:23,797 [INFO] bot: ✅ Yüklendi: commands/economy/inventory.py
2026-09-05 13:05:23,797 [INFO] bot: ✅ Yüklendi: commands/economy/items.py
2026-09-05 13:05:23,798 [INFO] bot: ✅ Yüklendi: commands/economy/leaderboard.py
2026-09-05 13:05:23,798 [INFO] bot: ✅ Yüklendi: commands/economy/shop.py
2026-09-05 13:05:23,798 [ERROR] bot: ❌ Komut dosyası yüklenirken hata, atlanıyor: commands/wanted/catch_wanted.py
Traceback (most recent call last):
  File "/home/container/main.py", line 129, in load_commands
    spec.loader.exec_module(module)
    ~~~~~~~~~~~~~~~~~~~~~~~^^^^^^^^
  File "<frozen importlib._bootstrap_external>", line 1023, in exec_module
  File "<frozen importlib._bootstrap>", line 488, in _call_with_frames_removed
  File "/home/container/commands/wanted/catch_wanted.py", line 5, in <module>
    from utils.unbelievaboat import add_cash
ModuleNotFoundError: No module named 'utils.unbelievaboat'
2026-09-05 13:05:23,799 [INFO] bot: ✅ Yüklendi: commands/wanted/crime_listener.py
2026-09-05 13:05:23,799 [INFO] bot: ✅ Yüklendi: commands/wanted/wanted_list.py
2026-09-05 13:05:23,800 [INFO] bot: 📦 Toplam 35 komut dosyası yüklendi, 2 dosya atlandı.
2026-09-05 13:05:23,800 [INFO] discord.client: logging in using static token
2026-09-05 13:05:24,873 [INFO] discord.gateway: Shard ID None has connected to Gateway (Session ID: 7580fce855560a3a42fa6f380aaf10c6).
2026-09-05 13:05:26,908 [INFO] bot: 🤖 ankatuber's perfect bot giriş yaptı!
2026-09-05 13:05:27,173 [INFO] bot: 🔄 28 slash komut senkronize edildi!
2026-09-05 13:13:11,351 [INFO] bot: Bot normal şekilde durduruldu, yeniden başlatılmıyor.
2026-09-05 13:13:15,962 [WARNING] discord.client: PyNaCl is not installed, voice will NOT be supported
2026-09-05 13:13:15,962 [WARNING] discord.client: davey is not installed, voice will NOT be supported
2026-09-05 13:13:15,963 [ERROR] bot: ❌ Komut dosyası yüklenirken hata, atlanıyor: commands/partners.py
Traceback (most recent call last):
  File "/home/container/main.py", line 132, in load_commands
    module.setup(bot)
    ~~~~~~~~~~~~^^^^^
  File "/home/container/commands/partners.py", line 128, in setup
    bot.loop.create_task(baslat())
    ^^^^^^^^^^^^^^^^^^^^
  File "/home/container/.local/lib/python3.13/site-packages/discord/client.py", line 170, in __getattr__
    raise AttributeError(msg)
AttributeError: loop attribute cannot be accessed in non-async contexts. Consider using either an asynchronous main function and passing it to asyncio.run or using asynchronous initialisation hooks such as Client.setup_hook
2026-09-05 13:13:16,083 [INFO] bot: ✅ Yüklendi: commands/ceviri/nuke_translate.py
2026-09-05 13:13:16,084 [INFO] bot: ✅ Yüklendi: commands/ceviri/translate_all_roles.py
2026-09-05 13:13:16,084 [INFO] bot: ✅ Yüklendi: commands/ceviri/translate_role.py
2026-09-05 13:13:16,085 [INFO] bot: ✅ Yüklendi: commands/hunter_outlaw/give_award.py
2026-09-05 13:13:16,085 [INFO] bot: ✅ Yüklendi: commands/hunter_outlaw/history.py
2026-09-05 13:13:16,085 [INFO] bot: ✅ Yüklendi: commands/hunter_outlaw/hunt_request.py
2026-09-05 13:13:16,086 [INFO] bot: ✅ Yüklendi: commands/hunter_outlaw/leaderboard.py
2026-09-05 13:13:16,086 [INFO] bot: ✅ Yüklendi: commands/hunter_outlaw/proof.py
2026-09-05 13:13:16,086 [INFO] bot: ✅ Yüklendi: commands/hunter_outlaw/reset_points.py
2026-09-05 13:13:16,086 [INFO] bot: ✅ Yüklendi: commands/hunter_outlaw/reset_user_points.py
2026-09-05 13:13:16,087 [INFO] bot: ✅ Yüklendi: commands/hunter_outlaw/set_role_icon.py
2026-09-05 13:13:16,087 [INFO] bot: ✅ Yüklendi: commands/hunter_outlaw/status.py
2026-09-05 13:13:16,087 [INFO] bot: ✅ Yüklendi: commands/genel/help.py
2026-09-05 13:13:16,087 [INFO] bot: ✅ Yüklendi: commands/genel/rules.py
2026-09-05 13:13:16,737 [INFO] bot: ✅ Yüklendi: commands/genel/sohbet.py
2026-09-05 13:13:16,737 [INFO] bot: ✅ Yüklendi: commands/genel/welcome.py
2026-09-05 13:13:16,738 [INFO] bot: ✅ Yüklendi: commands/moderasyon/ban.py
2026-09-05 13:13:16,738 [INFO] bot: ✅ Yüklendi: commands/moderasyon/clearwarnings.py
2026-09-05 13:13:16,738 [INFO] bot: ✅ Yüklendi: commands/moderasyon/filter_listener.py
2026-09-05 13:13:16,739 [INFO] bot: ✅ Yüklendi: commands/moderasyon/kick.py
2026-09-05 13:13:16,739 [INFO] bot: ✅ Yüklendi: commands/moderasyon/lock.py
2026-09-05 13:13:16,739 [INFO] bot: ✅ Yüklendi: commands/moderasyon/mute.py
2026-09-05 13:13:16,739 [INFO] bot: ✅ Yüklendi: commands/moderasyon/purge.py
2026-09-05 13:13:16,739 [INFO] bot: ✅ Yüklendi: commands/moderasyon/unlock.py
2026-09-05 13:13:16,740 [INFO] bot: ✅ Yüklendi: commands/moderasyon/unmute.py
2026-09-05 13:13:16,740 [INFO] bot: ✅ Yüklendi: commands/moderasyon/warn.py
2026-09-05 13:13:16,740 [INFO] bot: ✅ Yüklendi: commands/moderasyon/warnings_list.py
2026-09-05 13:13:16,740 [INFO] bot: ✅ Yüklendi: commands/sabika/criminal_record.py
2026-09-05 13:13:16,741 [WARNING] bot: ⚠️ 'setup' fonksiyonu bulunamadı, atlandı: commands/economy/ __init__.py
2026-09-05 13:13:16,742 [INFO] bot: ✅ Yüklendi: commands/economy/economy.py
2026-09-05 13:13:16,742 [INFO] bot: ✅ Yüklendi: commands/economy/inventory.py
2026-09-05 13:13:16,743 [INFO] bot: ✅ Yüklendi: commands/economy/items.py
2026-09-05 13:13:16,743 [INFO] bot: ✅ Yüklendi: commands/economy/leaderboard.py
2026-09-05 13:13:16,744 [INFO] bot: ✅ Yüklendi: commands/economy/shop.py
2026-09-05 13:13:16,744 [ERROR] bot: ❌ Komut dosyası yüklenirken hata, atlanıyor: commands/wanted/catch_wanted.py
Traceback (most recent call last):
  File "/home/container/main.py", line 129, in load_commands
    spec.loader.exec_module(module)
    ~~~~~~~~~~~~~~~~~~~~~~~^^^^^^^^
  File "<frozen importlib._bootstrap_external>", line 1023, in exec_module
  File "<frozen importlib._bootstrap>", line 488, in _call_with_frames_removed
  File "/home/container/commands/wanted/catch_wanted.py", line 5, in <module>
    from utils.unbelievaboat import add_cash
ModuleNotFoundError: No module named 'utils.unbelievaboat'
2026-09-05 13:13:16,745 [INFO] bot: ✅ Yüklendi: commands/wanted/crime_listener.py
2026-09-05 13:13:16,745 [INFO] bot: ✅ Yüklendi: commands/wanted/wanted_list.py
2026-09-05 13:13:16,745 [INFO] bot: 📦 Toplam 35 komut dosyası yüklendi, 2 dosya atlandı.
2026-09-05 13:13:16,746 [INFO] discord.client: logging in using static token
2026-09-05 13:13:18,493 [INFO] discord.gateway: Shard ID None has connected to Gateway (Session ID: efbd7c875cb02038147fe0a02384d061).
2026-09-05 13:13:20,537 [INFO] bot: 🤖 ankatuber's perfect bot giriş yaptı!
2026-09-05 13:13:20,819 [INFO] bot: 🔄 28 slash komut senkronize edildi!
2026-09-05 13:15:35,657 [INFO] bot: Bot normal şekilde durduruldu, yeniden başlatılmıyor.
2026-09-05 13:15:40,600 [WARNING] discord.client: PyNaCl is not installed, voice will NOT be supported
2026-09-05 13:15:40,600 [WARNING] discord.client: davey is not installed, voice will NOT be supported
2026-09-05 13:15:40,601 [ERROR] bot: ❌ Komut dosyası yüklenirken hata, atlanıyor: commands/partners.py
Traceback (most recent call last):
  File "/home/container/main.py", line 132, in load_commands
    module.setup(bot)
    ~~~~~~~~~~~~^^^^^
  File "/home/container/commands/partners.py", line 128, in setup
    bot.loop.create_task(baslat())
    ^^^^^^^^^^^^^^^^^^^^
  File "/home/container/.local/lib/python3.13/site-packages/discord/client.py", line 170, in __getattr__
    raise AttributeError(msg)
AttributeError: loop attribute cannot be accessed in non-async contexts. Consider using either an asynchronous main function and passing it to asyncio.run or using asynchronous initialisation hooks such as Client.setup_hook
2026-09-05 13:15:40,728 [INFO] bot: ✅ Yüklendi: commands/ceviri/nuke_translate.py
2026-09-05 13:15:40,728 [INFO] bot: ✅ Yüklendi: commands/ceviri/translate_all_roles.py
2026-09-05 13:15:40,729 [INFO] bot: ✅ Yüklendi: commands/ceviri/translate_role.py
2026-09-05 13:15:40,729 [INFO] bot: ✅ Yüklendi: commands/hunter_outlaw/give_award.py
2026-09-05 13:15:40,730 [INFO] bot: ✅ Yüklendi: commands/hunter_outlaw/history.py
2026-09-05 13:15:40,730 [INFO] bot: ✅ Yüklendi: commands/hunter_outlaw/hunt_request.py
2026-09-05 13:15:40,730 [INFO] bot: ✅ Yüklendi: commands/hunter_outlaw/leaderboard.py
2026-09-05 13:15:40,730 [INFO] bot: ✅ Yüklendi: commands/hunter_outlaw/proof.py
2026-09-05 13:15:40,731 [INFO] bot: ✅ Yüklendi: commands/hunter_outlaw/reset_points.py
2026-09-05 13:15:40,731 [INFO] bot: ✅ Yüklendi: commands/hunter_outlaw/reset_user_points.py
2026-09-05 13:15:40,731 [INFO] bot: ✅ Yüklendi: commands/hunter_outlaw/set_role_icon.py
2026-09-05 13:15:40,731 [INFO] bot: ✅ Yüklendi: commands/hunter_outlaw/status.py
2026-09-05 13:15:40,732 [INFO] bot: ✅ Yüklendi: commands/genel/help.py
2026-09-05 13:15:40,732 [INFO] bot: ✅ Yüklendi: commands/genel/rules.py
2026-09-05 13:15:41,348 [INFO] bot: ✅ Yüklendi: commands/genel/sohbet.py
2026-09-05 13:15:41,348 [INFO] bot: ✅ Yüklendi: commands/genel/welcome.py
2026-09-05 13:15:41,348 [INFO] bot: ✅ Yüklendi: commands/moderasyon/ban.py
2026-09-05 13:15:41,349 [INFO] bot: ✅ Yüklendi: commands/moderasyon/clearwarnings.py
2026-09-05 13:15:41,349 [INFO] bot: ✅ Yüklendi: commands/moderasyon/filter_listener.py
2026-09-05 13:15:41,349 [INFO] bot: ✅ Yüklendi: commands/moderasyon/kick.py
2026-09-05 13:15:41,349 [INFO] bot: ✅ Yüklendi: commands/moderasyon/lock.py
2026-09-05 13:15:41,349 [INFO] bot: ✅ Yüklendi: commands/moderasyon/mute.py
2026-09-05 13:15:41,350 [INFO] bot: ✅ Yüklendi: commands/moderasyon/purge.py
2026-09-05 13:15:41,350 [INFO] bot: ✅ Yüklendi: commands/moderasyon/unlock.py
2026-09-05 13:15:41,350 [INFO] bot: ✅ Yüklendi: commands/moderasyon/unmute.py
2026-09-05 13:15:41,350 [INFO] bot: ✅ Yüklendi: commands/moderasyon/warn.py
2026-09-05 13:15:41,350 [INFO] bot: ✅ Yüklendi: commands/moderasyon/warnings_list.py
2026-09-05 13:15:41,351 [INFO] bot: ✅ Yüklendi: commands/sabika/criminal_record.py
2026-09-05 13:15:41,351 [WARNING] bot: ⚠️ 'setup' fonksiyonu bulunamadı, atlandı: commands/economy/ __init__.py
2026-09-05 13:15:41,352 [INFO] bot: ✅ Yüklendi: commands/economy/economy.py
2026-09-05 13:15:41,353 [INFO] bot: ✅ Yüklendi: commands/economy/inventory.py
2026-09-05 13:15:41,353 [INFO] bot: ✅ Yüklendi: commands/economy/items.py
2026-09-05 13:15:41,353 [INFO] bot: ✅ Yüklendi: commands/economy/leaderboard.py
2026-09-05 13:15:41,354 [INFO] bot: ✅ Yüklendi: commands/economy/shop.py
2026-09-05 13:15:41,354 [ERROR] bot: ❌ Komut dosyası yüklenirken hata, atlanıyor: commands/wanted/catch_wanted.py
Traceback (most recent call last):
  File "/home/container/main.py", line 129, in load_commands
    spec.loader.exec_module(module)
    ~~~~~~~~~~~~~~~~~~~~~~~^^^^^^^^
  File "<frozen importlib._bootstrap_external>", line 1023, in exec_module
  File "<frozen importlib._bootstrap>", line 488, in _call_with_frames_removed
  File "/home/container/commands/wanted/catch_wanted.py", line 5, in <module>
    from utils.unbelievaboat import add_cash
ModuleNotFoundError: No module named 'utils.unbelievaboat'
2026-09-05 13:15:41,355 [INFO] bot: ✅ Yüklendi: commands/wanted/crime_listener.py
2026-09-05 13:15:41,355 [INFO] bot: ✅ Yüklendi: commands/wanted/wanted_list.py
2026-09-05 13:15:41,355 [INFO] bot: 📦 Toplam 35 komut dosyası yüklendi, 2 dosya atlandı.
2026-09-05 13:15:41,356 [INFO] discord.client: logging in using static token
2026-09-05 13:15:42,862 [INFO] discord.gateway: Shard ID None has connected to Gateway (Session ID: 56231a39acc5ce4da25bc19bea839c73).
2026-09-05 13:15:44,895 [INFO] bot: 🤖 ankatuber's perfect bot giriş yaptı!
2026-09-05 13:15:45,230 [INFO] bot: 🔄 28 slash komut senkronize edildi!
2026-09-05 13:21:56,348 [INFO] bot: Bot normal şekilde durduruldu, yeniden başlatılmıyor.
2026-09-05 13:22:00,926 [WARNING] discord.client: PyNaCl is not installed, voice will NOT be supported
2026-09-05 13:22:00,926 [WARNING] discord.client: davey is not installed, voice will NOT be supported
2026-09-05 13:22:00,927 [ERROR] bot: ❌ Komut dosyası yüklenirken hata, atlanıyor: commands/partners.py
Traceback (most recent call last):
  File "/home/container/main.py", line 132, in load_commands
    module.setup(bot)
    ~~~~~~~~~~~~^^^^^
  File "/home/container/commands/partners.py", line 128, in setup
    bot.loop.create_task(baslat())
    ^^^^^^^^^^^^^^^^^^^^
  File "/home/container/.local/lib/python3.13/site-packages/discord/client.py", line 170, in __getattr__
    raise AttributeError(msg)
AttributeError: loop attribute cannot be accessed in non-async contexts. Consider using either an asynchronous main function and passing it to asyncio.run or using asynchronous initialisation hooks such as Client.setup_hook
2026-09-05 13:22:01,044 [INFO] bot: ✅ Yüklendi: commands/ceviri/nuke_translate.py
2026-09-05 13:22:01,044 [INFO] bot: ✅ Yüklendi: commands/ceviri/translate_all_roles.py
2026-09-05 13:22:01,045 [INFO] bot: ✅ Yüklendi: commands/ceviri/translate_role.py
2026-09-05 13:22:01,046 [INFO] bot: ✅ Yüklendi: commands/hunter_outlaw/give_award.py
2026-09-05 13:22:01,046 [INFO] bot: ✅ Yüklendi: commands/hunter_outlaw/history.py
2026-09-05 13:22:01,046 [INFO] bot: ✅ Yüklendi: commands/hunter_outlaw/hunt_request.py
2026-09-05 13:22:01,046 [INFO] bot: ✅ Yüklendi: commands/hunter_outlaw/leaderboard.py
2026-09-05 13:22:01,047 [INFO] bot: ✅ Yüklendi: commands/hunter_outlaw/proof.py
2026-09-05 13:22:01,047 [INFO] bot: ✅ Yüklendi: commands/hunter_outlaw/reset_points.py
2026-09-05 13:22:01,047 [INFO] bot: ✅ Yüklendi: commands/hunter_outlaw/reset_user_points.py
2026-09-05 13:22:01,048 [INFO] bot: ✅ Yüklendi: commands/hunter_outlaw/set_role_icon.py
2026-09-05 13:22:01,048 [INFO] bot: ✅ Yüklendi: commands/hunter_outlaw/status.py
2026-09-05 13:22:01,048 [INFO] bot: ✅ Yüklendi: commands/genel/help.py
2026-09-05 13:22:01,048 [INFO] bot: ✅ Yüklendi: commands/genel/rules.py
2026-09-05 13:22:01,670 [INFO] bot: ✅ Yüklendi: commands/genel/sohbet.py
2026-09-05 13:22:01,670 [INFO] bot: ✅ Yüklendi: commands/genel/welcome.py
2026-09-05 13:22:01,671 [INFO] bot: ✅ Yüklendi: commands/moderasyon/ban.py
2026-09-05 13:22:01,671 [INFO] bot: ✅ Yüklendi: commands/moderasyon/clearwarnings.py
2026-09-05 13:22:01,671 [INFO] bot: ✅ Yüklendi: commands/moderasyon/filter_listener.py
2026-09-05 13:22:01,671 [INFO] bot: ✅ Yüklendi: commands/moderasyon/kick.py
2026-09-05 13:22:01,672 [INFO] bot: ✅ Yüklendi: commands/moderasyon/lock.py
2026-09-05 13:22:01,674 [INFO] bot: ✅ Yüklendi: commands/moderasyon/mute.py
2026-09-05 13:22:01,675 [INFO] bot: ✅ Yüklendi: commands/moderasyon/purge.py
2026-09-05 13:22:01,675 [INFO] bot: ✅ Yüklendi: commands/moderasyon/unlock.py
2026-09-05 13:22:01,676 [INFO] bot: ✅ Yüklendi: commands/moderasyon/unmute.py
2026-09-05 13:22:01,676 [INFO] bot: ✅ Yüklendi: commands/moderasyon/warn.py
2026-09-05 13:22:01,676 [INFO] bot: ✅ Yüklendi: commands/moderasyon/warnings_list.py
2026-09-05 13:22:01,676 [INFO] bot: ✅ Yüklendi: commands/sabika/criminal_record.py
2026-09-05 13:22:01,677 [WARNING] bot: ⚠️ 'setup' fonksiyonu bulunamadı, atlandı: commands/economy/ __init__.py
2026-09-05 13:22:01,679 [INFO] bot: ✅ Yüklendi: commands/economy/economy.py
2026-09-05 13:22:01,680 [INFO] bot: ✅ Yüklendi: commands/economy/inventory.py
2026-09-05 13:22:01,681 [INFO] bot: ✅ Yüklendi: commands/economy/items.py
2026-09-05 13:22:01,681 [INFO] bot: ✅ Yüklendi: commands/economy/leaderboard.py
2026-09-05 13:22:01,682 [ERROR] bot: ❌ Komut dosyası yüklenirken hata, atlanıyor: commands/economy/shop.py
Traceback (most recent call last):
  File "/home/container/main.py", line 132, in load_commands
    module.setup(bot)
    ~~~~~~~~~~~~^^^^^
  File "/home/container/commands/economy/shop.py", line 8, in setup
    @bot.command(name="shop")
     ~~~~~~~~~~~^^^^^^^^^^^^^
  File "/home/container/.local/lib/python3.13/site-packages/discord/ext/commands/core.py", line 1553, in decorator
    self.add_command(result)
    ~~~~~~~~~~~~~~~~^^^^^^^^
  File "/home/container/.local/lib/python3.13/site-packages/discord/ext/commands/bot.py", line 264, in add_command
    super().add_command(command)
    ~~~~~~~~~~~~~~~~~~~^^^^^^^^^
  File "/home/container/.local/lib/python3.13/site-packages/discord/ext/commands/core.py", line 1391, in add_command
    raise CommandRegistrationError(command.name)
discord.ext.commands.errors.CommandRegistrationError: The command shop is already an existing command or alias.
2026-09-05 13:22:01,684 [ERROR] bot: ❌ Komut dosyası yüklenirken hata, atlanıyor: commands/wanted/catch_wanted.py
Traceback (most recent call last):
  File "/home/container/main.py", line 129, in load_commands
    spec.loader.exec_module(module)
    ~~~~~~~~~~~~~~~~~~~~~~~^^^^^^^^
  File "<frozen importlib._bootstrap_external>", line 1023, in exec_module
  File "<frozen importlib._bootstrap>", line 488, in _call_with_frames_removed
  File "/home/container/commands/wanted/catch_wanted.py", line 5, in <module>
    from utils.unbelievaboat import add_cash
ModuleNotFoundError: No module named 'utils.unbelievaboat'
2026-09-05 13:22:01,685 [INFO] bot: ✅ Yüklendi: commands/wanted/crime_listener.py
2026-09-05 13:22:01,685 [INFO] bot: ✅ Yüklendi: commands/wanted/wanted_list.py
2026-09-05 13:22:01,685 [INFO] bot: 📦 Toplam 34 komut dosyası yüklendi, 3 dosya atlandı.
2026-09-05 13:22:01,686 [INFO] discord.client: logging in using static token
2026-09-05 13:22:02,671 [INFO] discord.gateway: Shard ID None has connected to Gateway (Session ID: 1617262094bef52adb4f7b2ffb692761).
2026-09-05 13:22:04,740 [INFO] bot: 🤖 ankatuber's perfect bot giriş yaptı!
2026-09-05 13:22:05,022 [INFO] bot: 🔄 28 slash komut senkronize edildi!
2026-09-05 13:25:08,004 [INFO] bot: Bot normal şekilde durduruldu, yeniden başlatılmıyor.
2026-09-05 13:25:12,744 [WARNING] discord.client: PyNaCl is not installed, voice will NOT be supported
2026-09-05 13:25:12,744 [WARNING] discord.client: davey is not installed, voice will NOT be supported
2026-09-05 13:25:12,745 [ERROR] bot: ❌ Komut dosyası yüklenirken hata, atlanıyor: commands/partners.py
Traceback (most recent call last):
  File "/home/container/main.py", line 132, in load_commands
    module.setup(bot)
    ~~~~~~~~~~~~^^^^^
  File "/home/container/commands/partners.py", line 128, in setup
    bot.loop.create_task(baslat())
    ^^^^^^^^^^^^^^^^^^^^
  File "/home/container/.local/lib/python3.13/site-packages/discord/client.py", line 170, in __getattr__
    raise AttributeError(msg)
AttributeError: loop attribute cannot be accessed in non-async contexts. Consider using either an asynchronous main function and passing it to asyncio.run or using asynchronous initialisation hooks such as Client.setup_hook
2026-09-05 13:25:12,875 [INFO] bot: ✅ Yüklendi: commands/ceviri/nuke_translate.py
2026-09-05 13:25:12,875 [INFO] bot: ✅ Yüklendi: commands/ceviri/translate_all_roles.py
2026-09-05 13:25:12,876 [INFO] bot: ✅ Yüklendi: commands/ceviri/translate_role.py
2026-09-05 13:25:12,876 [INFO] bot: ✅ Yüklendi: commands/hunter_outlaw/give_award.py
2026-09-05 13:25:12,876 [INFO] bot: ✅ Yüklendi: commands/hunter_outlaw/history.py
2026-09-05 13:25:12,877 [INFO] bot: ✅ Yüklendi: commands/hunter_outlaw/hunt_request.py
2026-09-05 13:25:12,877 [INFO] bot: ✅ Yüklendi: commands/hunter_outlaw/leaderboard.py
2026-09-05 13:25:12,877 [INFO] bot: ✅ Yüklendi: commands/hunter_outlaw/proof.py
2026-09-05 13:25:12,878 [INFO] bot: ✅ Yüklendi: commands/hunter_outlaw/reset_points.py
2026-09-05 13:25:12,878 [INFO] bot: ✅ Yüklendi: commands/hunter_outlaw/reset_user_points.py
2026-09-05 13:25:12,878 [INFO] bot: ✅ Yüklendi: commands/hunter_outlaw/set_role_icon.py
2026-09-05 13:25:12,879 [INFO] bot: ✅ Yüklendi: commands/hunter_outlaw/status.py
2026-09-05 13:25:12,879 [INFO] bot: ✅ Yüklendi: commands/genel/help.py
2026-09-05 13:25:12,879 [INFO] bot: ✅ Yüklendi: commands/genel/rules.py
2026-09-05 13:25:13,512 [INFO] bot: ✅ Yüklendi: commands/genel/sohbet.py
2026-09-05 13:25:13,512 [INFO] bot: ✅ Yüklendi: commands/genel/welcome.py
2026-09-05 13:25:13,513 [INFO] bot: ✅ Yüklendi: commands/moderasyon/ban.py
2026-09-05 13:25:13,513 [INFO] bot: ✅ Yüklendi: commands/moderasyon/clearwarnings.py
2026-09-05 13:25:13,513 [INFO] bot: ✅ Yüklendi: commands/moderasyon/filter_listener.py
2026-09-05 13:25:13,513 [INFO] bot: ✅ Yüklendi: commands/moderasyon/kick.py
2026-09-05 13:25:13,513 [INFO] bot: ✅ Yüklendi: commands/moderasyon/lock.py
2026-09-05 13:25:13,514 [INFO] bot: ✅ Yüklendi: commands/moderasyon/mute.py
2026-09-05 13:25:13,514 [INFO] bot: ✅ Yüklendi: commands/moderasyon/purge.py
2026-09-05 13:25:13,514 [INFO] bot: ✅ Yüklendi: commands/moderasyon/unlock.py
2026-09-05 13:25:13,514 [INFO] bot: ✅ Yüklendi: commands/moderasyon/unmute.py
2026-09-05 13:25:13,515 [INFO] bot: ✅ Yüklendi: commands/moderasyon/warn.py
2026-09-05 13:25:13,515 [INFO] bot: ✅ Yüklendi: commands/moderasyon/warnings_list.py
2026-09-05 13:25:13,515 [INFO] bot: ✅ Yüklendi: commands/sabika/criminal_record.py
2026-09-05 13:25:13,515 [WARNING] bot: ⚠️ 'setup' fonksiyonu bulunamadı, atlandı: commands/economy/ __init__.py
2026-09-05 13:25:13,518 [INFO] bot: ✅ Yüklendi: commands/economy/economy.py
2026-09-05 13:25:13,519 [INFO] bot: ✅ Yüklendi: commands/economy/inventory.py
2026-09-05 13:25:13,519 [INFO] bot: ✅ Yüklendi: commands/economy/items.py
2026-09-05 13:25:13,520 [INFO] bot: ✅ Yüklendi: commands/economy/leaderboard.py
2026-09-05 13:25:13,521 [INFO] bot: ✅ Yüklendi: commands/economy/shop.py
2026-09-05 13:25:13,521 [ERROR] bot: ❌ Komut dosyası yüklenirken hata, atlanıyor: commands/wanted/catch_wanted.py
Traceback (most recent call last):
  File "/home/container/main.py", line 129, in load_commands
    spec.loader.exec_module(module)
    ~~~~~~~~~~~~~~~~~~~~~~~^^^^^^^^
  File "<frozen importlib._bootstrap_external>", line 1023, in exec_module
  File "<frozen importlib._bootstrap>", line 488, in _call_with_frames_removed
  File "/home/container/commands/wanted/catch_wanted.py", line 5, in <module>
    from utils.unbelievaboat import add_cash
ModuleNotFoundError: No module named 'utils.unbelievaboat'
2026-09-05 13:25:13,522 [INFO] bot: ✅ Yüklendi: commands/wanted/crime_listener.py
2026-09-05 13:25:13,522 [INFO] bot: ✅ Yüklendi: commands/wanted/wanted_list.py
2026-09-05 13:25:13,523 [INFO] bot: 📦 Toplam 35 komut dosyası yüklendi, 2 dosya atlandı.
2026-09-05 13:25:13,523 [INFO] discord.client: logging in using static token
2026-09-05 13:25:14,611 [INFO] discord.gateway: Shard ID None has connected to Gateway (Session ID: ed8d32544fb6ca2d6c593eff4f709361).
2026-09-05 13:25:16,650 [INFO] bot: 🤖 ankatuber's perfect bot giriş yaptı!
2026-09-05 13:25:16,893 [INFO] bot: 🔄 28 slash komut senkronize edildi!
2026-09-05 13:27:06,383 [INFO] bot: Bot normal şekilde durduruldu, yeniden başlatılmıyor.
2026-09-05 13:27:11,357 [WARNING] discord.client: PyNaCl is not installed, voice will NOT be supported
2026-09-05 13:27:11,357 [WARNING] discord.client: davey is not installed, voice will NOT be supported
2026-09-05 13:27:11,358 [ERROR] bot: ❌ Komut dosyası yüklenirken hata, atlanıyor: commands/partners.py
Traceback (most recent call last):
  File "/home/container/main.py", line 132, in load_commands
    module.setup(bot)
    ~~~~~~~~~~~~^^^^^
  File "/home/container/commands/partners.py", line 128, in setup
    bot.loop.create_task(baslat())
    ^^^^^^^^^^^^^^^^^^^^
  File "/home/container/.local/lib/python3.13/site-packages/discord/client.py", line 170, in __getattr__
    raise AttributeError(msg)
AttributeError: loop attribute cannot be accessed in non-async contexts. Consider using either an asynchronous main function and passing it to asyncio.run or using asynchronous initialisation hooks such as Client.setup_hook
2026-09-05 13:27:11,477 [INFO] bot: ✅ Yüklendi: commands/ceviri/nuke_translate.py
2026-09-05 13:27:11,478 [INFO] bot: ✅ Yüklendi: commands/ceviri/translate_all_roles.py
2026-09-05 13:27:11,478 [INFO] bot: ✅ Yüklendi: commands/ceviri/translate_role.py
2026-09-05 13:27:11,479 [INFO] bot: ✅ Yüklendi: commands/hunter_outlaw/give_award.py
2026-09-05 13:27:11,479 [INFO] bot: ✅ Yüklendi: commands/hunter_outlaw/history.py
2026-09-05 13:27:11,479 [INFO] bot: ✅ Yüklendi: commands/hunter_outlaw/hunt_request.py
2026-09-05 13:27:11,480 [INFO] bot: ✅ Yüklendi: commands/hunter_outlaw/leaderboard.py
2026-09-05 13:27:11,480 [INFO] bot: ✅ Yüklendi: commands/hunter_outlaw/proof.py
2026-09-05 13:27:11,480 [INFO] bot: ✅ Yüklendi: commands/hunter_outlaw/reset_points.py
2026-09-05 13:27:11,480 [INFO] bot: ✅ Yüklendi: commands/hunter_outlaw/reset_user_points.py
2026-09-05 13:27:11,481 [INFO] bot: ✅ Yüklendi: commands/hunter_outlaw/set_role_icon.py
2026-09-05 13:27:11,481 [INFO] bot: ✅ Yüklendi: commands/hunter_outlaw/status.py
2026-09-05 13:27:11,481 [INFO] bot: ✅ Yüklendi: commands/genel/help.py
2026-09-05 13:27:11,481 [INFO] bot: ✅ Yüklendi: commands/genel/rules.py
2026-09-05 13:27:12,164 [INFO] bot: ✅ Yüklendi: commands/genel/sohbet.py
2026-09-05 13:27:12,165 [INFO] bot: ✅ Yüklendi: commands/genel/welcome.py
2026-09-05 13:27:12,165 [INFO] bot: ✅ Yüklendi: commands/moderasyon/ban.py
2026-09-05 13:27:12,165 [INFO] bot: ✅ Yüklendi: commands/moderasyon/clearwarnings.py
2026-09-05 13:27:12,165 [INFO] bot: ✅ Yüklendi: commands/moderasyon/filter_listener.py
2026-09-05 13:27:12,166 [INFO] bot: ✅ Yüklendi: commands/moderasyon/kick.py
2026-09-05 13:27:12,166 [INFO] bot: ✅ Yüklendi: commands/moderasyon/lock.py
2026-09-05 13:27:12,166 [INFO] bot: ✅ Yüklendi: commands/moderasyon/mute.py
2026-09-05 13:27:12,167 [INFO] bot: ✅ Yüklendi: commands/moderasyon/purge.py
2026-09-05 13:27:12,167 [INFO] bot: ✅ Yüklendi: commands/moderasyon/unlock.py
2026-09-05 13:27:12,167 [INFO] bot: ✅ Yüklendi: commands/moderasyon/unmute.py
2026-09-05 13:27:12,167 [INFO] bot: ✅ Yüklendi: commands/moderasyon/warn.py
2026-09-05 13:27:12,167 [INFO] bot: ✅ Yüklendi: commands/moderasyon/warnings_list.py
2026-09-05 13:27:12,168 [INFO] bot: ✅ Yüklendi: commands/sabika/criminal_record.py
2026-09-05 13:27:12,168 [WARNING] bot: ⚠️ 'setup' fonksiyonu bulunamadı, atlandı: commands/economy/ __init__.py
2026-09-05 13:27:12,169 [INFO] bot: ✅ Yüklendi: commands/economy/economy.py
2026-09-05 13:27:12,170 [INFO] bot: ✅ Yüklendi: commands/economy/inventory.py
2026-09-05 13:27:12,170 [INFO] bot: ✅ Yüklendi: commands/economy/items.py
2026-09-05 13:27:12,171 [INFO] bot: ✅ Yüklendi: commands/economy/leaderboard.py
2026-09-05 13:27:12,171 [INFO] bot: ✅ Yüklendi: commands/economy/shop.py
2026-09-05 13:27:12,171 [ERROR] bot: ❌ Komut dosyası yüklenirken hata, atlanıyor: commands/wanted/catch_wanted.py
Traceback (most recent call last):
  File "/home/container/main.py", line 129, in load_commands
    spec.loader.exec_module(module)
    ~~~~~~~~~~~~~~~~~~~~~~~^^^^^^^^
  File "<frozen importlib._bootstrap_external>", line 1023, in exec_module
  File "<frozen importlib._bootstrap>", line 488, in _call_with_frames_removed
  File "/home/container/commands/wanted/catch_wanted.py", line 5, in <module>
    from utils.unbelievaboat import add_cash
ModuleNotFoundError: No module named 'utils.unbelievaboat'
2026-09-05 13:27:12,172 [INFO] bot: ✅ Yüklendi: commands/wanted/crime_listener.py
2026-09-05 13:27:12,172 [INFO] bot: ✅ Yüklendi: commands/wanted/wanted_list.py
2026-09-05 13:27:12,172 [INFO] bot: 📦 Toplam 35 komut dosyası yüklendi, 2 dosya atlandı.
2026-09-05 13:27:12,173 [INFO] discord.client: logging in using static token
2026-09-05 13:27:13,203 [INFO] discord.gateway: Shard ID None has connected to Gateway (Session ID: a306fc8ab097a203b85d3a2b4822f04f).
2026-09-05 13:27:15,230 [INFO] bot: 🤖 ankatuber's perfect bot giriş yaptı!
2026-09-05 13:27:15,641 [INFO] bot: 🔄 28 slash komut senkronize edildi!
2026-09-05 14:02:34,359 [INFO] discord.gateway: Shard ID None has successfully RESUMED session a306fc8ab097a203b85d3a2b4822f04f.
2026-09-05 14:09:45,415 [INFO] bot: Bot normal şekilde durduruldu, yeniden başlatılmıyor.
2026-09-05 14:09:50,816 [WARNING] discord.client: PyNaCl is not installed, voice will NOT be supported
2026-09-05 14:09:50,816 [WARNING] discord.client: davey is not installed, voice will NOT be supported
2026-09-05 14:09:50,818 [ERROR] bot: ❌ Komut dosyası yüklenirken hata, atlanıyor: commands/partners.py
Traceback (most recent call last):
  File "/home/container/main.py", line 132, in load_commands
    module.setup(bot)
    ~~~~~~~~~~~~^^^^^
  File "/home/container/commands/partners.py", line 128, in setup
    bot.loop.create_task(baslat())
    ^^^^^^^^^^^^^^^^^^^^
  File "/home/container/.local/lib/python3.13/site-packages/discord/client.py", line 170, in __getattr__
    raise AttributeError(msg)
AttributeError: loop attribute cannot be accessed in non-async contexts. Consider using either an asynchronous main function and passing it to asyncio.run or using asynchronous initialisation hooks such as Client.setup_hook
2026-09-05 14:09:50,965 [INFO] bot: ✅ Yüklendi: commands/ceviri/nuke_translate.py
2026-09-05 14:09:50,966 [INFO] bot: ✅ Yüklendi: commands/ceviri/translate_all_roles.py
2026-09-05 14:09:50,967 [INFO] bot: ✅ Yüklendi: commands/ceviri/translate_role.py
2026-09-05 14:09:50,969 [INFO] bot: ✅ Yüklendi: commands/hunter_outlaw/give_award.py
2026-09-05 14:09:50,969 [INFO] bot: ✅ Yüklendi: commands/hunter_outlaw/history.py
2026-09-05 14:09:50,970 [INFO] bot: ✅ Yüklendi: commands/hunter_outlaw/hunt_request.py
2026-09-05 14:09:50,971 [INFO] bot: ✅ Yüklendi: commands/hunter_outlaw/leaderboard.py
2026-09-05 14:09:50,971 [INFO] bot: ✅ Yüklendi: commands/hunter_outlaw/proof.py
2026-09-05 14:09:50,972 [INFO] bot: ✅ Yüklendi: commands/hunter_outlaw/reset_points.py
2026-09-05 14:09:50,972 [INFO] bot: ✅ Yüklendi: commands/hunter_outlaw/reset_user_points.py
2026-09-05 14:09:50,973 [INFO] bot: ✅ Yüklendi: commands/hunter_outlaw/set_role_icon.py
2026-09-05 14:09:50,973 [INFO] bot: ✅ Yüklendi: commands/hunter_outlaw/status.py
2026-09-05 14:09:50,973 [INFO] bot: ✅ Yüklendi: commands/genel/help.py
2026-09-05 14:09:50,974 [INFO] bot: ✅ Yüklendi: commands/genel/rules.py
2026-09-05 14:09:51,666 [INFO] bot: ✅ Yüklendi: commands/genel/sohbet.py
2026-09-05 14:09:51,667 [INFO] bot: ✅ Yüklendi: commands/genel/welcome.py
2026-09-05 14:09:51,668 [INFO] bot: ✅ Yüklendi: commands/moderasyon/ban.py
2026-09-05 14:09:51,669 [INFO] bot: ✅ Yüklendi: commands/moderasyon/clearwarnings.py
2026-09-05 14:09:51,669 [INFO] bot: ✅ Yüklendi: commands/moderasyon/filter_listener.py
2026-09-05 14:09:51,670 [INFO] bot: ✅ Yüklendi: commands/moderasyon/kick.py
2026-09-05 14:09:51,670 [INFO] bot: ✅ Yüklendi: commands/moderasyon/lock.py
2026-09-05 14:09:51,671 [INFO] bot: ✅ Yüklendi: commands/moderasyon/mute.py
2026-09-05 14:09:51,671 [INFO] bot: ✅ Yüklendi: commands/moderasyon/purge.py
2026-09-05 14:09:51,671 [INFO] bot: ✅ Yüklendi: commands/moderasyon/unlock.py
2026-09-05 14:09:51,672 [INFO] bot: ✅ Yüklendi: commands/moderasyon/unmute.py
2026-09-05 14:09:51,672 [INFO] bot: ✅ Yüklendi: commands/moderasyon/warn.py
2026-09-05 14:09:51,673 [INFO] bot: ✅ Yüklendi: commands/moderasyon/warnings_list.py
2026-09-05 14:09:51,673 [INFO] bot: ✅ Yüklendi: commands/sabika/criminal_record.py
2026-09-05 14:09:51,674 [WARNING] bot: ⚠️ 'setup' fonksiyonu bulunamadı, atlandı: commands/economy/ __init__.py
2026-09-05 14:09:51,676 [INFO] bot: ✅ Yüklendi: commands/economy/economy.py
2026-09-05 14:09:51,677 [INFO] bot: ✅ Yüklendi: commands/economy/inventory.py
2026-09-05 14:09:51,678 [INFO] bot: ✅ Yüklendi: commands/economy/items.py
2026-09-05 14:09:51,678 [INFO] bot: ✅ Yüklendi: commands/economy/leaderboard.py
2026-09-05 14:09:51,680 [INFO] bot: ✅ Yüklendi: commands/economy/shop.py
2026-09-05 14:09:51,680 [ERROR] bot: ❌ Komut dosyası yüklenirken hata, atlanıyor: commands/wanted/catch_wanted.py
Traceback (most recent call last):
  File "/home/container/main.py", line 129, in load_commands
    spec.loader.exec_module(module)
    ~~~~~~~~~~~~~~~~~~~~~~~^^^^^^^^
  File "<frozen importlib._bootstrap_external>", line 1023, in exec_module
  File "<frozen importlib._bootstrap>", line 488, in _call_with_frames_removed
  File "/home/container/commands/wanted/catch_wanted.py", line 5, in <module>
    from utils.unbelievaboat import add_cash
ModuleNotFoundError: No module named 'utils.unbelievaboat'
2026-09-05 14:09:51,681 [INFO] bot: ✅ Yüklendi: commands/wanted/crime_listener.py
2026-09-05 14:09:51,682 [INFO] bot: ✅ Yüklendi: commands/wanted/wanted_list.py
2026-09-05 14:09:51,682 [INFO] bot: 📦 Toplam 35 komut dosyası yüklendi, 2 dosya atlandı.
2026-09-05 14:09:51,682 [INFO] discord.client: logging in using static token
2026-09-05 14:09:52,870 [INFO] discord.gateway: Shard ID None has connected to Gateway (Session ID: 3b2781d1946ae4032b5c315127362d69).
2026-09-05 14:09:54,890 [INFO] bot: 🤖 ankatuber's perfect bot giriş yaptı!
2026-09-05 14:09:56,083 [INFO] bot: 🔄 28 slash komut senkronize edildi!
2026-09-05 14:23:56,018 [INFO] bot: Bot normal şekilde durduruldu, yeniden başlatılmıyor.
2026-09-05 14:24:01,280 [WARNING] discord.client: PyNaCl is not installed, voice will NOT be supported
2026-09-05 14:24:01,280 [WARNING] discord.client: davey is not installed, voice will NOT be supported
2026-09-05 14:24:01,281 [ERROR] bot: ❌ Komut dosyası yüklenirken hata, atlanıyor: commands/partners.py
Traceback (most recent call last):
  File "/home/container/main.py", line 132, in load_commands
    module.setup(bot)
    ~~~~~~~~~~~~^^^^^
  File "/home/container/commands/partners.py", line 128, in setup
    bot.loop.create_task(baslat())
    ^^^^^^^^^^^^^^^^^^^^
  File "/home/container/.local/lib/python3.13/site-packages/discord/client.py", line 170, in __getattr__
    raise AttributeError(msg)
AttributeError: loop attribute cannot be accessed in non-async contexts. Consider using either an asynchronous main function and passing it to asyncio.run or using asynchronous initialisation hooks such as Client.setup_hook
2026-09-05 14:24:01,402 [INFO] bot: ✅ Yüklendi: commands/ceviri/nuke_translate.py
2026-09-05 14:24:01,402 [INFO] bot: ✅ Yüklendi: commands/ceviri/translate_all_roles.py
2026-09-05 14:24:01,403 [INFO] bot: ✅ Yüklendi: commands/ceviri/translate_role.py
2026-09-05 14:24:01,403 [INFO] bot: ✅ Yüklendi: commands/hunter_outlaw/give_award.py
2026-09-05 14:24:01,403 [INFO] bot: ✅ Yüklendi: commands/hunter_outlaw/history.py
2026-09-05 14:24:01,404 [INFO] bot: ✅ Yüklendi: commands/hunter_outlaw/hunt_request.py
2026-09-05 14:24:01,404 [INFO] bot: ✅ Yüklendi: commands/hunter_outlaw/leaderboard.py
2026-09-05 14:24:01,404 [INFO] bot: ✅ Yüklendi: commands/hunter_outlaw/proof.py
2026-09-05 14:24:01,404 [INFO] bot: ✅ Yüklendi: commands/hunter_outlaw/reset_points.py
2026-09-05 14:24:01,404 [INFO] bot: ✅ Yüklendi: commands/hunter_outlaw/reset_user_points.py
2026-09-05 14:24:01,405 [INFO] bot: ✅ Yüklendi: commands/hunter_outlaw/set_role_icon.py
2026-09-05 14:24:01,405 [INFO] bot: ✅ Yüklendi: commands/hunter_outlaw/status.py
2026-09-05 14:24:01,405 [INFO] bot: ✅ Yüklendi: commands/genel/help.py
2026-09-05 14:24:01,405 [INFO] bot: ✅ Yüklendi: commands/genel/rules.py
2026-09-05 14:24:02,025 [INFO] bot: ✅ Yüklendi: commands/genel/sohbet.py
2026-09-05 14:24:02,026 [INFO] bot: ✅ Yüklendi: commands/genel/welcome.py
2026-09-05 14:24:02,026 [INFO] bot: ✅ Yüklendi: commands/moderasyon/ban.py
2026-09-05 14:24:02,026 [INFO] bot: ✅ Yüklendi: commands/moderasyon/clearwarnings.py
2026-09-05 14:24:02,027 [INFO] bot: ✅ Yüklendi: commands/moderasyon/filter_listener.py
2026-09-05 14:24:02,027 [INFO] bot: ✅ Yüklendi: commands/moderasyon/kick.py
2026-09-05 14:24:02,027 [INFO] bot: ✅ Yüklendi: commands/moderasyon/lock.py
2026-09-05 14:24:02,027 [INFO] bot: ✅ Yüklendi: commands/moderasyon/mute.py
2026-09-05 14:24:02,028 [INFO] bot: ✅ Yüklendi: commands/moderasyon/purge.py
2026-09-05 14:24:02,028 [INFO] bot: ✅ Yüklendi: commands/moderasyon/unlock.py
2026-09-05 14:24:02,028 [INFO] bot: ✅ Yüklendi: commands/moderasyon/unmute.py
2026-09-05 14:24:02,028 [INFO] bot: ✅ Yüklendi: commands/moderasyon/warn.py
2026-09-05 14:24:02,029 [INFO] bot: ✅ Yüklendi: commands/moderasyon/warnings_list.py
2026-09-05 14:24:02,029 [INFO] bot: ✅ Yüklendi: commands/sabika/criminal_record.py
2026-09-05 14:24:02,029 [WARNING] bot: ⚠️ 'setup' fonksiyonu bulunamadı, atlandı: commands/economy/ __init__.py
2026-09-05 14:24:02,031 [INFO] bot: ✅ Yüklendi: commands/economy/economy.py
2026-09-05 14:24:02,031 [INFO] bot: ✅ Yüklendi: commands/economy/inventory.py
2026-09-05 14:24:02,032 [INFO] bot: ✅ Yüklendi: commands/economy/items.py
2026-09-05 14:24:02,032 [INFO] bot: ✅ Yüklendi: commands/economy/leaderboard.py
2026-09-05 14:24:02,033 [ERROR] bot: ❌ Komut dosyası yüklenirken hata, atlanıyor: commands/economy/shop.py
Traceback (most recent call last):
  File "/home/container/main.py", line 129, in load_commands
    spec.loader.exec_module(module)
    ~~~~~~~~~~~~~~~~~~~~~~~^^^^^^^^
  File "<frozen importlib._bootstrap_external>", line 1019, in exec_module
  File "<frozen importlib._bootstrap_external>", line 1157, in get_code
  File "<frozen importlib._bootstrap_external>", line 1087, in source_to_code
  File "<frozen importlib._bootstrap>", line 488, in _call_with_frames_removed
  File "/home/container/commands/economy/shop.py", line 43
    name=f"{get_discord_emoji(item)} {item['name']}"
         ^^^^^^^^^^^^^^^^^^^^^^^^^^^^^^^^^^^^^^^^^^^
SyntaxError: invalid syntax. Perhaps you forgot a comma?
2026-09-05 14:24:02,033 [ERROR] bot: ❌ Komut dosyası yüklenirken hata, atlanıyor: commands/wanted/catch_wanted.py
Traceback (most recent call last):
  File "/home/container/main.py", line 129, in load_commands
    spec.loader.exec_module(module)
    ~~~~~~~~~~~~~~~~~~~~~~~^^^^^^^^
  File "<frozen importlib._bootstrap_external>", line 1023, in exec_module
  File "<frozen importlib._bootstrap>", line 488, in _call_with_frames_removed
  File "/home/container/commands/wanted/catch_wanted.py", line 5, in <module>
    from utils.unbelievaboat import add_cash
ModuleNotFoundError: No module named 'utils.unbelievaboat'
2026-09-05 14:24:02,034 [INFO] bot: ✅ Yüklendi: commands/wanted/crime_listener.py
2026-09-05 14:24:02,034 [INFO] bot: ✅ Yüklendi: commands/wanted/wanted_list.py
2026-09-05 14:24:02,034 [INFO] bot: 📦 Toplam 34 komut dosyası yüklendi, 3 dosya atlandı.
2026-09-05 14:24:02,035 [INFO] discord.client: logging in using static token
2026-09-05 14:24:03,342 [INFO] discord.gateway: Shard ID None has connected to Gateway (Session ID: b2da5d475b98d8ef79800d01c3f66977).
2026-09-05 14:24:05,382 [INFO] bot: 🤖 ankatuber's perfect bot giriş yaptı!
2026-09-05 14:24:05,693 [INFO] bot: 🔄 28 slash komut senkronize edildi!
2026-09-05 14:24:34,988 [INFO] httpx2: HTTP Request: POST https://integrate.api.nvidia.com/v1/chat/completions "HTTP/1.1 200 OK"
2026-09-05 14:25:09,379 [INFO] httpx2: HTTP Request: POST https://integrate.api.nvidia.com/v1/chat/completions "HTTP/1.1 200 OK"
2026-09-05 14:25:09,627 [ERROR] bot: ⚠️ message handler hatası (commands.genel.sohbet)
Traceback (most recent call last):
  File "/home/container/main.py", line 62, in on_message
    await handler(message)
  File "/home/container/commands/genel/sohbet.py", line 140, in ai_prefix_handler
    await message.reply(chunks[0], mention_author=False)
  File "/home/container/.local/lib/python3.13/site-packages/discord/message.py", line 1875, in reply
    return await self.channel.send(content, reference=self, **kwargs)
           ^^^^^^^^^^^^^^^^^^^^^^^^^^^^^^^^^^^^^^^^^^^^^^^^^^^^^^^^^^
  File "/home/container/.local/lib/python3.13/site-packages/discord/abc.py", line 1706, in send
    data = await state.http.send_message(channel.id, params=params)
           ^^^^^^^^^^^^^^^^^^^^^^^^^^^^^^^^^^^^^^^^^^^^^^^^^^^^^^^^
  File "/home/container/.local/lib/python3.13/site-packages/discord/http.py", line 778, in request
    raise HTTPException(response, data)
discord.errors.HTTPException: 400 Bad Request (error code: 50035): Invalid Form Body
In message_reference: Unknown message
2026-09-05 14:30:29,604 [INFO] bot: Bot normal şekilde durduruldu, yeniden başlatılmıyor.
2026-09-05 14:30:34,283 [WARNING] discord.client: PyNaCl is not installed, voice will NOT be supported
2026-09-05 14:30:34,284 [WARNING] discord.client: davey is not installed, voice will NOT be supported
2026-09-05 14:30:34,284 [ERROR] bot: ❌ Komut dosyası yüklenirken hata, atlanıyor: commands/partners.py
Traceback (most recent call last):
  File "/home/container/main.py", line 132, in load_commands
    module.setup(bot)
    ~~~~~~~~~~~~^^^^^
  File "/home/container/commands/partners.py", line 128, in setup
    bot.loop.create_task(baslat())
    ^^^^^^^^^^^^^^^^^^^^
  File "/home/container/.local/lib/python3.13/site-packages/discord/client.py", line 170, in __getattr__
    raise AttributeError(msg)
AttributeError: loop attribute cannot be accessed in non-async contexts. Consider using either an asynchronous main function and passing it to asyncio.run or using asynchronous initialisation hooks such as Client.setup_hook
2026-09-05 14:30:34,403 [INFO] bot: ✅ Yüklendi: commands/ceviri/nuke_translate.py
2026-09-05 14:30:34,403 [INFO] bot: ✅ Yüklendi: commands/ceviri/translate_all_roles.py
2026-09-05 14:30:34,404 [INFO] bot: ✅ Yüklendi: commands/ceviri/translate_role.py
2026-09-05 14:30:34,404 [INFO] bot: ✅ Yüklendi: commands/hunter_outlaw/give_award.py
2026-09-05 14:30:34,404 [INFO] bot: ✅ Yüklendi: commands/hunter_outlaw/history.py
2026-09-05 14:30:34,405 [INFO] bot: ✅ Yüklendi: commands/hunter_outlaw/hunt_request.py
2026-09-05 14:30:34,405 [INFO] bot: ✅ Yüklendi: commands/hunter_outlaw/leaderboard.py
2026-09-05 14:30:34,405 [INFO] bot: ✅ Yüklendi: commands/hunter_outlaw/proof.py
2026-09-05 14:30:34,405 [INFO] bot: ✅ Yüklendi: commands/hunter_outlaw/reset_points.py
2026-09-05 14:30:34,406 [INFO] bot: ✅ Yüklendi: commands/hunter_outlaw/reset_user_points.py
2026-09-05 14:30:34,406 [INFO] bot: ✅ Yüklendi: commands/hunter_outlaw/set_role_icon.py
2026-09-05 14:30:34,406 [INFO] bot: ✅ Yüklendi: commands/hunter_outlaw/status.py
2026-09-05 14:30:34,407 [INFO] bot: ✅ Yüklendi: commands/genel/help.py
2026-09-05 14:30:34,407 [INFO] bot: ✅ Yüklendi: commands/genel/rules.py
2026-09-05 14:30:35,052 [INFO] bot: ✅ Yüklendi: commands/genel/sohbet.py
2026-09-05 14:30:35,052 [INFO] bot: ✅ Yüklendi: commands/genel/welcome.py
2026-09-05 14:30:35,052 [INFO] bot: ✅ Yüklendi: commands/moderasyon/ban.py
2026-09-05 14:30:35,053 [INFO] bot: ✅ Yüklendi: commands/moderasyon/clearwarnings.py
2026-09-05 14:30:35,053 [INFO] bot: ✅ Yüklendi: commands/moderasyon/filter_listener.py
2026-09-05 14:30:35,053 [INFO] bot: ✅ Yüklendi: commands/moderasyon/kick.py
2026-09-05 14:30:35,053 [INFO] bot: ✅ Yüklendi: commands/moderasyon/lock.py
2026-09-05 14:30:35,054 [INFO] bot: ✅ Yüklendi: commands/moderasyon/mute.py
2026-09-05 14:30:35,054 [INFO] bot: ✅ Yüklendi: commands/moderasyon/purge.py
2026-09-05 14:30:35,054 [INFO] bot: ✅ Yüklendi: commands/moderasyon/unlock.py
2026-09-05 14:30:35,054 [INFO] bot: ✅ Yüklendi: commands/moderasyon/unmute.py
2026-09-05 14:30:35,055 [INFO] bot: ✅ Yüklendi: commands/moderasyon/warn.py
2026-09-05 14:30:35,055 [INFO] bot: ✅ Yüklendi: commands/moderasyon/warnings_list.py
2026-09-05 14:30:35,055 [INFO] bot: ✅ Yüklendi: commands/sabika/criminal_record.py
2026-09-05 14:30:35,055 [WARNING] bot: ⚠️ 'setup' fonksiyonu bulunamadı, atlandı: commands/economy/ __init__.py
2026-09-05 14:30:35,057 [INFO] bot: ✅ Yüklendi: commands/economy/economy.py
2026-09-05 14:30:35,057 [INFO] bot: ✅ Yüklendi: commands/economy/inventory.py
2026-09-05 14:30:35,058 [INFO] bot: ✅ Yüklendi: commands/economy/items.py
2026-09-05 14:30:35,058 [INFO] bot: ✅ Yüklendi: commands/economy/leaderboard.py
2026-09-05 14:30:35,060 [ERROR] bot: ❌ Komut dosyası yüklenirken hata, atlanıyor: commands/economy/shop.py
Traceback (most recent call last):
  File "/home/container/main.py", line 129, in load_commands
    spec.loader.exec_module(module)
    ~~~~~~~~~~~~~~~~~~~~~~~^^^^^^^^
  File "<frozen importlib._bootstrap_external>", line 1019, in exec_module
  File "<frozen importlib._bootstrap_external>", line 1157, in get_code
  File "<frozen importlib._bootstrap_external>", line 1087, in source_to_code
  File "<frozen importlib._bootstrap>", line 488, in _call_with_frames_removed
  File "/home/container/commands/economy/shop.py", line 43
    name=f"{get_discord_emoji(item)} {item['name']}"
         ^^^^^^^^^^^^^^^^^^^^^^^^^^^^^^^^^^^^^^^^^^^
SyntaxError: invalid syntax. Perhaps you forgot a comma?
2026-09-05 14:30:35,061 [ERROR] bot: ❌ Komut dosyası yüklenirken hata, atlanıyor: commands/wanted/catch_wanted.py
Traceback (most recent call last):
  File "/home/container/main.py", line 129, in load_commands
    spec.loader.exec_module(module)
    ~~~~~~~~~~~~~~~~~~~~~~~^^^^^^^^
  File "<frozen importlib._bootstrap_external>", line 1023, in exec_module
  File "<frozen importlib._bootstrap>", line 488, in _call_with_frames_removed
  File "/home/container/commands/wanted/catch_wanted.py", line 5, in <module>
    from utils.unbelievaboat import add_cash
ModuleNotFoundError: No module named 'utils.unbelievaboat'
2026-09-05 14:30:35,062 [INFO] bot: ✅ Yüklendi: commands/wanted/crime_listener.py
2026-09-05 14:30:35,062 [INFO] bot: ✅ Yüklendi: commands/wanted/wanted_list.py
2026-09-05 14:30:35,062 [INFO] bot: 📦 Toplam 34 komut dosyası yüklendi, 3 dosya atlandı.
2026-09-05 14:30:35,063 [INFO] discord.client: logging in using static token
2026-09-05 14:30:36,134 [INFO] discord.gateway: Shard ID None has connected to Gateway (Session ID: 6d1182a23813ba8bb716158794ad15cd).
2026-09-05 14:30:38,198 [INFO] bot: 🤖 ankatuber's perfect bot giriş yaptı!
2026-09-05 14:30:38,451 [INFO] bot: 🔄 28 slash komut senkronize edildi!
2026-09-05 14:31:08,498 [INFO] httpx2: HTTP Request: POST https://integrate.api.nvidia.com/v1/chat/completions "HTTP/1.1 200 OK"
2026-09-05 14:37:45,292 [INFO] bot: Bot normal şekilde durduruldu, yeniden başlatılmıyor.
2026-09-05 14:37:50,522 [WARNING] discord.client: PyNaCl is not installed, voice will NOT be supported
2026-09-05 14:37:50,522 [WARNING] discord.client: davey is not installed, voice will NOT be supported
2026-09-05 14:37:50,523 [ERROR] bot: ❌ Komut dosyası yüklenirken hata, atlanıyor: commands/partners.py
Traceback (most recent call last):
  File "/home/container/main.py", line 132, in load_commands
    module.setup(bot)
    ~~~~~~~~~~~~^^^^^
  File "/home/container/commands/partners.py", line 128, in setup
    bot.loop.create_task(baslat())
    ^^^^^^^^^^^^^^^^^^^^
  File "/home/container/.local/lib/python3.13/site-packages/discord/client.py", line 170, in __getattr__
    raise AttributeError(msg)
AttributeError: loop attribute cannot be accessed in non-async contexts. Consider using either an asynchronous main function and passing it to asyncio.run or using asynchronous initialisation hooks such as Client.setup_hook
2026-09-05 14:37:50,642 [INFO] bot: ✅ Yüklendi: commands/ceviri/nuke_translate.py
2026-09-05 14:37:50,642 [INFO] bot: ✅ Yüklendi: commands/ceviri/translate_all_roles.py
2026-09-05 14:37:50,643 [INFO] bot: ✅ Yüklendi: commands/ceviri/translate_role.py
2026-09-05 14:37:50,643 [INFO] bot: ✅ Yüklendi: commands/hunter_outlaw/give_award.py
2026-09-05 14:37:50,643 [INFO] bot: ✅ Yüklendi: commands/hunter_outlaw/history.py
2026-09-05 14:37:50,644 [INFO] bot: ✅ Yüklendi: commands/hunter_outlaw/hunt_request.py
2026-09-05 14:37:50,644 [INFO] bot: ✅ Yüklendi: commands/hunter_outlaw/leaderboard.py
2026-09-05 14:37:50,644 [INFO] bot: ✅ Yüklendi: commands/hunter_outlaw/proof.py
2026-09-05 14:37:50,644 [INFO] bot: ✅ Yüklendi: commands/hunter_outlaw/reset_points.py
2026-09-05 14:37:50,645 [INFO] bot: ✅ Yüklendi: commands/hunter_outlaw/reset_user_points.py
2026-09-05 14:37:50,645 [INFO] bot: ✅ Yüklendi: commands/hunter_outlaw/set_role_icon.py
2026-09-05 14:37:50,645 [INFO] bot: ✅ Yüklendi: commands/hunter_outlaw/status.py
2026-09-05 14:37:50,646 [INFO] bot: ✅ Yüklendi: commands/genel/help.py
2026-09-05 14:37:50,646 [INFO] bot: ✅ Yüklendi: commands/genel/rules.py
2026-09-05 14:37:51,277 [INFO] bot: ✅ Yüklendi: commands/genel/sohbet.py
2026-09-05 14:37:51,277 [INFO] bot: ✅ Yüklendi: commands/genel/welcome.py
2026-09-05 14:37:51,278 [INFO] bot: ✅ Yüklendi: commands/moderasyon/ban.py
2026-09-05 14:37:51,278 [INFO] bot: ✅ Yüklendi: commands/moderasyon/clearwarnings.py
2026-09-05 14:37:51,278 [INFO] bot: ✅ Yüklendi: commands/moderasyon/filter_listener.py
2026-09-05 14:37:51,279 [INFO] bot: ✅ Yüklendi: commands/moderasyon/kick.py
2026-09-05 14:37:51,279 [INFO] bot: ✅ Yüklendi: commands/moderasyon/lock.py
2026-09-05 14:37:51,279 [INFO] bot: ✅ Yüklendi: commands/moderasyon/mute.py
2026-09-05 14:37:51,279 [INFO] bot: ✅ Yüklendi: commands/moderasyon/purge.py
2026-09-05 14:37:51,280 [INFO] bot: ✅ Yüklendi: commands/moderasyon/unlock.py
2026-09-05 14:37:51,280 [INFO] bot: ✅ Yüklendi: commands/moderasyon/unmute.py
2026-09-05 14:37:51,280 [INFO] bot: ✅ Yüklendi: commands/moderasyon/warn.py
2026-09-05 14:37:51,281 [INFO] bot: ✅ Yüklendi: commands/moderasyon/warnings_list.py
2026-09-05 14:37:51,281 [INFO] bot: ✅ Yüklendi: commands/sabika/criminal_record.py
2026-09-05 14:37:51,281 [WARNING] bot: ⚠️ 'setup' fonksiyonu bulunamadı, atlandı: commands/economy/ __init__.py
2026-09-05 14:37:51,283 [INFO] bot: ✅ Yüklendi: commands/economy/economy.py
2026-09-05 14:37:51,284 [INFO] bot: ✅ Yüklendi: commands/economy/inventory.py
2026-09-05 14:37:51,284 [INFO] bot: ✅ Yüklendi: commands/economy/items.py
2026-09-05 14:37:51,285 [INFO] bot: ✅ Yüklendi: commands/economy/leaderboard.py
2026-09-05 14:37:51,286 [INFO] bot: ✅ Yüklendi: commands/economy/shop.py
2026-09-05 14:37:51,287 [ERROR] bot: ❌ Komut dosyası yüklenirken hata, atlanıyor: commands/wanted/catch_wanted.py
Traceback (most recent call last):
  File "/home/container/main.py", line 129, in load_commands
    spec.loader.exec_module(module)
    ~~~~~~~~~~~~~~~~~~~~~~~^^^^^^^^
  File "<frozen importlib._bootstrap_external>", line 1023, in exec_module
  File "<frozen importlib._bootstrap>", line 488, in _call_with_frames_removed
  File "/home/container/commands/wanted/catch_wanted.py", line 5, in <module>
    from utils.unbelievaboat import add_cash
ModuleNotFoundError: No module named 'utils.unbelievaboat'
2026-09-05 14:37:51,288 [INFO] bot: ✅ Yüklendi: commands/wanted/crime_listener.py
2026-09-05 14:37:51,288 [INFO] bot: ✅ Yüklendi: commands/wanted/wanted_list.py
2026-09-05 14:37:51,288 [INFO] bot: 📦 Toplam 35 komut dosyası yüklendi, 2 dosya atlandı.
2026-09-05 14:37:51,289 [INFO] discord.client: logging in using static token
2026-09-05 14:37:52,529 [INFO] discord.gateway: Shard ID None has connected to Gateway (Session ID: 3d48c2b971ae854cf85f01a73a2e8690).
2026-09-05 14:37:54,635 [INFO] bot: 🤖 ankatuber's perfect bot giriş yaptı!
2026-09-05 14:37:55,357 [INFO] bot: 🔄 28 slash komut senkronize edildi!
2026-09-05 15:34:04,145 [INFO] discord.gateway: Shard ID None has successfully RESUMED session 3d48c2b971ae854cf85f01a73a2e8690.
2026-09-05 16:12:48,510 [INFO] bot: Bot normal şekilde durduruldu, yeniden başlatılmıyor.
2026-09-05 16:12:53,808 [WARNING] discord.client: PyNaCl is not installed, voice will NOT be supported
2026-09-05 16:12:53,808 [WARNING] discord.client: davey is not installed, voice will NOT be supported
2026-09-05 16:12:53,809 [ERROR] bot: ❌ Komut dosyası yüklenirken hata, atlanıyor: commands/partners.py
Traceback (most recent call last):
  File "/home/container/main.py", line 132, in load_commands
    module.setup(bot)
    ~~~~~~~~~~~~^^^^^
  File "/home/container/commands/partners.py", line 128, in setup
    bot.loop.create_task(baslat())
    ^^^^^^^^^^^^^^^^^^^^
  File "/home/container/.local/lib/python3.13/site-packages/discord/client.py", line 170, in __getattr__
    raise AttributeError(msg)
AttributeError: loop attribute cannot be accessed in non-async contexts. Consider using either an asynchronous main function and passing it to asyncio.run or using asynchronous initialisation hooks such as Client.setup_hook
2026-09-05 16:12:53,957 [INFO] bot: ✅ Yüklendi: commands/ceviri/nuke_translate.py
2026-09-05 16:12:53,958 [INFO] bot: ✅ Yüklendi: commands/ceviri/translate_all_roles.py
2026-09-05 16:12:53,959 [INFO] bot: ✅ Yüklendi: commands/ceviri/translate_role.py
2026-09-05 16:12:53,959 [INFO] bot: ✅ Yüklendi: commands/hunter_outlaw/give_award.py
2026-09-05 16:12:53,960 [INFO] bot: ✅ Yüklendi: commands/hunter_outlaw/history.py
2026-09-05 16:12:53,960 [INFO] bot: ✅ Yüklendi: commands/hunter_outlaw/hunt_request.py
2026-09-05 16:12:53,961 [INFO] bot: ✅ Yüklendi: commands/hunter_outlaw/leaderboard.py
2026-09-05 16:12:53,961 [INFO] bot: ✅ Yüklendi: commands/hunter_outlaw/proof.py
2026-09-05 16:12:53,961 [INFO] bot: ✅ Yüklendi: commands/hunter_outlaw/reset_points.py
2026-09-05 16:12:53,962 [INFO] bot: ✅ Yüklendi: commands/hunter_outlaw/reset_user_points.py
2026-09-05 16:12:53,963 [INFO] bot: ✅ Yüklendi: commands/hunter_outlaw/set_role_icon.py
2026-09-05 16:12:53,963 [INFO] bot: ✅ Yüklendi: commands/hunter_outlaw/status.py
2026-09-05 16:12:53,963 [INFO] bot: ✅ Yüklendi: commands/genel/help.py
2026-09-05 16:12:53,964 [INFO] bot: ✅ Yüklendi: commands/genel/rules.py
2026-09-05 16:12:54,635 [INFO] bot: ✅ Yüklendi: commands/genel/sohbet.py
2026-09-05 16:12:54,636 [INFO] bot: ✅ Yüklendi: commands/genel/welcome.py
2026-09-05 16:12:54,636 [INFO] bot: ✅ Yüklendi: commands/moderasyon/ban.py
2026-09-05 16:12:54,636 [INFO] bot: ✅ Yüklendi: commands/moderasyon/clearwarnings.py
2026-09-05 16:12:54,637 [INFO] bot: ✅ Yüklendi: commands/moderasyon/filter_listener.py
2026-09-05 16:12:54,637 [INFO] bot: ✅ Yüklendi: commands/moderasyon/kick.py
2026-09-05 16:12:54,637 [INFO] bot: ✅ Yüklendi: commands/moderasyon/lock.py
2026-09-05 16:12:54,637 [INFO] bot: ✅ Yüklendi: commands/moderasyon/mute.py
2026-09-05 16:12:54,638 [INFO] bot: ✅ Yüklendi: commands/moderasyon/purge.py
2026-09-05 16:12:54,638 [INFO] bot: ✅ Yüklendi: commands/moderasyon/unlock.py
2026-09-05 16:12:54,638 [INFO] bot: ✅ Yüklendi: commands/moderasyon/unmute.py
2026-09-05 16:12:54,638 [INFO] bot: ✅ Yüklendi: commands/moderasyon/warn.py
2026-09-05 16:12:54,639 [INFO] bot: ✅ Yüklendi: commands/moderasyon/warnings_list.py
2026-09-05 16:12:54,639 [INFO] bot: ✅ Yüklendi: commands/sabika/criminal_record.py
2026-09-05 16:12:54,639 [WARNING] bot: ⚠️ 'setup' fonksiyonu bulunamadı, atlandı: commands/economy/ __init__.py
2026-09-05 16:12:54,640 [INFO] bot: ✅ Yüklendi: commands/economy/economy.py
2026-09-05 16:12:54,641 [INFO] bot: ✅ Yüklendi: commands/economy/inventory.py
2026-09-05 16:12:54,642 [INFO] bot: ✅ Yüklendi: commands/economy/items.py
2026-09-05 16:12:54,642 [INFO] bot: ✅ Yüklendi: commands/economy/leaderboard.py
2026-09-05 16:12:54,643 [INFO] bot: ✅ Yüklendi: commands/economy/shop.py
2026-09-05 16:12:54,643 [ERROR] bot: ❌ Komut dosyası yüklenirken hata, atlanıyor: commands/wanted/catch_wanted.py
Traceback (most recent call last):
  File "/home/container/main.py", line 129, in load_commands
    spec.loader.exec_module(module)
    ~~~~~~~~~~~~~~~~~~~~~~~^^^^^^^^
  File "<frozen importlib._bootstrap_external>", line 1023, in exec_module
  File "<frozen importlib._bootstrap>", line 488, in _call_with_frames_removed
  File "/home/container/commands/wanted/catch_wanted.py", line 5, in <module>
    from utils.unbelievaboat import add_cash
ModuleNotFoundError: No module named 'utils.unbelievaboat'
2026-09-05 16:12:54,644 [INFO] bot: ✅ Yüklendi: commands/wanted/crime_listener.py
2026-09-05 16:12:54,644 [INFO] bot: ✅ Yüklendi: commands/wanted/wanted_list.py
2026-09-05 16:12:54,644 [INFO] bot: 📦 Toplam 35 komut dosyası yüklendi, 2 dosya atlandı.
2026-09-05 16:12:54,644 [INFO] discord.client: logging in using static token
2026-09-05 16:12:55,770 [INFO] discord.gateway: Shard ID None has connected to Gateway (Session ID: 2e63cae8e5bcb58d04de9efe53db03c5).
2026-09-05 16:12:57,834 [INFO] bot: 🤖 ankatuber's perfect bot giriş yaptı!
2026-09-05 16:12:58,088 [INFO] bot: 🔄 28 slash komut senkronize edildi!
2026-09-05 16:20:05,101 [INFO] bot: Bot normal şekilde durduruldu, yeniden başlatılmıyor.
2026-09-05 16:20:09,597 [WARNING] discord.client: PyNaCl is not installed, voice will NOT be supported
2026-09-05 16:20:09,597 [WARNING] discord.client: davey is not installed, voice will NOT be supported
2026-09-05 16:20:09,598 [ERROR] bot: ❌ Komut dosyası yüklenirken hata, atlanıyor: commands/partners.py
Traceback (most recent call last):
  File "/home/container/main.py", line 132, in load_commands
    module.setup(bot)
    ~~~~~~~~~~~~^^^^^
  File "/home/container/commands/partners.py", line 128, in setup
    bot.loop.create_task(baslat())
    ^^^^^^^^^^^^^^^^^^^^
  File "/home/container/.local/lib/python3.13/site-packages/discord/client.py", line 170, in __getattr__
    raise AttributeError(msg)
AttributeError: loop attribute cannot be accessed in non-async contexts. Consider using either an asynchronous main function and passing it to asyncio.run or using asynchronous initialisation hooks such as Client.setup_hook
2026-09-05 16:20:09,718 [INFO] bot: ✅ Yüklendi: commands/ceviri/nuke_translate.py
2026-09-05 16:20:09,719 [INFO] bot: ✅ Yüklendi: commands/ceviri/translate_all_roles.py
2026-09-05 16:20:09,719 [INFO] bot: ✅ Yüklendi: commands/ceviri/translate_role.py
2026-09-05 16:20:09,720 [INFO] bot: ✅ Yüklendi: commands/hunter_outlaw/give_award.py
2026-09-05 16:20:09,720 [INFO] bot: ✅ Yüklendi: commands/hunter_outlaw/history.py
2026-09-05 16:20:09,721 [INFO] bot: ✅ Yüklendi: commands/hunter_outlaw/hunt_request.py
2026-09-05 16:20:09,721 [INFO] bot: ✅ Yüklendi: commands/hunter_outlaw/leaderboard.py
2026-09-05 16:20:09,721 [INFO] bot: ✅ Yüklendi: commands/hunter_outlaw/proof.py
2026-09-05 16:20:09,721 [INFO] bot: ✅ Yüklendi: commands/hunter_outlaw/reset_points.py
2026-09-05 16:20:09,722 [INFO] bot: ✅ Yüklendi: commands/hunter_outlaw/reset_user_points.py
2026-09-05 16:20:09,723 [INFO] bot: ✅ Yüklendi: commands/hunter_outlaw/set_role_icon.py
2026-09-05 16:20:09,723 [INFO] bot: ✅ Yüklendi: commands/hunter_outlaw/status.py
2026-09-05 16:20:09,724 [INFO] bot: ✅ Yüklendi: commands/genel/help.py
2026-09-05 16:20:09,724 [INFO] bot: ✅ Yüklendi: commands/genel/rules.py
2026-09-05 16:20:10,371 [INFO] bot: ✅ Yüklendi: commands/genel/sohbet.py
2026-09-05 16:20:10,372 [INFO] bot: ✅ Yüklendi: commands/genel/welcome.py
2026-09-05 16:20:10,373 [INFO] bot: ✅ Yüklendi: commands/moderasyon/ban.py
2026-09-05 16:20:10,373 [INFO] bot: ✅ Yüklendi: commands/moderasyon/clearwarnings.py
2026-09-05 16:20:10,373 [INFO] bot: ✅ Yüklendi: commands/moderasyon/filter_listener.py
2026-09-05 16:20:10,374 [INFO] bot: ✅ Yüklendi: commands/moderasyon/kick.py
2026-09-05 16:20:10,374 [INFO] bot: ✅ Yüklendi: commands/moderasyon/lock.py
2026-09-05 16:20:10,375 [INFO] bot: ✅ Yüklendi: commands/moderasyon/mute.py
2026-09-05 16:20:10,375 [INFO] bot: ✅ Yüklendi: commands/moderasyon/purge.py
2026-09-05 16:20:10,375 [INFO] bot: ✅ Yüklendi: commands/moderasyon/unlock.py
2026-09-05 16:20:10,376 [INFO] bot: ✅ Yüklendi: commands/moderasyon/unmute.py
2026-09-05 16:20:10,376 [INFO] bot: ✅ Yüklendi: commands/moderasyon/warn.py
2026-09-05 16:20:10,376 [INFO] bot: ✅ Yüklendi: commands/moderasyon/warnings_list.py
2026-09-05 16:20:10,377 [INFO] bot: ✅ Yüklendi: commands/sabika/criminal_record.py
2026-09-05 16:20:10,378 [WARNING] bot: ⚠️ 'setup' fonksiyonu bulunamadı, atlandı: commands/economy/ __init__.py
2026-09-05 16:20:10,379 [INFO] bot: ✅ Yüklendi: commands/economy/economy.py
2026-09-05 16:20:10,380 [INFO] bot: ✅ Yüklendi: commands/economy/inventory.py
2026-09-05 16:20:10,380 [INFO] bot: ✅ Yüklendi: commands/economy/items.py
2026-09-05 16:20:10,381 [INFO] bot: ✅ Yüklendi: commands/economy/leaderboard.py
2026-09-05 16:20:10,382 [INFO] bot: ✅ Yüklendi: commands/economy/shop.py
2026-09-05 16:20:10,382 [ERROR] bot: ❌ Komut dosyası yüklenirken hata, atlanıyor: commands/wanted/catch_wanted.py
Traceback (most recent call last):
  File "/home/container/main.py", line 129, in load_commands
    spec.loader.exec_module(module)
    ~~~~~~~~~~~~~~~~~~~~~~~^^^^^^^^
  File "<frozen importlib._bootstrap_external>", line 1023, in exec_module
  File "<frozen importlib._bootstrap>", line 488, in _call_with_frames_removed
  File "/home/container/commands/wanted/catch_wanted.py", line 5, in <module>
    from utils.unbelievaboat import add_cash
ModuleNotFoundError: No module named 'utils.unbelievaboat'
2026-09-05 16:20:10,383 [INFO] bot: ✅ Yüklendi: commands/wanted/crime_listener.py
2026-09-05 16:20:10,384 [INFO] bot: ✅ Yüklendi: commands/wanted/wanted_list.py
2026-09-05 16:20:10,384 [INFO] bot: 📦 Toplam 35 komut dosyası yüklendi, 2 dosya atlandı.
2026-09-05 16:20:10,384 [INFO] discord.client: logging in using static token
2026-09-05 16:20:11,532 [INFO] discord.gateway: Shard ID None has connected to Gateway (Session ID: ee2dc9251cfaf2d3638eb24c8910202f).
2026-09-05 16:20:13,567 [INFO] bot: 🤖 ankatuber's perfect bot giriş yaptı!
2026-09-05 16:20:14,225 [INFO] bot: 🔄 28 slash komut senkronize edildi!
2026-09-05 16:30:46,364 [INFO] bot: Bot normal şekilde durduruldu, yeniden başlatılmıyor.
2026-09-05 16:30:51,393 [WARNING] discord.client: PyNaCl is not installed, voice will NOT be supported
2026-09-05 16:30:51,393 [WARNING] discord.client: davey is not installed, voice will NOT be supported
2026-09-05 16:30:51,394 [ERROR] bot: ❌ Komut dosyası yüklenirken hata, atlanıyor: commands/partners.py
Traceback (most recent call last):
  File "/home/container/main.py", line 132, in load_commands
    module.setup(bot)
    ~~~~~~~~~~~~^^^^^
  File "/home/container/commands/partners.py", line 128, in setup
    bot.loop.create_task(baslat())
    ^^^^^^^^^^^^^^^^^^^^
  File "/home/container/.local/lib/python3.13/site-packages/discord/client.py", line 170, in __getattr__
    raise AttributeError(msg)
AttributeError: loop attribute cannot be accessed in non-async contexts. Consider using either an asynchronous main function and passing it to asyncio.run or using asynchronous initialisation hooks such as Client.setup_hook
2026-09-05 16:30:51,512 [INFO] bot: ✅ Yüklendi: commands/ceviri/nuke_translate.py
2026-09-05 16:30:51,513 [INFO] bot: ✅ Yüklendi: commands/ceviri/translate_all_roles.py
2026-09-05 16:30:51,513 [INFO] bot: ✅ Yüklendi: commands/ceviri/translate_role.py
2026-09-05 16:30:51,513 [INFO] bot: ✅ Yüklendi: commands/hunter_outlaw/give_award.py
2026-09-05 16:30:51,514 [INFO] bot: ✅ Yüklendi: commands/hunter_outlaw/history.py
2026-09-05 16:30:51,514 [INFO] bot: ✅ Yüklendi: commands/hunter_outlaw/hunt_request.py
2026-09-05 16:30:51,514 [INFO] bot: ✅ Yüklendi: commands/hunter_outlaw/leaderboard.py
2026-09-05 16:30:51,515 [INFO] bot: ✅ Yüklendi: commands/hunter_outlaw/proof.py
2026-09-05 16:30:51,515 [INFO] bot: ✅ Yüklendi: commands/hunter_outlaw/reset_points.py
2026-09-05 16:30:51,516 [INFO] bot: ✅ Yüklendi: commands/hunter_outlaw/reset_user_points.py
2026-09-05 16:30:51,516 [INFO] bot: ✅ Yüklendi: commands/hunter_outlaw/set_role_icon.py
2026-09-05 16:30:51,517 [INFO] bot: ✅ Yüklendi: commands/hunter_outlaw/status.py
2026-09-05 16:30:51,517 [INFO] bot: ✅ Yüklendi: commands/genel/help.py
2026-09-05 16:30:51,517 [INFO] bot: ✅ Yüklendi: commands/genel/rules.py
2026-09-05 16:30:52,180 [INFO] bot: ✅ Yüklendi: commands/genel/sohbet.py
2026-09-05 16:30:52,180 [INFO] bot: ✅ Yüklendi: commands/genel/welcome.py
2026-09-05 16:30:52,180 [INFO] bot: ✅ Yüklendi: commands/moderasyon/ban.py
2026-09-05 16:30:52,181 [INFO] bot: ✅ Yüklendi: commands/moderasyon/clearwarnings.py
2026-09-05 16:30:52,181 [INFO] bot: ✅ Yüklendi: commands/moderasyon/filter_listener.py
2026-09-05 16:30:52,181 [INFO] bot: ✅ Yüklendi: commands/moderasyon/kick.py
2026-09-05 16:30:52,181 [INFO] bot: ✅ Yüklendi: commands/moderasyon/lock.py
2026-09-05 16:30:52,182 [INFO] bot: ✅ Yüklendi: commands/moderasyon/mute.py
2026-09-05 16:30:52,182 [INFO] bot: ✅ Yüklendi: commands/moderasyon/purge.py
2026-09-05 16:30:52,182 [INFO] bot: ✅ Yüklendi: commands/moderasyon/unlock.py
2026-09-05 16:30:52,182 [INFO] bot: ✅ Yüklendi: commands/moderasyon/unmute.py
2026-09-05 16:30:52,183 [INFO] bot: ✅ Yüklendi: commands/moderasyon/warn.py
2026-09-05 16:30:52,183 [INFO] bot: ✅ Yüklendi: commands/moderasyon/warnings_list.py
2026-09-05 16:30:52,184 [INFO] bot: ✅ Yüklendi: commands/sabika/criminal_record.py
2026-09-05 16:30:52,184 [WARNING] bot: ⚠️ 'setup' fonksiyonu bulunamadı, atlandı: commands/economy/ __init__.py
2026-09-05 16:30:52,185 [INFO] bot: ✅ Yüklendi: commands/economy/economy.py
2026-09-05 16:30:52,186 [INFO] bot: ✅ Yüklendi: commands/economy/inventory.py
2026-09-05 16:30:52,186 [INFO] bot: ✅ Yüklendi: commands/economy/items.py
2026-09-05 16:30:52,187 [INFO] bot: ✅ Yüklendi: commands/economy/leaderboard.py
2026-09-05 16:30:52,188 [INFO] bot: ✅ Yüklendi: commands/economy/shop.py
2026-09-05 16:30:52,189 [ERROR] bot: ❌ Komut dosyası yüklenirken hata, atlanıyor: commands/wanted/catch_wanted.py
Traceback (most recent call last):
  File "/home/container/main.py", line 129, in load_commands
    spec.loader.exec_module(module)
    ~~~~~~~~~~~~~~~~~~~~~~~^^^^^^^^
  File "<frozen importlib._bootstrap_external>", line 1023, in exec_module
  File "<frozen importlib._bootstrap>", line 488, in _call_with_frames_removed
  File "/home/container/commands/wanted/catch_wanted.py", line 5, in <module>
    from utils.unbelievaboat import add_cash
ModuleNotFoundError: No module named 'utils.unbelievaboat'
2026-09-05 16:30:52,189 [INFO] bot: ✅ Yüklendi: commands/wanted/crime_listener.py
2026-09-05 16:30:52,190 [INFO] bot: ✅ Yüklendi: commands/wanted/wanted_list.py
2026-09-05 16:30:52,190 [INFO] bot: 📦 Toplam 35 komut dosyası yüklendi, 2 dosya atlandı.
2026-09-05 16:30:52,190 [INFO] discord.client: logging in using static token
2026-09-05 16:30:54,454 [INFO] discord.gateway: Shard ID None has connected to Gateway (Session ID: 2f4d75eef174b9e7776cbd21ac29370a).
2026-09-05 16:30:56,513 [INFO] bot: 🤖 ankatuber's perfect bot giriş yaptı!
2026-09-05 16:30:56,967 [INFO] bot: 🔄 28 slash komut senkronize edildi!
2026-09-05 16:37:07,931 [INFO] bot: Bot normal şekilde durduruldu, yeniden başlatılmıyor.
2026-09-05 16:37:12,715 [WARNING] discord.client: PyNaCl is not installed, voice will NOT be supported
2026-09-05 16:37:12,715 [WARNING] discord.client: davey is not installed, voice will NOT be supported
2026-09-05 16:37:12,716 [ERROR] bot: ❌ Komut dosyası yüklenirken hata, atlanıyor: commands/partners.py
Traceback (most recent call last):
  File "/home/container/main.py", line 132, in load_commands
    module.setup(bot)
    ~~~~~~~~~~~~^^^^^
  File "/home/container/commands/partners.py", line 128, in setup
    bot.loop.create_task(baslat())
    ^^^^^^^^^^^^^^^^^^^^
  File "/home/container/.local/lib/python3.13/site-packages/discord/client.py", line 170, in __getattr__
    raise AttributeError(msg)
AttributeError: loop attribute cannot be accessed in non-async contexts. Consider using either an asynchronous main function and passing it to asyncio.run or using asynchronous initialisation hooks such as Client.setup_hook
2026-09-05 16:37:12,839 [INFO] bot: ✅ Yüklendi: commands/ceviri/nuke_translate.py
2026-09-05 16:37:12,840 [INFO] bot: ✅ Yüklendi: commands/ceviri/translate_all_roles.py
2026-09-05 16:37:12,840 [INFO] bot: ✅ Yüklendi: commands/ceviri/translate_role.py
2026-09-05 16:37:12,841 [INFO] bot: ✅ Yüklendi: commands/hunter_outlaw/give_award.py
2026-09-05 16:37:12,841 [INFO] bot: ✅ Yüklendi: commands/hunter_outlaw/history.py
2026-09-05 16:37:12,842 [INFO] bot: ✅ Yüklendi: commands/hunter_outlaw/hunt_request.py
2026-09-05 16:37:12,842 [INFO] bot: ✅ Yüklendi: commands/hunter_outlaw/leaderboard.py
2026-09-05 16:37:12,842 [INFO] bot: ✅ Yüklendi: commands/hunter_outlaw/proof.py
2026-09-05 16:37:12,842 [INFO] bot: ✅ Yüklendi: commands/hunter_outlaw/reset_points.py
2026-09-05 16:37:12,843 [INFO] bot: ✅ Yüklendi: commands/hunter_outlaw/reset_user_points.py
2026-09-05 16:37:12,843 [INFO] bot: ✅ Yüklendi: commands/hunter_outlaw/set_role_icon.py
2026-09-05 16:37:12,843 [INFO] bot: ✅ Yüklendi: commands/hunter_outlaw/status.py
2026-09-05 16:37:12,843 [INFO] bot: ✅ Yüklendi: commands/genel/help.py
2026-09-05 16:37:12,844 [INFO] bot: ✅ Yüklendi: commands/genel/rules.py
2026-09-05 16:37:13,494 [INFO] bot: ✅ Yüklendi: commands/genel/sohbet.py
2026-09-05 16:37:13,495 [INFO] bot: ✅ Yüklendi: commands/genel/welcome.py
2026-09-05 16:37:13,495 [INFO] bot: ✅ Yüklendi: commands/moderasyon/ban.py
2026-09-05 16:37:13,496 [INFO] bot: ✅ Yüklendi: commands/moderasyon/clearwarnings.py
2026-09-05 16:37:13,496 [INFO] bot: ✅ Yüklendi: commands/moderasyon/filter_listener.py
2026-09-05 16:37:13,496 [INFO] bot: ✅ Yüklendi: commands/moderasyon/kick.py
2026-09-05 16:37:13,497 [INFO] bot: ✅ Yüklendi: commands/moderasyon/lock.py
2026-09-05 16:37:13,497 [INFO] bot: ✅ Yüklendi: commands/moderasyon/mute.py
2026-09-05 16:37:13,497 [INFO] bot: ✅ Yüklendi: commands/moderasyon/purge.py
2026-09-05 16:37:13,498 [INFO] bot: ✅ Yüklendi: commands/moderasyon/unlock.py
2026-09-05 16:37:13,498 [INFO] bot: ✅ Yüklendi: commands/moderasyon/unmute.py
2026-09-05 16:37:13,498 [INFO] bot: ✅ Yüklendi: commands/moderasyon/warn.py
2026-09-05 16:37:13,499 [INFO] bot: ✅ Yüklendi: commands/moderasyon/warnings_list.py
2026-09-05 16:37:13,499 [INFO] bot: ✅ Yüklendi: commands/sabika/criminal_record.py
2026-09-05 16:37:13,499 [WARNING] bot: ⚠️ 'setup' fonksiyonu bulunamadı, atlandı: commands/economy/ __init__.py
2026-09-05 16:37:13,501 [INFO] bot: ✅ Yüklendi: commands/economy/economy.py
2026-09-05 16:37:13,501 [INFO] bot: ✅ Yüklendi: commands/economy/inventory.py
2026-09-05 16:37:13,502 [INFO] bot: ✅ Yüklendi: commands/economy/items.py
2026-09-05 16:37:13,502 [INFO] bot: ✅ Yüklendi: commands/economy/leaderboard.py
2026-09-05 16:37:13,503 [INFO] bot: ✅ Yüklendi: commands/economy/shop.py
2026-09-05 16:37:13,503 [ERROR] bot: ❌ Komut dosyası yüklenirken hata, atlanıyor: commands/wanted/catch_wanted.py
Traceback (most recent call last):
  File "/home/container/main.py", line 129, in load_commands
    spec.loader.exec_module(module)
    ~~~~~~~~~~~~~~~~~~~~~~~^^^^^^^^
  File "<frozen importlib._bootstrap_external>", line 1023, in exec_module
  File "<frozen importlib._bootstrap>", line 488, in _call_with_frames_removed
  File "/home/container/commands/wanted/catch_wanted.py", line 5, in <module>
    from utils.unbelievaboat import add_cash
ModuleNotFoundError: No module named 'utils.unbelievaboat'
2026-09-05 16:37:13,504 [INFO] bot: ✅ Yüklendi: commands/wanted/crime_listener.py
2026-09-05 16:37:13,504 [INFO] bot: ✅ Yüklendi: commands/wanted/wanted_list.py
2026-09-05 16:37:13,505 [INFO] bot: 📦 Toplam 35 komut dosyası yüklendi, 2 dosya atlandı.
2026-09-05 16:37:13,505 [INFO] discord.client: logging in using static token
2026-09-05 16:37:14,561 [INFO] discord.gateway: Shard ID None has connected to Gateway (Session ID: 3685997208553635e94d3ef88c8a430d).
2026-09-05 16:37:16,585 [INFO] bot: 🤖 ankatuber's perfect bot giriş yaptı!
2026-09-05 16:37:16,825 [INFO] bot: 🔄 28 slash komut senkronize edildi!
2026-09-05 16:40:42,856 [INFO] bot: Bot normal şekilde durduruldu, yeniden başlatılmıyor.
2026-09-05 16:40:47,771 [WARNING] discord.client: PyNaCl is not installed, voice will NOT be supported
2026-09-05 16:40:47,771 [WARNING] discord.client: davey is not installed, voice will NOT be supported
2026-09-05 16:40:47,772 [ERROR] bot: ❌ Komut dosyası yüklenirken hata, atlanıyor: commands/partners.py
Traceback (most recent call last):
  File "/home/container/main.py", line 132, in load_commands
    module.setup(bot)
    ~~~~~~~~~~~~^^^^^
  File "/home/container/commands/partners.py", line 128, in setup
    bot.loop.create_task(baslat())
    ^^^^^^^^^^^^^^^^^^^^
  File "/home/container/.local/lib/python3.13/site-packages/discord/client.py", line 170, in __getattr__
    raise AttributeError(msg)
AttributeError: loop attribute cannot be accessed in non-async contexts. Consider using either an asynchronous main function and passing it to asyncio.run or using asynchronous initialisation hooks such as Client.setup_hook
2026-09-05 16:40:47,896 [INFO] bot: ✅ Yüklendi: commands/ceviri/nuke_translate.py
2026-09-05 16:40:47,896 [INFO] bot: ✅ Yüklendi: commands/ceviri/translate_all_roles.py
2026-09-05 16:40:47,897 [INFO] bot: ✅ Yüklendi: commands/ceviri/translate_role.py
2026-09-05 16:40:47,897 [INFO] bot: ✅ Yüklendi: commands/hunter_outlaw/give_award.py
2026-09-05 16:40:47,898 [INFO] bot: ✅ Yüklendi: commands/hunter_outlaw/history.py
2026-09-05 16:40:47,898 [INFO] bot: ✅ Yüklendi: commands/hunter_outlaw/hunt_request.py
2026-09-05 16:40:47,898 [INFO] bot: ✅ Yüklendi: commands/hunter_outlaw/leaderboard.py
2026-09-05 16:40:47,899 [INFO] bot: ✅ Yüklendi: commands/hunter_outlaw/proof.py
2026-09-05 16:40:47,899 [INFO] bot: ✅ Yüklendi: commands/hunter_outlaw/reset_points.py
2026-09-05 16:40:47,899 [INFO] bot: ✅ Yüklendi: commands/hunter_outlaw/reset_user_points.py
2026-09-05 16:40:47,901 [INFO] bot: ✅ Yüklendi: commands/hunter_outlaw/set_role_icon.py
2026-09-05 16:40:47,901 [INFO] bot: ✅ Yüklendi: commands/hunter_outlaw/status.py
2026-09-05 16:40:47,901 [INFO] bot: ✅ Yüklendi: commands/genel/help.py
2026-09-05 16:40:47,902 [INFO] bot: ✅ Yüklendi: commands/genel/rules.py
2026-09-05 16:40:48,552 [INFO] bot: ✅ Yüklendi: commands/genel/sohbet.py
2026-09-05 16:40:48,552 [INFO] bot: ✅ Yüklendi: commands/genel/welcome.py
2026-09-05 16:40:48,553 [INFO] bot: ✅ Yüklendi: commands/moderasyon/ban.py
2026-09-05 16:40:48,554 [INFO] bot: ✅ Yüklendi: commands/moderasyon/clearwarnings.py
2026-09-05 16:40:48,554 [INFO] bot: ✅ Yüklendi: commands/moderasyon/filter_listener.py
2026-09-05 16:40:48,555 [INFO] bot: ✅ Yüklendi: commands/moderasyon/kick.py
2026-09-05 16:40:48,555 [INFO] bot: ✅ Yüklendi: commands/moderasyon/lock.py
2026-09-05 16:40:48,556 [INFO] bot: ✅ Yüklendi: commands/moderasyon/mute.py
2026-09-05 16:40:48,556 [INFO] bot: ✅ Yüklendi: commands/moderasyon/purge.py
2026-09-05 16:40:48,557 [INFO] bot: ✅ Yüklendi: commands/moderasyon/unlock.py
2026-09-05 16:40:48,557 [INFO] bot: ✅ Yüklendi: commands/moderasyon/unmute.py
2026-09-05 16:40:48,557 [INFO] bot: ✅ Yüklendi: commands/moderasyon/warn.py
2026-09-05 16:40:48,558 [INFO] bot: ✅ Yüklendi: commands/moderasyon/warnings_list.py
2026-09-05 16:40:48,559 [INFO] bot: ✅ Yüklendi: commands/sabika/criminal_record.py
2026-09-05 16:40:48,559 [WARNING] bot: ⚠️ 'setup' fonksiyonu bulunamadı, atlandı: commands/economy/ __init__.py
2026-09-05 16:40:48,561 [INFO] bot: ✅ Yüklendi: commands/economy/economy.py
2026-09-05 16:40:48,561 [INFO] bot: ✅ Yüklendi: commands/economy/inventory.py
2026-09-05 16:40:48,562 [INFO] bot: ✅ Yüklendi: commands/economy/items.py
2026-09-05 16:40:48,563 [INFO] bot: ✅ Yüklendi: commands/economy/leaderboard.py
2026-09-05 16:40:48,565 [INFO] bot: ✅ Yüklendi: commands/economy/shop.py
2026-09-05 16:40:48,565 [ERROR] bot: ❌ Komut dosyası yüklenirken hata, atlanıyor: commands/wanted/catch_wanted.py
Traceback (most recent call last):
  File "/home/container/main.py", line 129, in load_commands
    spec.loader.exec_module(module)
    ~~~~~~~~~~~~~~~~~~~~~~~^^^^^^^^
  File "<frozen importlib._bootstrap_external>", line 1023, in exec_module
  File "<frozen importlib._bootstrap>", line 488, in _call_with_frames_removed
  File "/home/container/commands/wanted/catch_wanted.py", line 5, in <module>
    from utils.unbelievaboat import add_cash
ModuleNotFoundError: No module named 'utils.unbelievaboat'
2026-09-05 16:40:48,566 [INFO] bot: ✅ Yüklendi: commands/wanted/crime_listener.py
2026-09-05 16:40:48,566 [INFO] bot: ✅ Yüklendi: commands/wanted/wanted_list.py
2026-09-05 16:40:48,567 [INFO] bot: 📦 Toplam 35 komut dosyası yüklendi, 2 dosya atlandı.
2026-09-05 16:40:48,567 [INFO] discord.client: logging in using static token
2026-09-05 16:40:49,873 [INFO] discord.gateway: Shard ID None has connected to Gateway (Session ID: 16a3b1b50a8a1431d8a589d791b29996).
2026-09-05 16:40:51,933 [INFO] bot: 🤖 ankatuber's perfect bot giriş yaptı!
2026-09-05 16:40:52,388 [INFO] bot: 🔄 28 slash komut senkronize edildi!
2026-09-05 16:44:55,858 [INFO] bot: Bot normal şekilde durduruldu, yeniden başlatılmıyor.
2026-09-05 16:45:00,814 [WARNING] discord.client: PyNaCl is not installed, voice will NOT be supported
2026-09-05 16:45:00,814 [WARNING] discord.client: davey is not installed, voice will NOT be supported
2026-09-05 16:45:00,815 [ERROR] bot: ❌ Komut dosyası yüklenirken hata, atlanıyor: commands/partners.py
Traceback (most recent call last):
  File "/home/container/main.py", line 132, in load_commands
    module.setup(bot)
    ~~~~~~~~~~~~^^^^^
  File "/home/container/commands/partners.py", line 128, in setup
    bot.loop.create_task(baslat())
    ^^^^^^^^^^^^^^^^^^^^
  File "/home/container/.local/lib/python3.13/site-packages/discord/client.py", line 170, in __getattr__
    raise AttributeError(msg)
AttributeError: loop attribute cannot be accessed in non-async contexts. Consider using either an asynchronous main function and passing it to asyncio.run or using asynchronous initialisation hooks such as Client.setup_hook
2026-09-05 16:45:00,929 [INFO] bot: ✅ Yüklendi: commands/ceviri/nuke_translate.py
2026-09-05 16:45:00,929 [INFO] bot: ✅ Yüklendi: commands/ceviri/translate_all_roles.py
2026-09-05 16:45:00,930 [INFO] bot: ✅ Yüklendi: commands/ceviri/translate_role.py
2026-09-05 16:45:00,930 [INFO] bot: ✅ Yüklendi: commands/hunter_outlaw/give_award.py
2026-09-05 16:45:00,930 [INFO] bot: ✅ Yüklendi: commands/hunter_outlaw/history.py
2026-09-05 16:45:00,931 [INFO] bot: ✅ Yüklendi: commands/hunter_outlaw/hunt_request.py
2026-09-05 16:45:00,931 [INFO] bot: ✅ Yüklendi: commands/hunter_outlaw/leaderboard.py
2026-09-05 16:45:00,931 [INFO] bot: ✅ Yüklendi: commands/hunter_outlaw/proof.py
2026-09-05 16:45:00,931 [INFO] bot: ✅ Yüklendi: commands/hunter_outlaw/reset_points.py
2026-09-05 16:45:00,931 [INFO] bot: ✅ Yüklendi: commands/hunter_outlaw/reset_user_points.py
2026-09-05 16:45:00,932 [INFO] bot: ✅ Yüklendi: commands/hunter_outlaw/set_role_icon.py
2026-09-05 16:45:00,932 [INFO] bot: ✅ Yüklendi: commands/hunter_outlaw/status.py
2026-09-05 16:45:00,932 [INFO] bot: ✅ Yüklendi: commands/genel/help.py
2026-09-05 16:45:00,932 [INFO] bot: ✅ Yüklendi: commands/genel/rules.py
2026-09-05 16:45:01,597 [INFO] bot: ✅ Yüklendi: commands/genel/sohbet.py
2026-09-05 16:45:01,598 [INFO] bot: ✅ Yüklendi: commands/genel/welcome.py
2026-09-05 16:45:01,598 [INFO] bot: ✅ Yüklendi: commands/moderasyon/ban.py
2026-09-05 16:45:01,598 [INFO] bot: ✅ Yüklendi: commands/moderasyon/clearwarnings.py
2026-09-05 16:45:01,599 [INFO] bot: ✅ Yüklendi: commands/moderasyon/filter_listener.py
2026-09-05 16:45:01,599 [INFO] bot: ✅ Yüklendi: commands/moderasyon/kick.py
2026-09-05 16:45:01,599 [INFO] bot: ✅ Yüklendi: commands/moderasyon/lock.py
2026-09-05 16:45:01,599 [INFO] bot: ✅ Yüklendi: commands/moderasyon/mute.py
2026-09-05 16:45:01,600 [INFO] bot: ✅ Yüklendi: commands/moderasyon/purge.py
2026-09-05 16:45:01,600 [INFO] bot: ✅ Yüklendi: commands/moderasyon/unlock.py
2026-09-05 16:45:01,601 [INFO] bot: ✅ Yüklendi: commands/moderasyon/unmute.py
2026-09-05 16:45:01,602 [INFO] bot: ✅ Yüklendi: commands/moderasyon/warn.py
2026-09-05 16:45:01,602 [INFO] bot: ✅ Yüklendi: commands/moderasyon/warnings_list.py
2026-09-05 16:45:01,603 [INFO] bot: ✅ Yüklendi: commands/sabika/criminal_record.py
2026-09-05 16:45:01,603 [WARNING] bot: ⚠️ 'setup' fonksiyonu bulunamadı, atlandı: commands/economy/ __init__.py
2026-09-05 16:45:01,605 [INFO] bot: ✅ Yüklendi: commands/economy/economy.py
2026-09-05 16:45:01,605 [INFO] bot: ✅ Yüklendi: commands/economy/inventory.py
2026-09-05 16:45:01,606 [INFO] bot: ✅ Yüklendi: commands/economy/items.py
2026-09-05 16:45:01,606 [INFO] bot: ✅ Yüklendi: commands/economy/leaderboard.py
2026-09-05 16:45:01,608 [INFO] bot: ✅ Yüklendi: commands/economy/shop.py
2026-09-05 16:45:01,609 [ERROR] bot: ❌ Komut dosyası yüklenirken hata, atlanıyor: commands/wanted/catch_wanted.py
Traceback (most recent call last):
  File "/home/container/main.py", line 129, in load_commands
    spec.loader.exec_module(module)
    ~~~~~~~~~~~~~~~~~~~~~~~^^^^^^^^
  File "<frozen importlib._bootstrap_external>", line 1023, in exec_module
  File "<frozen importlib._bootstrap>", line 488, in _call_with_frames_removed
  File "/home/container/commands/wanted/catch_wanted.py", line 5, in <module>
    from utils.unbelievaboat import add_cash
ModuleNotFoundError: No module named 'utils.unbelievaboat'
2026-09-05 16:45:01,610 [INFO] bot: ✅ Yüklendi: commands/wanted/crime_listener.py
2026-09-05 16:45:01,610 [INFO] bot: ✅ Yüklendi: commands/wanted/wanted_list.py
2026-09-05 16:45:01,610 [INFO] bot: 📦 Toplam 35 komut dosyası yüklendi, 2 dosya atlandı.
2026-09-05 16:45:01,611 [INFO] discord.client: logging in using static token
2026-09-05 16:45:02,847 [INFO] discord.gateway: Shard ID None has connected to Gateway (Session ID: dc9c24ee95d7c83ba14bb90ba17e1a52).
2026-09-05 16:45:04,867 [INFO] bot: 🤖 ankatuber's perfect bot giriş yaptı!
2026-09-05 16:45:05,404 [INFO] bot: 🔄 28 slash komut senkronize edildi!
2026-09-05 16:47:54,879 [INFO] bot: Bot normal şekilde durduruldu, yeniden başlatılmıyor.
2026-09-05 16:48:16,476 [WARNING] discord.client: PyNaCl is not installed, voice will NOT be supported
2026-09-05 16:48:16,477 [WARNING] discord.client: davey is not installed, voice will NOT be supported
2026-09-05 16:48:16,477 [ERROR] bot: ❌ Komut dosyası yüklenirken hata, atlanıyor: commands/partners.py
Traceback (most recent call last):
  File "/home/container/main.py", line 132, in load_commands
    module.setup(bot)
    ~~~~~~~~~~~~^^^^^
  File "/home/container/commands/partners.py", line 128, in setup
    bot.loop.create_task(baslat())
    ^^^^^^^^^^^^^^^^^^^^
  File "/home/container/.local/lib/python3.13/site-packages/discord/client.py", line 170, in __getattr__
    raise AttributeError(msg)
AttributeError: loop attribute cannot be accessed in non-async contexts. Consider using either an asynchronous main function and passing it to asyncio.run or using asynchronous initialisation hooks such as Client.setup_hook
2026-09-05 16:48:16,605 [INFO] bot: ✅ Yüklendi: commands/ceviri/nuke_translate.py
2026-09-05 16:48:16,606 [INFO] bot: ✅ Yüklendi: commands/ceviri/translate_all_roles.py
2026-09-05 16:48:16,606 [INFO] bot: ✅ Yüklendi: commands/ceviri/translate_role.py
2026-09-05 16:48:16,607 [INFO] bot: ✅ Yüklendi: commands/hunter_outlaw/give_award.py
2026-09-05 16:48:16,607 [INFO] bot: ✅ Yüklendi: commands/hunter_outlaw/history.py
2026-09-05 16:48:16,608 [INFO] bot: ✅ Yüklendi: commands/hunter_outlaw/hunt_request.py
2026-09-05 16:48:16,608 [INFO] bot: ✅ Yüklendi: commands/hunter_outlaw/leaderboard.py
2026-09-05 16:48:16,608 [INFO] bot: ✅ Yüklendi: commands/hunter_outlaw/proof.py
2026-09-05 16:48:16,608 [INFO] bot: ✅ Yüklendi: commands/hunter_outlaw/reset_points.py
2026-09-05 16:48:16,608 [INFO] bot: ✅ Yüklendi: commands/hunter_outlaw/reset_user_points.py
2026-09-05 16:48:16,609 [INFO] bot: ✅ Yüklendi: commands/hunter_outlaw/set_role_icon.py
2026-09-05 16:48:16,609 [INFO] bot: ✅ Yüklendi: commands/hunter_outlaw/status.py
2026-09-05 16:48:16,609 [INFO] bot: ✅ Yüklendi: commands/genel/help.py
2026-09-05 16:48:16,609 [INFO] bot: ✅ Yüklendi: commands/genel/rules.py
2026-09-05 16:48:17,304 [INFO] bot: ✅ Yüklendi: commands/genel/sohbet.py
2026-09-05 16:48:17,304 [INFO] bot: ✅ Yüklendi: commands/genel/welcome.py
2026-09-05 16:48:17,305 [INFO] bot: ✅ Yüklendi: commands/moderasyon/ban.py
2026-09-05 16:48:17,305 [INFO] bot: ✅ Yüklendi: commands/moderasyon/clearwarnings.py
2026-09-05 16:48:17,305 [INFO] bot: ✅ Yüklendi: commands/moderasyon/filter_listener.py
2026-09-05 16:48:17,305 [INFO] bot: ✅ Yüklendi: commands/moderasyon/kick.py
2026-09-05 16:48:17,306 [INFO] bot: ✅ Yüklendi: commands/moderasyon/lock.py
2026-09-05 16:48:17,306 [INFO] bot: ✅ Yüklendi: commands/moderasyon/mute.py
2026-09-05 16:48:17,306 [INFO] bot: ✅ Yüklendi: commands/moderasyon/purge.py
2026-09-05 16:48:17,307 [INFO] bot: ✅ Yüklendi: commands/moderasyon/unlock.py
2026-09-05 16:48:17,307 [INFO] bot: ✅ Yüklendi: commands/moderasyon/unmute.py
2026-09-05 16:48:17,307 [INFO] bot: ✅ Yüklendi: commands/moderasyon/warn.py
2026-09-05 16:48:17,308 [INFO] bot: ✅ Yüklendi: commands/moderasyon/warnings_list.py
2026-09-05 16:48:17,308 [INFO] bot: ✅ Yüklendi: commands/sabika/criminal_record.py
2026-09-05 16:48:17,308 [WARNING] bot: ⚠️ 'setup' fonksiyonu bulunamadı, atlandı: commands/economy/ __init__.py
2026-09-05 16:48:17,310 [INFO] bot: ✅ Yüklendi: commands/economy/economy.py
2026-09-05 16:48:17,311 [INFO] bot: ✅ Yüklendi: commands/economy/inventory.py
2026-09-05 16:48:17,311 [INFO] bot: ✅ Yüklendi: commands/economy/items.py
2026-09-05 16:48:17,312 [INFO] bot: ✅ Yüklendi: commands/economy/leaderboard.py
2026-09-05 16:48:17,312 [INFO] bot: ✅ Yüklendi: commands/economy/shop.py
2026-09-05 16:48:17,313 [ERROR] bot: ❌ Komut dosyası yüklenirken hata, atlanıyor: commands/wanted/catch_wanted.py
Traceback (most recent call last):
  File "/home/container/main.py", line 129, in load_commands
    spec.loader.exec_module(module)
    ~~~~~~~~~~~~~~~~~~~~~~~^^^^^^^^
  File "<frozen importlib._bootstrap_external>", line 1023, in exec_module
  File "<frozen importlib._bootstrap>", line 488, in _call_with_frames_removed
  File "/home/container/commands/wanted/catch_wanted.py", line 5, in <module>
    from utils.unbelievaboat import add_cash
ModuleNotFoundError: No module named 'utils.unbelievaboat'
2026-09-05 16:48:17,314 [INFO] bot: ✅ Yüklendi: commands/wanted/crime_listener.py
2026-09-05 16:48:17,314 [INFO] bot: ✅ Yüklendi: commands/wanted/wanted_list.py
2026-09-05 16:48:17,314 [INFO] bot: 📦 Toplam 35 komut dosyası yüklendi, 2 dosya atlandı.
2026-09-05 16:48:17,315 [INFO] discord.client: logging in using static token
2026-09-05 16:48:29,013 [INFO] discord.gateway: Shard ID None has connected to Gateway (Session ID: d5ca9fef50c54bc23269fc41fc0055ee).
2026-09-05 16:48:31,052 [INFO] bot: 🤖 ankatuber's perfect bot giriş yaptı!
2026-09-05 16:48:31,375 [INFO] bot: 🔄 28 slash komut senkronize edildi!
2026-09-05 16:48:53,676 [WARNING] discord.client: PyNaCl is not installed, voice will NOT be supported
2026-09-05 16:48:53,676 [WARNING] discord.client: davey is not installed, voice will NOT be supported
2026-09-05 16:48:53,677 [ERROR] bot: ❌ Komut dosyası yüklenirken hata, atlanıyor: commands/partners.py
Traceback (most recent call last):
  File "/home/container/main.py", line 132, in load_commands
    module.setup(bot)
    ~~~~~~~~~~~~^^^^^
  File "/home/container/commands/partners.py", line 128, in setup
    bot.loop.create_task(baslat())
    ^^^^^^^^^^^^^^^^^^^^
  File "/home/container/.local/lib/python3.13/site-packages/discord/client.py", line 170, in __getattr__
    raise AttributeError(msg)
AttributeError: loop attribute cannot be accessed in non-async contexts. Consider using either an asynchronous main function and passing it to asyncio.run or using asynchronous initialisation hooks such as Client.setup_hook
2026-09-05 16:48:53,804 [INFO] bot: ✅ Yüklendi: commands/ceviri/nuke_translate.py
2026-09-05 16:48:53,805 [INFO] bot: ✅ Yüklendi: commands/ceviri/translate_all_roles.py
2026-09-05 16:48:53,805 [INFO] bot: ✅ Yüklendi: commands/ceviri/translate_role.py
2026-09-05 16:48:53,806 [INFO] bot: ✅ Yüklendi: commands/hunter_outlaw/give_award.py
2026-09-05 16:48:53,806 [INFO] bot: ✅ Yüklendi: commands/hunter_outlaw/history.py
2026-09-05 16:48:53,807 [INFO] bot: ✅ Yüklendi: commands/hunter_outlaw/hunt_request.py
2026-09-05 16:48:53,807 [INFO] bot: ✅ Yüklendi: commands/hunter_outlaw/leaderboard.py
2026-09-05 16:48:53,807 [INFO] bot: ✅ Yüklendi: commands/hunter_outlaw/proof.py
2026-09-05 16:48:53,807 [INFO] bot: ✅ Yüklendi: commands/hunter_outlaw/reset_points.py
2026-09-05 16:48:53,808 [INFO] bot: ✅ Yüklendi: commands/hunter_outlaw/reset_user_points.py
2026-09-05 16:48:53,808 [INFO] bot: ✅ Yüklendi: commands/hunter_outlaw/set_role_icon.py
2026-09-05 16:48:53,808 [INFO] bot: ✅ Yüklendi: commands/hunter_outlaw/status.py
2026-09-05 16:48:53,808 [INFO] bot: ✅ Yüklendi: commands/genel/help.py
2026-09-05 16:48:53,809 [INFO] bot: ✅ Yüklendi: commands/genel/rules.py
2026-09-05 16:48:54,456 [INFO] bot: ✅ Yüklendi: commands/genel/sohbet.py
2026-09-05 16:48:54,456 [INFO] bot: ✅ Yüklendi: commands/genel/welcome.py
2026-09-05 16:48:54,457 [INFO] bot: ✅ Yüklendi: commands/moderasyon/ban.py
2026-09-05 16:48:54,457 [INFO] bot: ✅ Yüklendi: commands/moderasyon/clearwarnings.py
2026-09-05 16:48:54,457 [INFO] bot: ✅ Yüklendi: commands/moderasyon/filter_listener.py
2026-09-05 16:48:54,457 [INFO] bot: ✅ Yüklendi: commands/moderasyon/kick.py
2026-09-05 16:48:54,457 [INFO] bot: ✅ Yüklendi: commands/moderasyon/lock.py
2026-09-05 16:48:54,458 [INFO] bot: ✅ Yüklendi: commands/moderasyon/mute.py
2026-09-05 16:48:54,458 [INFO] bot: ✅ Yüklendi: commands/moderasyon/purge.py
2026-09-05 16:48:54,458 [INFO] bot: ✅ Yüklendi: commands/moderasyon/unlock.py
2026-09-05 16:48:54,458 [INFO] bot: ✅ Yüklendi: commands/moderasyon/unmute.py
2026-09-05 16:48:54,459 [INFO] bot: ✅ Yüklendi: commands/moderasyon/warn.py
2026-09-05 16:48:54,459 [INFO] bot: ✅ Yüklendi: commands/moderasyon/warnings_list.py
2026-09-05 16:48:54,459 [INFO] bot: ✅ Yüklendi: commands/sabika/criminal_record.py
2026-09-05 16:48:54,459 [WARNING] bot: ⚠️ 'setup' fonksiyonu bulunamadı, atlandı: commands/economy/ __init__.py
2026-09-05 16:48:54,460 [INFO] bot: ✅ Yüklendi: commands/economy/economy.py
2026-09-05 16:48:54,461 [INFO] bot: ✅ Yüklendi: commands/economy/inventory.py
2026-09-05 16:48:54,461 [INFO] bot: ✅ Yüklendi: commands/economy/items.py
2026-09-05 16:48:54,462 [INFO] bot: ✅ Yüklendi: commands/economy/leaderboard.py
2026-09-05 16:48:54,464 [INFO] bot: ✅ Yüklendi: commands/economy/shop.py
2026-09-05 16:48:54,464 [ERROR] bot: ❌ Komut dosyası yüklenirken hata, atlanıyor: commands/wanted/catch_wanted.py
Traceback (most recent call last):
  File "/home/container/main.py", line 129, in load_commands
    spec.loader.exec_module(module)
    ~~~~~~~~~~~~~~~~~~~~~~~^^^^^^^^
  File "<frozen importlib._bootstrap_external>", line 1023, in exec_module
  File "<frozen importlib._bootstrap>", line 488, in _call_with_frames_removed
  File "/home/container/commands/wanted/catch_wanted.py", line 5, in <module>
    from utils.unbelievaboat import add_cash
ModuleNotFoundError: No module named 'utils.unbelievaboat'
2026-09-05 16:48:54,465 [INFO] bot: ✅ Yüklendi: commands/wanted/crime_listener.py
2026-09-05 16:48:54,465 [INFO] bot: ✅ Yüklendi: commands/wanted/wanted_list.py
2026-09-05 16:48:54,465 [INFO] bot: 📦 Toplam 35 komut dosyası yüklendi, 2 dosya atlandı.
2026-09-05 16:48:54,465 [INFO] discord.client: logging in using static token
2026-09-05 16:48:55,922 [INFO] discord.gateway: Shard ID None has connected to Gateway (Session ID: 4a1f83635fa55944caaa71c692495c6f).
2026-09-05 16:48:57,957 [INFO] bot: 🤖 ankatuber's perfect bot giriş yaptı!
2026-09-05 16:49:31,344 [INFO] bot: 🔄 28 slash komut senkronize edildi!
2026-09-05 17:01:49,157 [INFO] discord.gateway: Shard ID None has successfully RESUMED session 4a1f83635fa55944caaa71c692495c6f.
2026-09-05 17:06:46,044 [ERROR] discord.client: Attempting a reconnect in 0.53s
Traceback (most recent call last):
  File "/home/container/.local/lib/python3.13/site-packages/aiohttp/connector.py", line 1571, in _create_direct_connection
    hosts = await self._resolve_host(host, port, traces=traces)
            ^^^^^^^^^^^^^^^^^^^^^^^^^^^^^^^^^^^^^^^^^^^^^^^^^^^
  File "/home/container/.local/lib/python3.13/site-packages/aiohttp/connector.py", line 1181, in _resolve_host
    return await asyncio.shield(resolved_host_task)
           ^^^^^^^^^^^^^^^^^^^^^^^^^^^^^^^^^^^^^^^^
  File "/home/container/.local/lib/python3.13/site-packages/aiohttp/connector.py", line 1212, in _resolve_host_with_throttle
    addrs = await self._resolver.resolve(host, port, family=self._family)
            ^^^^^^^^^^^^^^^^^^^^^^^^^^^^^^^^^^^^^^^^^^^^^^^^^^^^^^^^^^^^^
  File "/home/container/.local/lib/python3.13/site-packages/aiohttp/resolver.py", line 47, in resolve
    infos = await self._loop.getaddrinfo(
            ^^^^^^^^^^^^^^^^^^^^^^^^^^^^^
    ...<5 lines>...
    )
    ^
  File "/usr/local/lib/python3.13/asyncio/base_events.py", line 940, in getaddrinfo
    return await self.run_in_executor(
           ^^^^^^^^^^^^^^^^^^^^^^^^^^^
        None, getaddr_func, host, port, family, type, proto, flags)
        ^^^^^^^^^^^^^^^^^^^^^^^^^^^^^^^^^^^^^^^^^^^^^^^^^^^^^^^^^^^
  File "/usr/local/lib/python3.13/concurrent/futures/thread.py", line 59, in run
    result = self.fn(*self.args, **self.kwargs)
  File "/usr/local/lib/python3.13/socket.py", line 983, in getaddrinfo
    for res in _socket.getaddrinfo(host, port, family, type, proto, flags):
               ~~~~~~~~~~~~~~~~~~~^^^^^^^^^^^^^^^^^^^^^^^^^^^^^^^^^^^^^^^^
socket.gaierror: [Errno -3] Temporary failure in name resolution

The above exception was the direct cause of the following exception:

Traceback (most recent call last):
  File "/home/container/.local/lib/python3.13/site-packages/discord/client.py", line 728, in connect
    self.ws = await asyncio.wait_for(coro, timeout=60.0)
              ^^^^^^^^^^^^^^^^^^^^^^^^^^^^^^^^^^^^^^^^^^
  File "/usr/local/lib/python3.13/asyncio/tasks.py", line 507, in wait_for
    return await fut
           ^^^^^^^^^
  File "/home/container/.local/lib/python3.13/site-packages/discord/gateway.py", line 392, in from_client
    socket = await client.http.ws_connect(str(url))
             ^^^^^^^^^^^^^^^^^^^^^^^^^^^^^^^^^^^^^^
  File "/home/container/.local/lib/python3.13/site-packages/discord/http.py", line 571, in ws_connect
    return await self.__session.ws_connect(url, **kwargs)
           ^^^^^^^^^^^^^^^^^^^^^^^^^^^^^^^^^^^^^^^^^^^^^^
  File "/home/container/.local/lib/python3.13/site-packages/aiohttp/client.py", line 1249, in _ws_connect
    resp = await self.request(
           ^^^^^^^^^^^^^^^^^^^
    ...<11 lines>...
    )
    ^
  File "/home/container/.local/lib/python3.13/site-packages/aiohttp/client.py", line 858, in _request
    resp = await handler(req)
           ^^^^^^^^^^^^^^^^^^
  File "/home/container/.local/lib/python3.13/site-packages/aiohttp/client.py", line 812, in _connect_and_send_request
    conn = await self._connector.connect(
           ^^^^^^^^^^^^^^^^^^^^^^^^^^^^^^
        req, traces=traces, timeout=real_timeout
        ^^^^^^^^^^^^^^^^^^^^^^^^^^^^^^^^^^^^^^^^
    )
    ^
  File "/home/container/.local/lib/python3.13/site-packages/aiohttp/connector.py", line 657, in connect
    proto = await self._create_connection(req, traces, timeout)
            ^^^^^^^^^^^^^^^^^^^^^^^^^^^^^^^^^^^^^^^^^^^^^^^^^^^
  File "/home/container/.local/lib/python3.13/site-packages/aiohttp/connector.py", line 1242, in _create_connection
    _, proto = await self._create_direct_connection(req, traces, timeout)
               ^^^^^^^^^^^^^^^^^^^^^^^^^^^^^^^^^^^^^^^^^^^^^^^^^^^^^^^^^^
  File "/home/container/.local/lib/python3.13/site-packages/aiohttp/connector.py", line 1577, in _create_direct_connection
    raise ClientConnectorDNSError(req.connection_key, exc) from exc
aiohttp.client_exceptions.ClientConnectorDNSError: Cannot connect to host gateway-us-east1-b.discord.gg:443 ssl:default [Temporary failure in name resolution]
2026-09-05 17:06:46,968 [INFO] discord.gateway: Shard ID None has successfully RESUMED session 4a1f83635fa55944caaa71c692495c6f.
2026-09-05 17:18:16,462 [WARNING] discord.gateway: Can't keep up, shard ID None websocket is 29.6s behind.
2026-09-05 17:20:51,165 [INFO] discord.gateway: Shard ID None has successfully RESUMED session 4a1f83635fa55944caaa71c692495c6f.
2026-09-05 17:21:58,494 [ERROR] bot: ⚠️ Komut hatası (shop): Command raised an exception: TimeoutError: 
Traceback (most recent call last):
  File "/home/container/.local/lib/python3.13/site-packages/aiohttp/client_reqrep.py", line 558, in start
    message, payload = await protocol.read()  # type: ignore[union-attr]
                       ^^^^^^^^^^^^^^^^^^^^^
  File "/home/container/.local/lib/python3.13/site-packages/aiohttp/streams.py", line 705, in read
    await self._waiter
asyncio.exceptions.CancelledError

The above exception was the direct cause of the following exception:

Traceback (most recent call last):
  File "/home/container/.local/lib/python3.13/site-packages/discord/ext/commands/core.py", line 266, in wrapped
    ret = await coro(*args, **kwargs)
          ^^^^^^^^^^^^^^^^^^^^^^^^^^^
  File "/home/container/commands/economy/shop.py", line 115, in shop_cmd
    await ctx.send(embed=embed)
  File "/home/container/.local/lib/python3.13/site-packages/discord/ext/commands/context.py", line 1103, in send
    return await super().send(
           ^^^^^^^^^^^^^^^^^^^
    ...<16 lines>...
    )  # type: ignore # The overloads don't support Optional but the implementation does
    ^
  File "/home/container/.local/lib/python3.13/site-packages/discord/abc.py", line 1706, in send
    data = await state.http.send_message(channel.id, params=params)
           ^^^^^^^^^^^^^^^^^^^^^^^^^^^^^^^^^^^^^^^^^^^^^^^^^^^^^^^^
  File "/home/container/.local/lib/python3.13/site-packages/discord/http.py", line 659, in request
    async with self.__session.request(method, url, **kwargs) as response:
               ~~~~~~~~~~~~~~~~~~~~~~^^^^^^^^^^^^^^^^^^^^^^^
  File "/home/container/.local/lib/python3.13/site-packages/aiohttp/client.py", line 1693, in __aenter__
    self._resp: _RetType_co = await self._coro
                              ^^^^^^^^^^^^^^^^
  File "/home/container/.local/lib/python3.13/site-packages/aiohttp/client.py", line 858, in _request
    resp = await handler(req)
           ^^^^^^^^^^^^^^^^^^
  File "/home/container/.local/lib/python3.13/site-packages/aiohttp/client.py", line 836, in _connect_and_send_request
    await resp.start(conn)
  File "/home/container/.local/lib/python3.13/site-packages/aiohttp/client_reqrep.py", line 553, in start
    with self._timer:
         ^^^^^^^^^^^
  File "/home/container/.local/lib/python3.13/site-packages/aiohttp/helpers.py", line 759, in __exit__
    raise asyncio.TimeoutError from exc_val
TimeoutError

The above exception was the direct cause of the following exception:

Traceback (most recent call last):
  File "/home/container/.local/lib/python3.13/site-packages/discord/ext/commands/bot.py", line 1376, in invoke
    await ctx.command.invoke(ctx)
  File "/home/container/.local/lib/python3.13/site-packages/discord/ext/commands/core.py", line 1064, in invoke
    await injected(*ctx.args, **ctx.kwargs)  # type: ignore
    ^^^^^^^^^^^^^^^^^^^^^^^^^^^^^^^^^^^^^^^
  File "/home/container/.local/lib/python3.13/site-packages/discord/ext/commands/core.py", line 275, in wrapped
    raise CommandInvokeError(exc) from exc
discord.ext.commands.errors.CommandInvokeError: Command raised an exception: TimeoutError: 
2026-09-05 17:22:46,144 [INFO] discord.gateway: Shard ID None has successfully RESUMED session 4a1f83635fa55944caaa71c692495c6f.
2026-09-05 17:27:42,552 [ERROR] discord.client: Attempting a reconnect in 0.35s
Traceback (most recent call last):
  File "/home/container/.local/lib/python3.13/site-packages/aiohttp/connector.py", line 1571, in _create_direct_connection
    hosts = await self._resolve_host(host, port, traces=traces)
            ^^^^^^^^^^^^^^^^^^^^^^^^^^^^^^^^^^^^^^^^^^^^^^^^^^^
  File "/home/container/.local/lib/python3.13/site-packages/aiohttp/connector.py", line 1181, in _resolve_host
    return await asyncio.shield(resolved_host_task)
           ^^^^^^^^^^^^^^^^^^^^^^^^^^^^^^^^^^^^^^^^
  File "/home/container/.local/lib/python3.13/site-packages/aiohttp/connector.py", line 1212, in _resolve_host_with_throttle
    addrs = await self._resolver.resolve(host, port, family=self._family)
            ^^^^^^^^^^^^^^^^^^^^^^^^^^^^^^^^^^^^^^^^^^^^^^^^^^^^^^^^^^^^^
  File "/home/container/.local/lib/python3.13/site-packages/aiohttp/resolver.py", line 47, in resolve
    infos = await self._loop.getaddrinfo(
            ^^^^^^^^^^^^^^^^^^^^^^^^^^^^^
    ...<5 lines>...
    )
    ^
  File "/usr/local/lib/python3.13/asyncio/base_events.py", line 940, in getaddrinfo
    return await self.run_in_executor(
           ^^^^^^^^^^^^^^^^^^^^^^^^^^^
        None, getaddr_func, host, port, family, type, proto, flags)
        ^^^^^^^^^^^^^^^^^^^^^^^^^^^^^^^^^^^^^^^^^^^^^^^^^^^^^^^^^^^
  File "/usr/local/lib/python3.13/concurrent/futures/thread.py", line 59, in run
    result = self.fn(*self.args, **self.kwargs)
  File "/usr/local/lib/python3.13/socket.py", line 983, in getaddrinfo
    for res in _socket.getaddrinfo(host, port, family, type, proto, flags):
               ~~~~~~~~~~~~~~~~~~~^^^^^^^^^^^^^^^^^^^^^^^^^^^^^^^^^^^^^^^^
socket.gaierror: [Errno -3] Temporary failure in name resolution

The above exception was the direct cause of the following exception:

Traceback (most recent call last):
  File "/home/container/.local/lib/python3.13/site-packages/discord/client.py", line 728, in connect
    self.ws = await asyncio.wait_for(coro, timeout=60.0)
              ^^^^^^^^^^^^^^^^^^^^^^^^^^^^^^^^^^^^^^^^^^
  File "/usr/local/lib/python3.13/asyncio/tasks.py", line 507, in wait_for
    return await fut
           ^^^^^^^^^
  File "/home/container/.local/lib/python3.13/site-packages/discord/gateway.py", line 392, in from_client
    socket = await client.http.ws_connect(str(url))
             ^^^^^^^^^^^^^^^^^^^^^^^^^^^^^^^^^^^^^^
  File "/home/container/.local/lib/python3.13/site-packages/discord/http.py", line 571, in ws_connect
    return await self.__session.ws_connect(url, **kwargs)
           ^^^^^^^^^^^^^^^^^^^^^^^^^^^^^^^^^^^^^^^^^^^^^^
  File "/home/container/.local/lib/python3.13/site-packages/aiohttp/client.py", line 1249, in _ws_connect
    resp = await self.request(
           ^^^^^^^^^^^^^^^^^^^
    ...<11 lines>...
    )
    ^
  File "/home/container/.local/lib/python3.13/site-packages/aiohttp/client.py", line 858, in _request
    resp = await handler(req)
           ^^^^^^^^^^^^^^^^^^
  File "/home/container/.local/lib/python3.13/site-packages/aiohttp/client.py", line 812, in _connect_and_send_request
    conn = await self._connector.connect(
           ^^^^^^^^^^^^^^^^^^^^^^^^^^^^^^
        req, traces=traces, timeout=real_timeout
        ^^^^^^^^^^^^^^^^^^^^^^^^^^^^^^^^^^^^^^^^
    )
    ^
  File "/home/container/.local/lib/python3.13/site-packages/aiohttp/connector.py", line 657, in connect
    proto = await self._create_connection(req, traces, timeout)
            ^^^^^^^^^^^^^^^^^^^^^^^^^^^^^^^^^^^^^^^^^^^^^^^^^^^
  File "/home/container/.local/lib/python3.13/site-packages/aiohttp/connector.py", line 1242, in _create_connection
    _, proto = await self._create_direct_connection(req, traces, timeout)
               ^^^^^^^^^^^^^^^^^^^^^^^^^^^^^^^^^^^^^^^^^^^^^^^^^^^^^^^^^^
  File "/home/container/.local/lib/python3.13/site-packages/aiohttp/connector.py", line 1577, in _create_direct_connection
    raise ClientConnectorDNSError(req.connection_key, exc) from exc
aiohttp.client_exceptions.ClientConnectorDNSError: Cannot connect to host gateway-us-east1-b.discord.gg:443 ssl:default [Temporary failure in name resolution]
2026-09-05 17:27:53,384 [INFO] discord.gateway: Shard ID None has successfully RESUMED session 4a1f83635fa55944caaa71c692495c6f.
2026-09-05 17:30:55,589 [INFO] bot: Bot normal şekilde durduruldu, yeniden başlatılmıyor.
2026-09-05 17:31:00,827 [WARNING] discord.client: PyNaCl is not installed, voice will NOT be supported
2026-09-05 17:31:00,827 [WARNING] discord.client: davey is not installed, voice will NOT be supported
2026-09-05 17:31:00,828 [ERROR] bot: ❌ Komut dosyası yüklenirken hata, atlanıyor: commands/partners.py
Traceback (most recent call last):
  File "/home/container/main.py", line 132, in load_commands
    module.setup(bot)
    ~~~~~~~~~~~~^^^^^
  File "/home/container/commands/partners.py", line 128, in setup
    bot.loop.create_task(baslat())
    ^^^^^^^^^^^^^^^^^^^^
  File "/home/container/.local/lib/python3.13/site-packages/discord/client.py", line 170, in __getattr__
    raise AttributeError(msg)
AttributeError: loop attribute cannot be accessed in non-async contexts. Consider using either an asynchronous main function and passing it to asyncio.run or using asynchronous initialisation hooks such as Client.setup_hook
2026-09-05 17:31:00,963 [INFO] bot: ✅ Yüklendi: commands/ceviri/nuke_translate.py
2026-09-05 17:31:00,964 [INFO] bot: ✅ Yüklendi: commands/ceviri/translate_all_roles.py
2026-09-05 17:31:00,964 [INFO] bot: ✅ Yüklendi: commands/ceviri/translate_role.py
2026-09-05 17:31:00,965 [INFO] bot: ✅ Yüklendi: commands/hunter_outlaw/give_award.py
2026-09-05 17:31:00,965 [INFO] bot: ✅ Yüklendi: commands/hunter_outlaw/history.py
2026-09-05 17:31:00,966 [INFO] bot: ✅ Yüklendi: commands/hunter_outlaw/hunt_request.py
2026-09-05 17:31:00,966 [INFO] bot: ✅ Yüklendi: commands/hunter_outlaw/leaderboard.py
2026-09-05 17:31:00,967 [INFO] bot: ✅ Yüklendi: commands/hunter_outlaw/proof.py
2026-09-05 17:31:00,967 [INFO] bot: ✅ Yüklendi: commands/hunter_outlaw/reset_points.py
2026-09-05 17:31:00,967 [INFO] bot: ✅ Yüklendi: commands/hunter_outlaw/reset_user_points.py
2026-09-05 17:31:00,968 [INFO] bot: ✅ Yüklendi: commands/hunter_outlaw/set_role_icon.py
2026-09-05 17:31:00,968 [INFO] bot: ✅ Yüklendi: commands/hunter_outlaw/status.py
2026-09-05 17:31:00,969 [INFO] bot: ✅ Yüklendi: commands/genel/help.py
2026-09-05 17:31:00,969 [INFO] bot: ✅ Yüklendi: commands/genel/rules.py
2026-09-05 17:31:01,681 [INFO] bot: ✅ Yüklendi: commands/genel/sohbet.py
2026-09-05 17:31:01,682 [INFO] bot: ✅ Yüklendi: commands/genel/welcome.py
2026-09-05 17:31:01,683 [INFO] bot: ✅ Yüklendi: commands/moderasyon/ban.py
2026-09-05 17:31:01,683 [INFO] bot: ✅ Yüklendi: commands/moderasyon/clearwarnings.py
2026-09-05 17:31:01,683 [INFO] bot: ✅ Yüklendi: commands/moderasyon/filter_listener.py
2026-09-05 17:31:01,684 [INFO] bot: ✅ Yüklendi: commands/moderasyon/kick.py
2026-09-05 17:31:01,684 [INFO] bot: ✅ Yüklendi: commands/moderasyon/lock.py
2026-09-05 17:31:01,684 [INFO] bot: ✅ Yüklendi: commands/moderasyon/mute.py
2026-09-05 17:31:01,685 [INFO] bot: ✅ Yüklendi: commands/moderasyon/purge.py
2026-09-05 17:31:01,685 [INFO] bot: ✅ Yüklendi: commands/moderasyon/unlock.py
2026-09-05 17:31:01,685 [INFO] bot: ✅ Yüklendi: commands/moderasyon/unmute.py
2026-09-05 17:31:01,685 [INFO] bot: ✅ Yüklendi: commands/moderasyon/warn.py
2026-09-05 17:31:01,686 [INFO] bot: ✅ Yüklendi: commands/moderasyon/warnings_list.py
2026-09-05 17:31:01,686 [INFO] bot: ✅ Yüklendi: commands/sabika/criminal_record.py
2026-09-05 17:31:01,687 [WARNING] bot: ⚠️ 'setup' fonksiyonu bulunamadı, atlandı: commands/economy/ __init__.py
2026-09-05 17:31:01,688 [INFO] bot: ✅ Yüklendi: commands/economy/economy.py
2026-09-05 17:31:01,688 [INFO] bot: ✅ Yüklendi: commands/economy/inventory.py
2026-09-05 17:31:01,689 [INFO] bot: ✅ Yüklendi: commands/economy/items.py
2026-09-05 17:31:01,690 [INFO] bot: ✅ Yüklendi: commands/economy/leaderboard.py
2026-09-05 17:31:01,693 [INFO] bot: ✅ Yüklendi: commands/economy/shop.py
2026-09-05 17:31:01,693 [ERROR] bot: ❌ Komut dosyası yüklenirken hata, atlanıyor: commands/wanted/catch_wanted.py
Traceback (most recent call last):
  File "/home/container/main.py", line 129, in load_commands
    spec.loader.exec_module(module)
    ~~~~~~~~~~~~~~~~~~~~~~~^^^^^^^^
  File "<frozen importlib._bootstrap_external>", line 1023, in exec_module
  File "<frozen importlib._bootstrap>", line 488, in _call_with_frames_removed
  File "/home/container/commands/wanted/catch_wanted.py", line 5, in <module>
    from utils.unbelievaboat import add_cash
ModuleNotFoundError: No module named 'utils.unbelievaboat'
2026-09-05 17:31:01,694 [INFO] bot: ✅ Yüklendi: commands/wanted/crime_listener.py
2026-09-05 17:31:01,695 [INFO] bot: ✅ Yüklendi: commands/wanted/wanted_list.py
2026-09-05 17:31:01,695 [INFO] bot: 📦 Toplam 35 komut dosyası yüklendi, 2 dosya atlandı.
2026-09-05 17:31:01,695 [INFO] discord.client: logging in using static token
2026-09-05 17:31:02,832 [INFO] discord.gateway: Shard ID None has connected to Gateway (Session ID: ff49ebbd013ac42bcbbab5bd9acf559a).
2026-09-05 17:31:04,858 [INFO] bot: 🤖 ankatuber's perfect bot giriş yaptı!
2026-09-05 17:31:05,463 [INFO] bot: 🔄 28 slash komut senkronize edildi!
2026-09-05 17:50:44,760 [INFO] bot: Bot normal şekilde durduruldu, yeniden başlatılmıyor.
2026-09-05 17:50:49,762 [WARNING] discord.client: PyNaCl is not installed, voice will NOT be supported
2026-09-05 17:50:49,762 [WARNING] discord.client: davey is not installed, voice will NOT be supported
2026-09-05 17:50:49,762 [ERROR] bot: ❌ Komut dosyası yüklenirken hata, atlanıyor: commands/partners.py
Traceback (most recent call last):
  File "/home/container/main.py", line 132, in load_commands
    module.setup(bot)
    ~~~~~~~~~~~~^^^^^
  File "/home/container/commands/partners.py", line 128, in setup
    bot.loop.create_task(baslat())
    ^^^^^^^^^^^^^^^^^^^^
  File "/home/container/.local/lib/python3.13/site-packages/discord/client.py", line 170, in __getattr__
    raise AttributeError(msg)
AttributeError: loop attribute cannot be accessed in non-async contexts. Consider using either an asynchronous main function and passing it to asyncio.run or using asynchronous initialisation hooks such as Client.setup_hook
2026-09-05 17:50:49,883 [INFO] bot: ✅ Yüklendi: commands/ceviri/nuke_translate.py
2026-09-05 17:50:49,883 [INFO] bot: ✅ Yüklendi: commands/ceviri/translate_all_roles.py
2026-09-05 17:50:49,884 [INFO] bot: ✅ Yüklendi: commands/ceviri/translate_role.py
2026-09-05 17:50:49,884 [INFO] bot: ✅ Yüklendi: commands/hunter_outlaw/give_award.py
2026-09-05 17:50:49,885 [INFO] bot: ✅ Yüklendi: commands/hunter_outlaw/history.py
2026-09-05 17:50:49,885 [INFO] bot: ✅ Yüklendi: commands/hunter_outlaw/hunt_request.py
2026-09-05 17:50:49,885 [INFO] bot: ✅ Yüklendi: commands/hunter_outlaw/leaderboard.py
2026-09-05 17:50:49,885 [INFO] bot: ✅ Yüklendi: commands/hunter_outlaw/proof.py
2026-09-05 17:50:49,885 [INFO] bot: ✅ Yüklendi: commands/hunter_outlaw/reset_points.py
2026-09-05 17:50:49,886 [INFO] bot: ✅ Yüklendi: commands/hunter_outlaw/reset_user_points.py
2026-09-05 17:50:49,886 [INFO] bot: ✅ Yüklendi: commands/hunter_outlaw/set_role_icon.py
2026-09-05 17:50:49,886 [INFO] bot: ✅ Yüklendi: commands/hunter_outlaw/status.py
2026-09-05 17:50:49,887 [INFO] bot: ✅ Yüklendi: commands/genel/help.py
2026-09-05 17:50:49,887 [INFO] bot: ✅ Yüklendi: commands/genel/rules.py
2026-09-05 17:50:50,526 [INFO] bot: ✅ Yüklendi: commands/genel/sohbet.py
2026-09-05 17:50:50,527 [INFO] bot: ✅ Yüklendi: commands/genel/welcome.py
2026-09-05 17:50:50,527 [INFO] bot: ✅ Yüklendi: commands/moderasyon/ban.py
2026-09-05 17:50:50,527 [INFO] bot: ✅ Yüklendi: commands/moderasyon/clearwarnings.py
2026-09-05 17:50:50,528 [INFO] bot: ✅ Yüklendi: commands/moderasyon/filter_listener.py
2026-09-05 17:50:50,528 [INFO] bot: ✅ Yüklendi: commands/moderasyon/kick.py
2026-09-05 17:50:50,528 [INFO] bot: ✅ Yüklendi: commands/moderasyon/lock.py
2026-09-05 17:50:50,529 [INFO] bot: ✅ Yüklendi: commands/moderasyon/mute.py
2026-09-05 17:50:50,529 [INFO] bot: ✅ Yüklendi: commands/moderasyon/purge.py
2026-09-05 17:50:50,529 [INFO] bot: ✅ Yüklendi: commands/moderasyon/unlock.py
2026-09-05 17:50:50,529 [INFO] bot: ✅ Yüklendi: commands/moderasyon/unmute.py
2026-09-05 17:50:50,530 [INFO] bot: ✅ Yüklendi: commands/moderasyon/warn.py
2026-09-05 17:50:50,530 [INFO] bot: ✅ Yüklendi: commands/moderasyon/warnings_list.py
2026-09-05 17:50:50,530 [INFO] bot: ✅ Yüklendi: commands/sabika/criminal_record.py
2026-09-05 17:50:50,530 [WARNING] bot: ⚠️ 'setup' fonksiyonu bulunamadı, atlandı: commands/economy/ __init__.py
2026-09-05 17:50:50,532 [INFO] bot: ✅ Yüklendi: commands/economy/economy.py
2026-09-05 17:50:50,533 [INFO] bot: ✅ Yüklendi: commands/economy/inventory.py
2026-09-05 17:50:50,534 [INFO] bot: ✅ Yüklendi: commands/economy/items.py
2026-09-05 17:50:50,534 [INFO] bot: ✅ Yüklendi: commands/economy/leaderboard.py
2026-09-05 17:50:50,542 [INFO] bot: ✅ Yüklendi: commands/economy/shop.py
2026-09-05 17:50:50,543 [ERROR] bot: ❌ Komut dosyası yüklenirken hata, atlanıyor: commands/wanted/catch_wanted.py
Traceback (most recent call last):
  File "/home/container/main.py", line 129, in load_commands
    spec.loader.exec_module(module)
    ~~~~~~~~~~~~~~~~~~~~~~~^^^^^^^^
  File "<frozen importlib._bootstrap_external>", line 1023, in exec_module
  File "<frozen importlib._bootstrap>", line 488, in _call_with_frames_removed
  File "/home/container/commands/wanted/catch_wanted.py", line 5, in <module>
    from utils.unbelievaboat import add_cash
ModuleNotFoundError: No module named 'utils.unbelievaboat'
2026-09-05 17:50:50,544 [INFO] bot: ✅ Yüklendi: commands/wanted/crime_listener.py
2026-09-05 17:50:50,544 [INFO] bot: ✅ Yüklendi: commands/wanted/wanted_list.py
2026-09-05 17:50:50,544 [INFO] bot: 📦 Toplam 35 komut dosyası yüklendi, 2 dosya atlandı.
2026-09-05 17:50:50,545 [INFO] discord.client: logging in using static token
2026-09-05 17:50:51,779 [INFO] discord.gateway: Shard ID None has connected to Gateway (Session ID: 53fcb69d84ca08c199e91c1e38b28485).
2026-09-05 17:50:53,818 [INFO] bot: 🤖 ankatuber's perfect bot giriş yaptı!
2026-09-05 17:50:54,293 [INFO] bot: 🔄 28 slash komut senkronize edildi!
2026-09-05 17:54:57,357 [INFO] bot: Bot normal şekilde durduruldu, yeniden başlatılmıyor.
2026-09-05 17:55:02,029 [WARNING] discord.client: PyNaCl is not installed, voice will NOT be supported
2026-09-05 17:55:02,029 [WARNING] discord.client: davey is not installed, voice will NOT be supported
2026-09-05 17:55:02,030 [ERROR] bot: ❌ Komut dosyası yüklenirken hata, atlanıyor: commands/partners.py
Traceback (most recent call last):
  File "/home/container/main.py", line 132, in load_commands
    module.setup(bot)
    ~~~~~~~~~~~~^^^^^
  File "/home/container/commands/partners.py", line 128, in setup
    bot.loop.create_task(baslat())
    ^^^^^^^^^^^^^^^^^^^^
  File "/home/container/.local/lib/python3.13/site-packages/discord/client.py", line 170, in __getattr__
    raise AttributeError(msg)
AttributeError: loop attribute cannot be accessed in non-async contexts. Consider using either an asynchronous main function and passing it to asyncio.run or using asynchronous initialisation hooks such as Client.setup_hook
2026-09-05 17:55:02,146 [INFO] bot: ✅ Yüklendi: commands/ceviri/nuke_translate.py
2026-09-05 17:55:02,146 [INFO] bot: ✅ Yüklendi: commands/ceviri/translate_all_roles.py
2026-09-05 17:55:02,146 [INFO] bot: ✅ Yüklendi: commands/ceviri/translate_role.py
2026-09-05 17:55:02,147 [INFO] bot: ✅ Yüklendi: commands/hunter_outlaw/give_award.py
2026-09-05 17:55:02,147 [INFO] bot: ✅ Yüklendi: commands/hunter_outlaw/history.py
2026-09-05 17:55:02,147 [INFO] bot: ✅ Yüklendi: commands/hunter_outlaw/hunt_request.py
2026-09-05 17:55:02,148 [INFO] bot: ✅ Yüklendi: commands/hunter_outlaw/leaderboard.py
2026-09-05 17:55:02,148 [INFO] bot: ✅ Yüklendi: commands/hunter_outlaw/proof.py
2026-09-05 17:55:02,148 [INFO] bot: ✅ Yüklendi: commands/hunter_outlaw/reset_points.py
2026-09-05 17:55:02,148 [INFO] bot: ✅ Yüklendi: commands/hunter_outlaw/reset_user_points.py
2026-09-05 17:55:02,149 [INFO] bot: ✅ Yüklendi: commands/hunter_outlaw/set_role_icon.py
2026-09-05 17:55:02,149 [INFO] bot: ✅ Yüklendi: commands/hunter_outlaw/status.py
2026-09-05 17:55:02,149 [INFO] bot: ✅ Yüklendi: commands/genel/help.py
2026-09-05 17:55:02,149 [INFO] bot: ✅ Yüklendi: commands/genel/rules.py
2026-09-05 17:55:02,789 [INFO] bot: ✅ Yüklendi: commands/genel/sohbet.py
2026-09-05 17:55:02,789 [INFO] bot: ✅ Yüklendi: commands/genel/welcome.py
2026-09-05 17:55:02,790 [INFO] bot: ✅ Yüklendi: commands/moderasyon/ban.py
2026-09-05 17:55:02,790 [INFO] bot: ✅ Yüklendi: commands/moderasyon/clearwarnings.py
2026-09-05 17:55:02,790 [INFO] bot: ✅ Yüklendi: commands/moderasyon/filter_listener.py
2026-09-05 17:55:02,791 [INFO] bot: ✅ Yüklendi: commands/moderasyon/kick.py
2026-09-05 17:55:02,791 [INFO] bot: ✅ Yüklendi: commands/moderasyon/lock.py
2026-09-05 17:55:02,791 [INFO] bot: ✅ Yüklendi: commands/moderasyon/mute.py
2026-09-05 17:55:02,791 [INFO] bot: ✅ Yüklendi: commands/moderasyon/purge.py
2026-09-05 17:55:02,792 [INFO] bot: ✅ Yüklendi: commands/moderasyon/unlock.py
2026-09-05 17:55:02,792 [INFO] bot: ✅ Yüklendi: commands/moderasyon/unmute.py
2026-09-05 17:55:02,792 [INFO] bot: ✅ Yüklendi: commands/moderasyon/warn.py
2026-09-05 17:55:02,792 [INFO] bot: ✅ Yüklendi: commands/moderasyon/warnings_list.py
2026-09-05 17:55:02,793 [INFO] bot: ✅ Yüklendi: commands/sabika/criminal_record.py
2026-09-05 17:55:02,793 [WARNING] bot: ⚠️ 'setup' fonksiyonu bulunamadı, atlandı: commands/economy/ __init__.py
2026-09-05 17:55:02,794 [INFO] bot: ✅ Yüklendi: commands/economy/economy.py
2026-09-05 17:55:02,795 [INFO] bot: ✅ Yüklendi: commands/economy/inventory.py
2026-09-05 17:55:02,795 [INFO] bot: ✅ Yüklendi: commands/economy/items.py
2026-09-05 17:55:02,796 [INFO] bot: ✅ Yüklendi: commands/economy/leaderboard.py
2026-09-05 17:55:02,804 [INFO] bot: ✅ Yüklendi: commands/economy/shop.py
2026-09-05 17:55:02,804 [ERROR] bot: ❌ Komut dosyası yüklenirken hata, atlanıyor: commands/wanted/catch_wanted.py
Traceback (most recent call last):
  File "/home/container/main.py", line 129, in load_commands
    spec.loader.exec_module(module)
    ~~~~~~~~~~~~~~~~~~~~~~~^^^^^^^^
  File "<frozen importlib._bootstrap_external>", line 1023, in exec_module
  File "<frozen importlib._bootstrap>", line 488, in _call_with_frames_removed
  File "/home/container/commands/wanted/catch_wanted.py", line 5, in <module>
    from utils.unbelievaboat import add_cash
ModuleNotFoundError: No module named 'utils.unbelievaboat'
2026-09-05 17:55:02,805 [INFO] bot: ✅ Yüklendi: commands/wanted/crime_listener.py
2026-09-05 17:55:02,806 [INFO] bot: ✅ Yüklendi: commands/wanted/wanted_list.py
2026-09-05 17:55:02,806 [INFO] bot: 📦 Toplam 35 komut dosyası yüklendi, 2 dosya atlandı.
2026-09-05 17:55:02,806 [INFO] discord.client: logging in using static token
2026-09-05 17:55:03,889 [INFO] discord.gateway: Shard ID None has connected to Gateway (Session ID: 47ba96bed4cb2dc75b20078f3c5f656c).
2026-09-05 17:55:05,920 [INFO] bot: 🤖 ankatuber's perfect bot giriş yaptı!
2026-09-05 17:55:06,244 [INFO] bot: 🔄 28 slash komut senkronize edildi!
2026-09-05 17:57:51,117 [INFO] bot: Bot normal şekilde durduruldu, yeniden başlatılmıyor.
2026-09-05 17:57:55,832 [WARNING] discord.client: PyNaCl is not installed, voice will NOT be supported
2026-09-05 17:57:55,832 [WARNING] discord.client: davey is not installed, voice will NOT be supported
2026-09-05 17:57:55,833 [ERROR] bot: ❌ Komut dosyası yüklenirken hata, atlanıyor: commands/partners.py
Traceback (most recent call last):
  File "/home/container/main.py", line 132, in load_commands
    module.setup(bot)
    ~~~~~~~~~~~~^^^^^
  File "/home/container/commands/partners.py", line 128, in setup
    bot.loop.create_task(baslat())
    ^^^^^^^^^^^^^^^^^^^^
  File "/home/container/.local/lib/python3.13/site-packages/discord/client.py", line 170, in __getattr__
    raise AttributeError(msg)
AttributeError: loop attribute cannot be accessed in non-async contexts. Consider using either an asynchronous main function and passing it to asyncio.run or using asynchronous initialisation hooks such as Client.setup_hook
2026-09-05 17:57:55,951 [INFO] bot: ✅ Yüklendi: commands/ceviri/nuke_translate.py
2026-09-05 17:57:55,951 [INFO] bot: ✅ Yüklendi: commands/ceviri/translate_all_roles.py
2026-09-05 17:57:55,952 [INFO] bot: ✅ Yüklendi: commands/ceviri/translate_role.py
2026-09-05 17:57:55,952 [INFO] bot: ✅ Yüklendi: commands/hunter_outlaw/give_award.py
2026-09-05 17:57:55,953 [INFO] bot: ✅ Yüklendi: commands/hunter_outlaw/history.py
2026-09-05 17:57:55,953 [INFO] bot: ✅ Yüklendi: commands/hunter_outlaw/hunt_request.py
2026-09-05 17:57:55,953 [INFO] bot: ✅ Yüklendi: commands/hunter_outlaw/leaderboard.py
2026-09-05 17:57:55,953 [INFO] bot: ✅ Yüklendi: commands/hunter_outlaw/proof.py
2026-09-05 17:57:55,953 [INFO] bot: ✅ Yüklendi: commands/hunter_outlaw/reset_points.py
2026-09-05 17:57:55,954 [INFO] bot: ✅ Yüklendi: commands/hunter_outlaw/reset_user_points.py
2026-09-05 17:57:55,954 [INFO] bot: ✅ Yüklendi: commands/hunter_outlaw/set_role_icon.py
2026-09-05 17:57:55,954 [INFO] bot: ✅ Yüklendi: commands/hunter_outlaw/status.py
2026-09-05 17:57:55,955 [INFO] bot: ✅ Yüklendi: commands/genel/help.py
2026-09-05 17:57:55,955 [INFO] bot: ✅ Yüklendi: commands/genel/rules.py
2026-09-05 17:57:56,570 [INFO] bot: ✅ Yüklendi: commands/genel/sohbet.py
2026-09-05 17:57:56,570 [INFO] bot: ✅ Yüklendi: commands/genel/welcome.py
2026-09-05 17:57:56,570 [INFO] bot: ✅ Yüklendi: commands/moderasyon/ban.py
2026-09-05 17:57:56,571 [INFO] bot: ✅ Yüklendi: commands/moderasyon/clearwarnings.py
2026-09-05 17:57:56,571 [INFO] bot: ✅ Yüklendi: commands/moderasyon/filter_listener.py
2026-09-05 17:57:56,571 [INFO] bot: ✅ Yüklendi: commands/moderasyon/kick.py
2026-09-05 17:57:56,571 [INFO] bot: ✅ Yüklendi: commands/moderasyon/lock.py
2026-09-05 17:57:56,571 [INFO] bot: ✅ Yüklendi: commands/moderasyon/mute.py
2026-09-05 17:57:56,572 [INFO] bot: ✅ Yüklendi: commands/moderasyon/purge.py
2026-09-05 17:57:56,572 [INFO] bot: ✅ Yüklendi: commands/moderasyon/unlock.py
2026-09-05 17:57:56,572 [INFO] bot: ✅ Yüklendi: commands/moderasyon/unmute.py
2026-09-05 17:57:56,572 [INFO] bot: ✅ Yüklendi: commands/moderasyon/warn.py
2026-09-05 17:57:56,572 [INFO] bot: ✅ Yüklendi: commands/moderasyon/warnings_list.py
2026-09-05 17:57:56,573 [INFO] bot: ✅ Yüklendi: commands/sabika/criminal_record.py
2026-09-05 17:57:56,573 [WARNING] bot: ⚠️ 'setup' fonksiyonu bulunamadı, atlandı: commands/economy/ __init__.py
2026-09-05 17:57:56,574 [INFO] bot: ✅ Yüklendi: commands/economy/economy.py
2026-09-05 17:57:56,575 [INFO] bot: ✅ Yüklendi: commands/economy/inventory.py
2026-09-05 17:57:56,575 [INFO] bot: ✅ Yüklendi: commands/economy/items.py
2026-09-05 17:57:56,576 [INFO] bot: ✅ Yüklendi: commands/economy/leaderboard.py
2026-09-05 17:57:56,578 [INFO] bot: ✅ Yüklendi: commands/economy/shop.py
2026-09-05 17:57:56,579 [ERROR] bot: ❌ Komut dosyası yüklenirken hata, atlanıyor: commands/wanted/catch_wanted.py
Traceback (most recent call last):
  File "/home/container/main.py", line 129, in load_commands
    spec.loader.exec_module(module)
    ~~~~~~~~~~~~~~~~~~~~~~~^^^^^^^^
  File "<frozen importlib._bootstrap_external>", line 1023, in exec_module
  File "<frozen importlib._bootstrap>", line 488, in _call_with_frames_removed
  File "/home/container/commands/wanted/catch_wanted.py", line 5, in <module>
    from utils.unbelievaboat import add_cash
ModuleNotFoundError: No module named 'utils.unbelievaboat'
2026-09-05 17:57:56,580 [INFO] bot: ✅ Yüklendi: commands/wanted/crime_listener.py
2026-09-05 17:57:56,580 [INFO] bot: ✅ Yüklendi: commands/wanted/wanted_list.py
2026-09-05 17:57:56,580 [INFO] bot: 📦 Toplam 35 komut dosyası yüklendi, 2 dosya atlandı.
2026-09-05 17:57:56,580 [INFO] discord.client: logging in using static token
2026-09-05 17:57:57,948 [INFO] discord.gateway: Shard ID None has connected to Gateway (Session ID: cc98668ade8ecc82d5c17ec4241a0b94).
2026-09-05 17:57:59,985 [INFO] bot: 🤖 ankatuber's perfect bot giriş yaptı!
2026-09-05 17:58:00,346 [INFO] bot: 🔄 28 slash komut senkronize edildi!
2026-09-05 18:25:42,940 [INFO] bot: Bot normal şekilde durduruldu, yeniden başlatılmıyor.
2026-09-05 18:25:48,057 [WARNING] discord.client: PyNaCl is not installed, voice will NOT be supported
2026-09-05 18:25:48,057 [WARNING] discord.client: davey is not installed, voice will NOT be supported
2026-09-05 18:25:48,058 [ERROR] bot: ❌ Komut dosyası yüklenirken hata, atlanıyor: commands/partners.py
Traceback (most recent call last):
  File "/home/container/main.py", line 132, in load_commands
    module.setup(bot)
    ~~~~~~~~~~~~^^^^^
  File "/home/container/commands/partners.py", line 128, in setup
    bot.loop.create_task(baslat())
    ^^^^^^^^^^^^^^^^^^^^
  File "/home/container/.local/lib/python3.13/site-packages/discord/client.py", line 170, in __getattr__
    raise AttributeError(msg)
AttributeError: loop attribute cannot be accessed in non-async contexts. Consider using either an asynchronous main function and passing it to asyncio.run or using asynchronous initialisation hooks such as Client.setup_hook
2026-09-05 18:25:48,195 [INFO] bot: ✅ Yüklendi: commands/ceviri/nuke_translate.py
2026-09-05 18:25:48,196 [INFO] bot: ✅ Yüklendi: commands/ceviri/translate_all_roles.py
2026-09-05 18:25:48,196 [INFO] bot: ✅ Yüklendi: commands/ceviri/translate_role.py
2026-09-05 18:25:48,197 [INFO] bot: ✅ Yüklendi: commands/hunter_outlaw/give_award.py
2026-09-05 18:25:48,197 [INFO] bot: ✅ Yüklendi: commands/hunter_outlaw/history.py
2026-09-05 18:25:48,197 [INFO] bot: ✅ Yüklendi: commands/hunter_outlaw/hunt_request.py
2026-09-05 18:25:48,197 [INFO] bot: ✅ Yüklendi: commands/hunter_outlaw/leaderboard.py
2026-09-05 18:25:48,198 [INFO] bot: ✅ Yüklendi: commands/hunter_outlaw/proof.py
2026-09-05 18:25:48,198 [INFO] bot: ✅ Yüklendi: commands/hunter_outlaw/reset_points.py
2026-09-05 18:25:48,198 [INFO] bot: ✅ Yüklendi: commands/hunter_outlaw/reset_user_points.py
2026-09-05 18:25:48,198 [INFO] bot: ✅ Yüklendi: commands/hunter_outlaw/set_role_icon.py
2026-09-05 18:25:48,199 [INFO] bot: ✅ Yüklendi: commands/hunter_outlaw/status.py
2026-09-05 18:25:48,199 [INFO] bot: ✅ Yüklendi: commands/genel/help.py
2026-09-05 18:25:48,199 [INFO] bot: ✅ Yüklendi: commands/genel/rules.py
2026-09-05 18:25:48,859 [INFO] bot: ✅ Yüklendi: commands/genel/sohbet.py
2026-09-05 18:25:48,859 [INFO] bot: ✅ Yüklendi: commands/genel/welcome.py
2026-09-05 18:25:48,860 [INFO] bot: ✅ Yüklendi: commands/moderasyon/ban.py
2026-09-05 18:25:48,860 [INFO] bot: ✅ Yüklendi: commands/moderasyon/clearwarnings.py
2026-09-05 18:25:48,860 [INFO] bot: ✅ Yüklendi: commands/moderasyon/filter_listener.py
2026-09-05 18:25:48,860 [INFO] bot: ✅ Yüklendi: commands/moderasyon/kick.py
2026-09-05 18:25:48,860 [INFO] bot: ✅ Yüklendi: commands/moderasyon/lock.py
2026-09-05 18:25:48,861 [INFO] bot: ✅ Yüklendi: commands/moderasyon/mute.py
2026-09-05 18:25:48,861 [INFO] bot: ✅ Yüklendi: commands/moderasyon/purge.py
2026-09-05 18:25:48,861 [INFO] bot: ✅ Yüklendi: commands/moderasyon/unlock.py
2026-09-05 18:25:48,861 [INFO] bot: ✅ Yüklendi: commands/moderasyon/unmute.py
2026-09-05 18:25:48,862 [INFO] bot: ✅ Yüklendi: commands/moderasyon/warn.py
2026-09-05 18:25:48,862 [INFO] bot: ✅ Yüklendi: commands/moderasyon/warnings_list.py
2026-09-05 18:25:48,862 [INFO] bot: ✅ Yüklendi: commands/sabika/criminal_record.py
2026-09-05 18:25:48,862 [WARNING] bot: ⚠️ 'setup' fonksiyonu bulunamadı, atlandı: commands/economy/ __init__.py
2026-09-05 18:25:48,864 [INFO] bot: ✅ Yüklendi: commands/economy/economy.py
2026-09-05 18:25:48,864 [INFO] bot: ✅ Yüklendi: commands/economy/inventory.py
2026-09-05 18:25:48,865 [INFO] bot: ✅ Yüklendi: commands/economy/items.py
2026-09-05 18:25:48,865 [INFO] bot: ✅ Yüklendi: commands/economy/leaderboard.py
2026-09-05 18:25:48,868 [INFO] bot: ✅ Yüklendi: commands/economy/shop.py
2026-09-05 18:25:48,869 [ERROR] bot: ❌ Komut dosyası yüklenirken hata, atlanıyor: commands/wanted/catch_wanted.py
Traceback (most recent call last):
  File "/home/container/main.py", line 129, in load_commands
    spec.loader.exec_module(module)
    ~~~~~~~~~~~~~~~~~~~~~~~^^^^^^^^
  File "<frozen importlib._bootstrap_external>", line 1023, in exec_module
  File "<frozen importlib._bootstrap>", line 488, in _call_with_frames_removed
  File "/home/container/commands/wanted/catch_wanted.py", line 5, in <module>
    from utils.unbelievaboat import add_cash
ModuleNotFoundError: No module named 'utils.unbelievaboat'
2026-09-05 18:25:48,870 [INFO] bot: ✅ Yüklendi: commands/wanted/crime_listener.py
2026-09-05 18:25:48,870 [INFO] bot: ✅ Yüklendi: commands/wanted/wanted_list.py
2026-09-05 18:25:48,870 [INFO] bot: 📦 Toplam 35 komut dosyası yüklendi, 2 dosya atlandı.
2026-09-05 18:25:48,870 [INFO] discord.client: logging in using static token
2026-09-05 18:25:50,077 [INFO] discord.gateway: Shard ID None has connected to Gateway (Session ID: dc5fa8019501afc54ed7b8b33aea02d7).
2026-09-05 18:25:52,118 [INFO] bot: 🤖 ankatuber's perfect bot giriş yaptı!
2026-09-05 18:25:52,773 [INFO] bot: 🔄 28 slash komut senkronize edildi!
2026-09-05 18:25:53,062 [ERROR] bot: ⚠️ Komut hatası (shop): Converting to "int" failed for parameter "page".
Traceback (most recent call last):
  File "/home/container/.local/lib/python3.13/site-packages/discord/ext/commands/converter.py", line 1359, in _actual_conversion
    return converter(argument)
ValueError: invalid literal for int() with base 10: 'süper'

The above exception was the direct cause of the following exception:

Traceback (most recent call last):
  File "/home/container/.local/lib/python3.13/site-packages/discord/ext/commands/bot.py", line 1376, in invoke
    await ctx.command.invoke(ctx)
  File "/home/container/.local/lib/python3.13/site-packages/discord/ext/commands/core.py", line 1056, in invoke
    await self.prepare(ctx)
  File "/home/container/.local/lib/python3.13/site-packages/discord/ext/commands/core.py", line 973, in prepare
    await self._parse_arguments(ctx)
  File "/home/container/.local/lib/python3.13/site-packages/discord/ext/commands/core.py", line 880, in _parse_arguments
    transformed = await self.transform(ctx, param, attachments)
                  ^^^^^^^^^^^^^^^^^^^^^^^^^^^^^^^^^^^^^^^^^^^^^
  File "/home/container/.local/lib/python3.13/site-packages/discord/ext/commands/core.py", line 750, in transform
    return await run_converters(ctx, converter, argument, param)  # type: ignore
           ^^^^^^^^^^^^^^^^^^^^^^^^^^^^^^^^^^^^^^^^^^^^^^^^^^^^^
  File "/home/container/.local/lib/python3.13/site-packages/discord/ext/commands/converter.py", line 1466, in run_converters
    return await _actual_conversion(ctx, converter, argument, param)
           ^^^^^^^^^^^^^^^^^^^^^^^^^^^^^^^^^^^^^^^^^^^^^^^^^^^^^^^^^
  File "/home/container/.local/lib/python3.13/site-packages/discord/ext/commands/converter.py", line 1368, in _actual_conversion
    raise BadArgument(f'Converting to "{name}" failed for parameter "{param.name}".') from exc
discord.ext.commands.errors.BadArgument: Converting to "int" failed for parameter "page".
2026-09-05 18:27:55,409 [INFO] bot: Bot normal şekilde durduruldu, yeniden başlatılmıyor.
2026-09-05 18:27:59,996 [WARNING] discord.client: PyNaCl is not installed, voice will NOT be supported
2026-09-05 18:27:59,996 [WARNING] discord.client: davey is not installed, voice will NOT be supported
2026-09-05 18:27:59,997 [ERROR] bot: ❌ Komut dosyası yüklenirken hata, atlanıyor: commands/partners.py
Traceback (most recent call last):
  File "/home/container/main.py", line 132, in load_commands
    module.setup(bot)
    ~~~~~~~~~~~~^^^^^
  File "/home/container/commands/partners.py", line 128, in setup
    bot.loop.create_task(baslat())
    ^^^^^^^^^^^^^^^^^^^^
  File "/home/container/.local/lib/python3.13/site-packages/discord/client.py", line 170, in __getattr__
    raise AttributeError(msg)
AttributeError: loop attribute cannot be accessed in non-async contexts. Consider using either an asynchronous main function and passing it to asyncio.run or using asynchronous initialisation hooks such as Client.setup_hook
2026-09-05 18:28:00,112 [INFO] bot: ✅ Yüklendi: commands/ceviri/nuke_translate.py
2026-09-05 18:28:00,113 [INFO] bot: ✅ Yüklendi: commands/ceviri/translate_all_roles.py
2026-09-05 18:28:00,113 [INFO] bot: ✅ Yüklendi: commands/ceviri/translate_role.py
2026-09-05 18:28:00,114 [INFO] bot: ✅ Yüklendi: commands/hunter_outlaw/give_award.py
2026-09-05 18:28:00,114 [INFO] bot: ✅ Yüklendi: commands/hunter_outlaw/history.py
2026-09-05 18:28:00,114 [INFO] bot: ✅ Yüklendi: commands/hunter_outlaw/hunt_request.py
2026-09-05 18:28:00,115 [INFO] bot: ✅ Yüklendi: commands/hunter_outlaw/leaderboard.py
2026-09-05 18:28:00,115 [INFO] bot: ✅ Yüklendi: commands/hunter_outlaw/proof.py
2026-09-05 18:28:00,115 [INFO] bot: ✅ Yüklendi: commands/hunter_outlaw/reset_points.py
2026-09-05 18:28:00,115 [INFO] bot: ✅ Yüklendi: commands/hunter_outlaw/reset_user_points.py
2026-09-05 18:28:00,116 [INFO] bot: ✅ Yüklendi: commands/hunter_outlaw/set_role_icon.py
2026-09-05 18:28:00,116 [INFO] bot: ✅ Yüklendi: commands/hunter_outlaw/status.py
2026-09-05 18:28:00,116 [INFO] bot: ✅ Yüklendi: commands/genel/help.py
2026-09-05 18:28:00,117 [INFO] bot: ✅ Yüklendi: commands/genel/rules.py
2026-09-05 18:28:00,726 [INFO] bot: ✅ Yüklendi: commands/genel/sohbet.py
2026-09-05 18:28:00,726 [INFO] bot: ✅ Yüklendi: commands/genel/welcome.py
2026-09-05 18:28:00,726 [INFO] bot: ✅ Yüklendi: commands/moderasyon/ban.py
2026-09-05 18:28:00,726 [INFO] bot: ✅ Yüklendi: commands/moderasyon/clearwarnings.py
2026-09-05 18:28:00,727 [INFO] bot: ✅ Yüklendi: commands/moderasyon/filter_listener.py
2026-09-05 18:28:00,727 [INFO] bot: ✅ Yüklendi: commands/moderasyon/kick.py
2026-09-05 18:28:00,727 [INFO] bot: ✅ Yüklendi: commands/moderasyon/lock.py
2026-09-05 18:28:00,727 [INFO] bot: ✅ Yüklendi: commands/moderasyon/mute.py
2026-09-05 18:28:00,728 [INFO] bot: ✅ Yüklendi: commands/moderasyon/purge.py
2026-09-05 18:28:00,728 [INFO] bot: ✅ Yüklendi: commands/moderasyon/unlock.py
2026-09-05 18:28:00,728 [INFO] bot: ✅ Yüklendi: commands/moderasyon/unmute.py
2026-09-05 18:28:00,729 [INFO] bot: ✅ Yüklendi: commands/moderasyon/warn.py
2026-09-05 18:28:00,729 [INFO] bot: ✅ Yüklendi: commands/moderasyon/warnings_list.py
2026-09-05 18:28:00,729 [INFO] bot: ✅ Yüklendi: commands/sabika/criminal_record.py
2026-09-05 18:28:00,729 [WARNING] bot: ⚠️ 'setup' fonksiyonu bulunamadı, atlandı: commands/economy/ __init__.py
2026-09-05 18:28:00,731 [INFO] bot: ✅ Yüklendi: commands/economy/economy.py
2026-09-05 18:28:00,731 [INFO] bot: ✅ Yüklendi: commands/economy/inventory.py
2026-09-05 18:28:00,732 [INFO] bot: ✅ Yüklendi: commands/economy/items.py
2026-09-05 18:28:00,733 [INFO] bot: ✅ Yüklendi: commands/economy/leaderboard.py
2026-09-05 18:28:00,736 [INFO] bot: ✅ Yüklendi: commands/economy/shop.py
2026-09-05 18:28:00,737 [ERROR] bot: ❌ Komut dosyası yüklenirken hata, atlanıyor: commands/wanted/catch_wanted.py
Traceback (most recent call last):
  File "/home/container/main.py", line 129, in load_commands
    spec.loader.exec_module(module)
    ~~~~~~~~~~~~~~~~~~~~~~~^^^^^^^^
  File "<frozen importlib._bootstrap_external>", line 1023, in exec_module
  File "<frozen importlib._bootstrap>", line 488, in _call_with_frames_removed
  File "/home/container/commands/wanted/catch_wanted.py", line 5, in <module>
    from utils.unbelievaboat import add_cash
ModuleNotFoundError: No module named 'utils.unbelievaboat'
2026-09-05 18:28:00,738 [INFO] bot: ✅ Yüklendi: commands/wanted/crime_listener.py
2026-09-05 18:28:00,738 [INFO] bot: ✅ Yüklendi: commands/wanted/wanted_list.py
2026-09-05 18:28:00,738 [INFO] bot: 📦 Toplam 35 komut dosyası yüklendi, 2 dosya atlandı.
2026-09-05 18:28:00,739 [INFO] discord.client: logging in using static token
2026-09-05 18:28:02,834 [INFO] discord.gateway: Shard ID None has connected to Gateway (Session ID: ea97685d6ae252c948bf242faea63f9d).
2026-09-05 18:28:04,868 [INFO] bot: 🤖 ankatuber's perfect bot giriş yaptı!
2026-09-05 18:28:05,235 [INFO] bot: 🔄 28 slash komut senkronize edildi!
2026-09-05 18:34:15,960 [INFO] bot: Bot normal şekilde durduruldu, yeniden başlatılmıyor.
2026-09-05 18:34:20,638 [WARNING] discord.client: PyNaCl is not installed, voice will NOT be supported
2026-09-05 18:34:20,638 [WARNING] discord.client: davey is not installed, voice will NOT be supported
2026-09-05 18:34:20,639 [ERROR] bot: ❌ Komut dosyası yüklenirken hata, atlanıyor: commands/partners.py
Traceback (most recent call last):
  File "/home/container/main.py", line 132, in load_commands
    module.setup(bot)
    ~~~~~~~~~~~~^^^^^
  File "/home/container/commands/partners.py", line 128, in setup
    bot.loop.create_task(baslat())
    ^^^^^^^^^^^^^^^^^^^^
  File "/home/container/.local/lib/python3.13/site-packages/discord/client.py", line 170, in __getattr__
    raise AttributeError(msg)
AttributeError: loop attribute cannot be accessed in non-async contexts. Consider using either an asynchronous main function and passing it to asyncio.run or using asynchronous initialisation hooks such as Client.setup_hook
2026-09-05 18:34:20,753 [INFO] bot: ✅ Yüklendi: commands/ceviri/nuke_translate.py
2026-09-05 18:34:20,753 [INFO] bot: ✅ Yüklendi: commands/ceviri/translate_all_roles.py
2026-09-05 18:34:20,754 [INFO] bot: ✅ Yüklendi: commands/ceviri/translate_role.py
2026-09-05 18:34:20,755 [INFO] bot: ✅ Yüklendi: commands/hunter_outlaw/give_award.py
2026-09-05 18:34:20,755 [INFO] bot: ✅ Yüklendi: commands/hunter_outlaw/history.py
2026-09-05 18:34:20,755 [INFO] bot: ✅ Yüklendi: commands/hunter_outlaw/hunt_request.py
2026-09-05 18:34:20,756 [INFO] bot: ✅ Yüklendi: commands/hunter_outlaw/leaderboard.py
2026-09-05 18:34:20,756 [INFO] bot: ✅ Yüklendi: commands/hunter_outlaw/proof.py
2026-09-05 18:34:20,756 [INFO] bot: ✅ Yüklendi: commands/hunter_outlaw/reset_points.py
2026-09-05 18:34:20,756 [INFO] bot: ✅ Yüklendi: commands/hunter_outlaw/reset_user_points.py
2026-09-05 18:34:20,757 [INFO] bot: ✅ Yüklendi: commands/hunter_outlaw/set_role_icon.py
2026-09-05 18:34:20,757 [INFO] bot: ✅ Yüklendi: commands/hunter_outlaw/status.py
2026-09-05 18:34:20,757 [INFO] bot: ✅ Yüklendi: commands/genel/help.py
2026-09-05 18:34:20,758 [INFO] bot: ✅ Yüklendi: commands/genel/rules.py
2026-09-05 18:34:21,373 [INFO] bot: ✅ Yüklendi: commands/genel/sohbet.py
2026-09-05 18:34:21,373 [INFO] bot: ✅ Yüklendi: commands/genel/welcome.py
2026-09-05 18:34:21,374 [INFO] bot: ✅ Yüklendi: commands/moderasyon/ban.py
2026-09-05 18:34:21,374 [INFO] bot: ✅ Yüklendi: commands/moderasyon/clearwarnings.py
2026-09-05 18:34:21,374 [INFO] bot: ✅ Yüklendi: commands/moderasyon/filter_listener.py
2026-09-05 18:34:21,375 [INFO] bot: ✅ Yüklendi: commands/moderasyon/kick.py
2026-09-05 18:34:21,375 [INFO] bot: ✅ Yüklendi: commands/moderasyon/lock.py
2026-09-05 18:34:21,375 [INFO] bot: ✅ Yüklendi: commands/moderasyon/mute.py
2026-09-05 18:34:21,375 [INFO] bot: ✅ Yüklendi: commands/moderasyon/purge.py
2026-09-05 18:34:21,375 [INFO] bot: ✅ Yüklendi: commands/moderasyon/unlock.py
2026-09-05 18:34:21,376 [INFO] bot: ✅ Yüklendi: commands/moderasyon/unmute.py
2026-09-05 18:34:21,376 [INFO] bot: ✅ Yüklendi: commands/moderasyon/warn.py
2026-09-05 18:34:21,376 [INFO] bot: ✅ Yüklendi: commands/moderasyon/warnings_list.py
2026-09-05 18:34:21,376 [INFO] bot: ✅ Yüklendi: commands/sabika/criminal_record.py
2026-09-05 18:34:21,377 [WARNING] bot: ⚠️ 'setup' fonksiyonu bulunamadı, atlandı: commands/economy/ __init__.py
2026-09-05 18:34:21,378 [INFO] bot: ✅ Yüklendi: commands/economy/economy.py
2026-09-05 18:34:21,378 [INFO] bot: ✅ Yüklendi: commands/economy/inventory.py
2026-09-05 18:34:21,379 [INFO] bot: ✅ Yüklendi: commands/economy/items.py
2026-09-05 18:34:21,379 [INFO] bot: ✅ Yüklendi: commands/economy/leaderboard.py
2026-09-05 18:34:21,383 [INFO] bot: ✅ Yüklendi: commands/economy/shop.py
2026-09-05 18:34:21,383 [ERROR] bot: ❌ Komut dosyası yüklenirken hata, atlanıyor: commands/wanted/catch_wanted.py
Traceback (most recent call last):
  File "/home/container/main.py", line 129, in load_commands
    spec.loader.exec_module(module)
    ~~~~~~~~~~~~~~~~~~~~~~~^^^^^^^^
  File "<frozen importlib._bootstrap_external>", line 1023, in exec_module
  File "<frozen importlib._bootstrap>", line 488, in _call_with_frames_removed
  File "/home/container/commands/wanted/catch_wanted.py", line 5, in <module>
    from utils.unbelievaboat import add_cash
ModuleNotFoundError: No module named 'utils.unbelievaboat'
2026-09-05 18:34:21,384 [INFO] bot: ✅ Yüklendi: commands/wanted/crime_listener.py
2026-09-05 18:34:21,384 [INFO] bot: ✅ Yüklendi: commands/wanted/wanted_list.py
2026-09-05 18:34:21,384 [INFO] bot: 📦 Toplam 35 komut dosyası yüklendi, 2 dosya atlandı.
2026-09-05 18:34:21,385 [INFO] discord.client: logging in using static token
2026-09-05 18:34:22,530 [INFO] discord.gateway: Shard ID None has connected to Gateway (Session ID: e2397c14355500259b633a21ffe22b7f).
2026-09-05 18:34:24,574 [INFO] bot: 🤖 ankatuber's perfect bot giriş yaptı!
2026-09-05 18:34:24,887 [INFO] bot: 🔄 28 slash komut senkronize edildi!
2026-09-05 18:38:10,200 [INFO] bot: Bot normal şekilde durduruldu, yeniden başlatılmıyor.
2026-09-05 18:38:15,259 [WARNING] discord.client: PyNaCl is not installed, voice will NOT be supported
2026-09-05 18:38:15,259 [WARNING] discord.client: davey is not installed, voice will NOT be supported
2026-09-05 18:38:15,260 [ERROR] bot: ❌ Komut dosyası yüklenirken hata, atlanıyor: commands/partners.py
Traceback (most recent call last):
  File "/home/container/main.py", line 132, in load_commands
    module.setup(bot)
    ~~~~~~~~~~~~^^^^^
  File "/home/container/commands/partners.py", line 128, in setup
    bot.loop.create_task(baslat())
    ^^^^^^^^^^^^^^^^^^^^
  File "/home/container/.local/lib/python3.13/site-packages/discord/client.py", line 170, in __getattr__
    raise AttributeError(msg)
AttributeError: loop attribute cannot be accessed in non-async contexts. Consider using either an asynchronous main function and passing it to asyncio.run or using asynchronous initialisation hooks such as Client.setup_hook
2026-09-05 18:38:15,377 [INFO] bot: ✅ Yüklendi: commands/ceviri/nuke_translate.py
2026-09-05 18:38:15,377 [INFO] bot: ✅ Yüklendi: commands/ceviri/translate_all_roles.py
2026-09-05 18:38:15,378 [INFO] bot: ✅ Yüklendi: commands/ceviri/translate_role.py
2026-09-05 18:38:15,379 [INFO] bot: ✅ Yüklendi: commands/hunter_outlaw/give_award.py
2026-09-05 18:38:15,379 [INFO] bot: ✅ Yüklendi: commands/hunter_outlaw/history.py
2026-09-05 18:38:15,379 [INFO] bot: ✅ Yüklendi: commands/hunter_outlaw/hunt_request.py
2026-09-05 18:38:15,380 [INFO] bot: ✅ Yüklendi: commands/hunter_outlaw/leaderboard.py
2026-09-05 18:38:15,380 [INFO] bot: ✅ Yüklendi: commands/hunter_outlaw/proof.py
2026-09-05 18:38:15,380 [INFO] bot: ✅ Yüklendi: commands/hunter_outlaw/reset_points.py
2026-09-05 18:38:15,380 [INFO] bot: ✅ Yüklendi: commands/hunter_outlaw/reset_user_points.py
2026-09-05 18:38:15,381 [INFO] bot: ✅ Yüklendi: commands/hunter_outlaw/set_role_icon.py
2026-09-05 18:38:15,381 [INFO] bot: ✅ Yüklendi: commands/hunter_outlaw/status.py
2026-09-05 18:38:15,382 [INFO] bot: ✅ Yüklendi: commands/genel/help.py
2026-09-05 18:38:15,382 [INFO] bot: ✅ Yüklendi: commands/genel/rules.py
2026-09-05 18:38:16,013 [INFO] bot: ✅ Yüklendi: commands/genel/sohbet.py
2026-09-05 18:38:16,014 [INFO] bot: ✅ Yüklendi: commands/genel/welcome.py
2026-09-05 18:38:16,014 [INFO] bot: ✅ Yüklendi: commands/moderasyon/ban.py
2026-09-05 18:38:16,015 [INFO] bot: ✅ Yüklendi: commands/moderasyon/clearwarnings.py
2026-09-05 18:38:16,015 [INFO] bot: ✅ Yüklendi: commands/moderasyon/filter_listener.py
2026-09-05 18:38:16,015 [INFO] bot: ✅ Yüklendi: commands/moderasyon/kick.py
2026-09-05 18:38:16,016 [INFO] bot: ✅ Yüklendi: commands/moderasyon/lock.py
2026-09-05 18:38:16,016 [INFO] bot: ✅ Yüklendi: commands/moderasyon/mute.py
2026-09-05 18:38:16,016 [INFO] bot: ✅ Yüklendi: commands/moderasyon/purge.py
2026-09-05 18:38:16,016 [INFO] bot: ✅ Yüklendi: commands/moderasyon/unlock.py
2026-09-05 18:38:16,017 [INFO] bot: ✅ Yüklendi: commands/moderasyon/unmute.py
2026-09-05 18:38:16,017 [INFO] bot: ✅ Yüklendi: commands/moderasyon/warn.py
2026-09-05 18:38:16,017 [INFO] bot: ✅ Yüklendi: commands/moderasyon/warnings_list.py
2026-09-05 18:38:16,018 [INFO] bot: ✅ Yüklendi: commands/sabika/criminal_record.py
2026-09-05 18:38:16,018 [WARNING] bot: ⚠️ 'setup' fonksiyonu bulunamadı, atlandı: commands/economy/ __init__.py
2026-09-05 18:38:16,020 [INFO] bot: ✅ Yüklendi: commands/economy/economy.py
2026-09-05 18:38:16,020 [INFO] bot: ✅ Yüklendi: commands/economy/inventory.py
2026-09-05 18:38:16,021 [INFO] bot: ✅ Yüklendi: commands/economy/items.py
2026-09-05 18:38:16,021 [INFO] bot: ✅ Yüklendi: commands/economy/leaderboard.py
2026-09-05 18:38:16,025 [INFO] bot: ✅ Yüklendi: commands/economy/shop.py
2026-09-05 18:38:16,026 [ERROR] bot: ❌ Komut dosyası yüklenirken hata, atlanıyor: commands/wanted/catch_wanted.py
Traceback (most recent call last):
  File "/home/container/main.py", line 129, in load_commands
    spec.loader.exec_module(module)
    ~~~~~~~~~~~~~~~~~~~~~~~^^^^^^^^
  File "<frozen importlib._bootstrap_external>", line 1023, in exec_module
  File "<frozen importlib._bootstrap>", line 488, in _call_with_frames_removed
  File "/home/container/commands/wanted/catch_wanted.py", line 5, in <module>
    from utils.unbelievaboat import add_cash
ModuleNotFoundError: No module named 'utils.unbelievaboat'
2026-09-05 18:38:16,027 [INFO] bot: ✅ Yüklendi: commands/wanted/crime_listener.py
2026-09-05 18:38:16,027 [INFO] bot: ✅ Yüklendi: commands/wanted/wanted_list.py
2026-09-05 18:38:16,027 [INFO] bot: 📦 Toplam 35 komut dosyası yüklendi, 2 dosya atlandı.
2026-09-05 18:38:16,027 [INFO] discord.client: logging in using static token
2026-09-05 18:38:17,162 [INFO] discord.gateway: Shard ID None has connected to Gateway (Session ID: 0cf8b81dbae664da57283496ece34bab).
2026-09-05 18:38:19,187 [INFO] bot: 🤖 ankatuber's perfect bot giriş yaptı!
2026-09-05 18:38:19,680 [INFO] bot: 🔄 28 slash komut senkronize edildi!
2026-09-05 18:48:24,528 [INFO] httpx2: HTTP Request: POST https://integrate.api.nvidia.com/v1/chat/completions "HTTP/1.1 200 OK"
2026-09-05 18:48:52,116 [INFO] httpx2: HTTP Request: POST https://integrate.api.nvidia.com/v1/chat/completions "HTTP/1.1 200 OK"
2026-09-05 18:53:10,338 [INFO] bot: Bot normal şekilde durduruldu, yeniden başlatılmıyor.
2026-09-05 18:53:15,576 [WARNING] discord.client: PyNaCl is not installed, voice will NOT be supported
2026-09-05 18:53:15,576 [WARNING] discord.client: davey is not installed, voice will NOT be supported
2026-09-05 18:53:15,577 [ERROR] bot: ❌ Komut dosyası yüklenirken hata, atlanıyor: commands/partners.py
Traceback (most recent call last):
  File "/home/container/main.py", line 132, in load_commands
    module.setup(bot)
    ~~~~~~~~~~~~^^^^^
  File "/home/container/commands/partners.py", line 128, in setup
    bot.loop.create_task(baslat())
    ^^^^^^^^^^^^^^^^^^^^
  File "/home/container/.local/lib/python3.13/site-packages/discord/client.py", line 170, in __getattr__
    raise AttributeError(msg)
AttributeError: loop attribute cannot be accessed in non-async contexts. Consider using either an asynchronous main function and passing it to asyncio.run or using asynchronous initialisation hooks such as Client.setup_hook
2026-09-05 18:53:15,695 [INFO] bot: ✅ Yüklendi: commands/ceviri/nuke_translate.py
2026-09-05 18:53:15,695 [INFO] bot: ✅ Yüklendi: commands/ceviri/translate_all_roles.py
2026-09-05 18:53:15,695 [INFO] bot: ✅ Yüklendi: commands/ceviri/translate_role.py
2026-09-05 18:53:15,696 [INFO] bot: ✅ Yüklendi: commands/hunter_outlaw/give_award.py
2026-09-05 18:53:15,696 [INFO] bot: ✅ Yüklendi: commands/hunter_outlaw/history.py
2026-09-05 18:53:15,697 [INFO] bot: ✅ Yüklendi: commands/hunter_outlaw/hunt_request.py
2026-09-05 18:53:15,697 [INFO] bot: ✅ Yüklendi: commands/hunter_outlaw/leaderboard.py
2026-09-05 18:53:15,697 [INFO] bot: ✅ Yüklendi: commands/hunter_outlaw/proof.py
2026-09-05 18:53:15,697 [INFO] bot: ✅ Yüklendi: commands/hunter_outlaw/reset_points.py
2026-09-05 18:53:15,697 [INFO] bot: ✅ Yüklendi: commands/hunter_outlaw/reset_user_points.py
2026-09-05 18:53:15,698 [INFO] bot: ✅ Yüklendi: commands/hunter_outlaw/set_role_icon.py
2026-09-05 18:53:15,698 [INFO] bot: ✅ Yüklendi: commands/hunter_outlaw/status.py
2026-09-05 18:53:15,698 [INFO] bot: ✅ Yüklendi: commands/genel/help.py
2026-09-05 18:53:15,698 [INFO] bot: ✅ Yüklendi: commands/genel/rules.py
2026-09-05 18:53:16,317 [INFO] bot: ✅ Yüklendi: commands/genel/sohbet.py
2026-09-05 18:53:16,317 [INFO] bot: ✅ Yüklendi: commands/genel/welcome.py
2026-09-05 18:53:16,318 [INFO] bot: ✅ Yüklendi: commands/moderasyon/ban.py
2026-09-05 18:53:16,318 [INFO] bot: ✅ Yüklendi: commands/moderasyon/clearwarnings.py
2026-09-05 18:53:16,319 [INFO] bot: ✅ Yüklendi: commands/moderasyon/filter_listener.py
2026-09-05 18:53:16,319 [INFO] bot: ✅ Yüklendi: commands/moderasyon/kick.py
2026-09-05 18:53:16,319 [INFO] bot: ✅ Yüklendi: commands/moderasyon/lock.py
2026-09-05 18:53:16,320 [INFO] bot: ✅ Yüklendi: commands/moderasyon/mute.py
2026-09-05 18:53:16,320 [INFO] bot: ✅ Yüklendi: commands/moderasyon/purge.py
2026-09-05 18:53:16,320 [INFO] bot: ✅ Yüklendi: commands/moderasyon/unlock.py
2026-09-05 18:53:16,320 [INFO] bot: ✅ Yüklendi: commands/moderasyon/unmute.py
2026-09-05 18:53:16,321 [INFO] bot: ✅ Yüklendi: commands/moderasyon/warn.py
2026-09-05 18:53:16,321 [INFO] bot: ✅ Yüklendi: commands/moderasyon/warnings_list.py
2026-09-05 18:53:16,321 [INFO] bot: ✅ Yüklendi: commands/sabika/criminal_record.py
2026-09-05 18:53:16,321 [WARNING] bot: ⚠️ 'setup' fonksiyonu bulunamadı, atlandı: commands/economy/ __init__.py
2026-09-05 18:53:16,323 [INFO] bot: ✅ Yüklendi: commands/economy/economy.py
2026-09-05 18:53:16,323 [INFO] bot: ✅ Yüklendi: commands/economy/inventory.py
2026-09-05 18:53:16,324 [INFO] bot: ✅ Yüklendi: commands/economy/items.py
2026-09-05 18:53:16,324 [INFO] bot: ✅ Yüklendi: commands/economy/leaderboard.py
2026-09-05 18:53:16,325 [INFO] bot: ✅ Yüklendi: commands/economy/shop.py
2026-09-05 18:53:16,326 [ERROR] bot: ❌ Komut dosyası yüklenirken hata, atlanıyor: commands/wanted/catch_wanted.py
Traceback (most recent call last):
  File "/home/container/main.py", line 129, in load_commands
    spec.loader.exec_module(module)
    ~~~~~~~~~~~~~~~~~~~~~~~^^^^^^^^
  File "<frozen importlib._bootstrap_external>", line 1023, in exec_module
  File "<frozen importlib._bootstrap>", line 488, in _call_with_frames_removed
  File "/home/container/commands/wanted/catch_wanted.py", line 4, in <module>
    from utils.unbelievaboat import add_cash
ModuleNotFoundError: No module named 'utils.unbelievaboat'
2026-09-05 18:53:16,327 [INFO] bot: ✅ Yüklendi: commands/wanted/crime_listener.py
2026-09-05 18:53:16,328 [INFO] bot: ✅ Yüklendi: commands/wanted/wanted_list.py
2026-09-05 18:53:16,328 [INFO] bot: 📦 Toplam 35 komut dosyası yüklendi, 2 dosya atlandı.
2026-09-05 18:53:16,328 [INFO] discord.client: logging in using static token
2026-09-05 18:53:17,673 [INFO] discord.gateway: Shard ID None has connected to Gateway (Session ID: 1dd4737bda0b7464e03900bc893d1057).
2026-09-05 18:53:19,719 [INFO] bot: 🤖 ankatuber's perfect bot giriş yaptı!
2026-09-05 18:53:20,021 [INFO] bot: 🔄 28 slash komut senkronize edildi!
2026-09-05 18:54:22,150 [INFO] httpx2: HTTP Request: POST https://integrate.api.nvidia.com/v1/chat/completions "HTTP/1.1 200 OK"
2026-09-05 18:55:36,334 [INFO] httpx2: HTTP Request: POST https://integrate.api.nvidia.com/v1/chat/completions "HTTP/1.1 200 OK"
2026-09-05 18:57:00,830 [INFO] httpx2: HTTP Request: POST https://integrate.api.nvidia.com/v1/chat/completions "HTTP/1.1 200 OK"
2026-09-05 19:06:16,131 [INFO] bot: Bot normal şekilde durduruldu, yeniden başlatılmıyor.
2026-09-05 19:06:21,375 [WARNING] discord.client: PyNaCl is not installed, voice will NOT be supported
2026-09-05 19:06:21,375 [WARNING] discord.client: davey is not installed, voice will NOT be supported
2026-09-05 19:06:21,376 [ERROR] bot: ❌ Komut dosyası yüklenirken hata, atlanıyor: commands/partners.py
Traceback (most recent call last):
  File "/home/container/main.py", line 132, in load_commands
    module.setup(bot)
    ~~~~~~~~~~~~^^^^^
  File "/home/container/commands/partners.py", line 128, in setup
    bot.loop.create_task(baslat())
    ^^^^^^^^^^^^^^^^^^^^
  File "/home/container/.local/lib/python3.13/site-packages/discord/client.py", line 170, in __getattr__
    raise AttributeError(msg)
AttributeError: loop attribute cannot be accessed in non-async contexts. Consider using either an asynchronous main function and passing it to asyncio.run or using asynchronous initialisation hooks such as Client.setup_hook
2026-09-05 19:06:21,513 [INFO] bot: ✅ Yüklendi: commands/ceviri/nuke_translate.py
2026-09-05 19:06:21,514 [INFO] bot: ✅ Yüklendi: commands/ceviri/translate_all_roles.py
2026-09-05 19:06:21,515 [INFO] bot: ✅ Yüklendi: commands/ceviri/translate_role.py
2026-09-05 19:06:21,516 [INFO] bot: ✅ Yüklendi: commands/hunter_outlaw/give_award.py
2026-09-05 19:06:21,517 [INFO] bot: ✅ Yüklendi: commands/hunter_outlaw/history.py
2026-09-05 19:06:21,518 [INFO] bot: ✅ Yüklendi: commands/hunter_outlaw/hunt_request.py
2026-09-05 19:06:21,518 [INFO] bot: ✅ Yüklendi: commands/hunter_outlaw/leaderboard.py
2026-09-05 19:06:21,518 [INFO] bot: ✅ Yüklendi: commands/hunter_outlaw/proof.py
2026-09-05 19:06:21,518 [INFO] bot: ✅ Yüklendi: commands/hunter_outlaw/reset_points.py
2026-09-05 19:06:21,519 [INFO] bot: ✅ Yüklendi: commands/hunter_outlaw/reset_user_points.py
2026-09-05 19:06:21,519 [INFO] bot: ✅ Yüklendi: commands/hunter_outlaw/set_role_icon.py
2026-09-05 19:06:21,519 [INFO] bot: ✅ Yüklendi: commands/hunter_outlaw/status.py
2026-09-05 19:06:21,520 [INFO] bot: ✅ Yüklendi: commands/genel/help.py
2026-09-05 19:06:21,520 [INFO] bot: ✅ Yüklendi: commands/genel/rules.py
2026-09-05 19:06:22,196 [INFO] bot: ✅ Yüklendi: commands/genel/sohbet.py
2026-09-05 19:06:22,196 [INFO] bot: ✅ Yüklendi: commands/genel/welcome.py
2026-09-05 19:06:22,197 [INFO] bot: ✅ Yüklendi: commands/moderasyon/ban.py
2026-09-05 19:06:22,197 [INFO] bot: ✅ Yüklendi: commands/moderasyon/clearwarnings.py
2026-09-05 19:06:22,197 [INFO] bot: ✅ Yüklendi: commands/moderasyon/filter_listener.py
2026-09-05 19:06:22,197 [INFO] bot: ✅ Yüklendi: commands/moderasyon/kick.py
2026-09-05 19:06:22,198 [INFO] bot: ✅ Yüklendi: commands/moderasyon/lock.py
2026-09-05 19:06:22,198 [INFO] bot: ✅ Yüklendi: commands/moderasyon/mute.py
2026-09-05 19:06:22,198 [INFO] bot: ✅ Yüklendi: commands/moderasyon/purge.py
2026-09-05 19:06:22,198 [INFO] bot: ✅ Yüklendi: commands/moderasyon/unlock.py
2026-09-05 19:06:22,199 [INFO] bot: ✅ Yüklendi: commands/moderasyon/unmute.py
2026-09-05 19:06:22,199 [INFO] bot: ✅ Yüklendi: commands/moderasyon/warn.py
2026-09-05 19:06:22,199 [INFO] bot: ✅ Yüklendi: commands/moderasyon/warnings_list.py
2026-09-05 19:06:22,199 [INFO] bot: ✅ Yüklendi: commands/sabika/criminal_record.py
2026-09-05 19:06:22,200 [WARNING] bot: ⚠️ 'setup' fonksiyonu bulunamadı, atlandı: commands/economy/ __init__.py
2026-09-05 19:06:22,202 [INFO] bot: ✅ Yüklendi: commands/economy/economy.py
2026-09-05 19:06:22,203 [INFO] bot: ✅ Yüklendi: commands/economy/inventory.py
2026-09-05 19:06:22,204 [INFO] bot: ✅ Yüklendi: commands/economy/items.py
2026-09-05 19:06:22,205 [INFO] bot: ✅ Yüklendi: commands/economy/leaderboard.py
2026-09-05 19:06:22,209 [INFO] bot: ✅ Yüklendi: commands/economy/shop.py
2026-09-05 19:06:22,210 [ERROR] bot: ❌ Komut dosyası yüklenirken hata, atlanıyor: commands/wanted/catch_wanted.py
Traceback (most recent call last):
  File "/home/container/main.py", line 129, in load_commands
    spec.loader.exec_module(module)
    ~~~~~~~~~~~~~~~~~~~~~~~^^^^^^^^
  File "<frozen importlib._bootstrap_external>", line 1023, in exec_module
  File "<frozen importlib._bootstrap>", line 488, in _call_with_frames_removed
  File "/home/container/commands/wanted/catch_wanted.py", line 4, in <module>
    from utils.unbelievaboat import add_cash
ModuleNotFoundError: No module named 'utils.unbelievaboat'
2026-09-05 19:06:22,211 [INFO] bot: ✅ Yüklendi: commands/wanted/crime_listener.py
2026-09-05 19:06:22,212 [INFO] bot: ✅ Yüklendi: commands/wanted/wanted_list.py
2026-09-05 19:06:22,212 [INFO] bot: 📦 Toplam 35 komut dosyası yüklendi, 2 dosya atlandı.
2026-09-05 19:06:22,212 [INFO] discord.client: logging in using static token
2026-09-05 19:06:23,271 [INFO] discord.gateway: Shard ID None has connected to Gateway (Session ID: 0c31e27557de643045fe855d4ff7d864).
2026-09-05 19:06:25,298 [INFO] bot: 🤖 ankatuber's perfect bot giriş yaptı!
2026-09-05 19:06:25,581 [INFO] bot: 🔄 28 slash komut senkronize edildi!
2026-09-05 19:12:58,462 [INFO] discord.gateway: Shard ID None has successfully RESUMED session 0c31e27557de643045fe855d4ff7d864.
2026-09-05 19:48:05,958 [INFO] bot: Bot normal şekilde durduruldu, yeniden başlatılmıyor.
2026-09-05 19:48:11,162 [WARNING] discord.client: PyNaCl is not installed, voice will NOT be supported
2026-09-05 19:48:11,162 [WARNING] discord.client: davey is not installed, voice will NOT be supported
2026-09-05 19:48:11,163 [ERROR] bot: ❌ Komut dosyası yüklenirken hata, atlanıyor: commands/partners.py
Traceback (most recent call last):
  File "/home/container/main.py", line 132, in load_commands
    module.setup(bot)
    ~~~~~~~~~~~~^^^^^
  File "/home/container/commands/partners.py", line 128, in setup
    bot.loop.create_task(baslat())
    ^^^^^^^^^^^^^^^^^^^^
  File "/home/container/.local/lib/python3.13/site-packages/discord/client.py", line 170, in __getattr__
    raise AttributeError(msg)
AttributeError: loop attribute cannot be accessed in non-async contexts. Consider using either an asynchronous main function and passing it to asyncio.run or using asynchronous initialisation hooks such as Client.setup_hook
2026-09-05 19:48:11,168 [INFO] sohbet_etkinligi: 🔧 Sohbet etkinliği modülü yükleniyor...
2026-09-05 19:48:11,168 [INFO] sohbet_etkinligi: 🧪 Test komutları hazır: !chat-test /chat_test
2026-09-05 19:48:11,168 [INFO] sohbet_etkinligi: ⏱️ Timer komutları hazır: !chat-timer /chat_timer
2026-09-05 19:48:11,168 [INFO] bot: ✅ Yüklendi: commands/sohbet_etkinligi.py
2026-09-05 19:48:11,300 [INFO] bot: ✅ Yüklendi: commands/ceviri/nuke_translate.py
2026-09-05 19:48:11,301 [INFO] bot: ✅ Yüklendi: commands/ceviri/translate_all_roles.py
2026-09-05 19:48:11,301 [INFO] bot: ✅ Yüklendi: commands/ceviri/translate_role.py
2026-09-05 19:48:11,302 [INFO] bot: ✅ Yüklendi: commands/hunter_outlaw/give_award.py
2026-09-05 19:48:11,302 [INFO] bot: ✅ Yüklendi: commands/hunter_outlaw/history.py
2026-09-05 19:48:11,303 [INFO] bot: ✅ Yüklendi: commands/hunter_outlaw/hunt_request.py
2026-09-05 19:48:11,303 [INFO] bot: ✅ Yüklendi: commands/hunter_outlaw/leaderboard.py
2026-09-05 19:48:11,303 [INFO] bot: ✅ Yüklendi: commands/hunter_outlaw/proof.py
2026-09-05 19:48:11,304 [INFO] bot: ✅ Yüklendi: commands/hunter_outlaw/reset_points.py
2026-09-05 19:48:11,304 [INFO] bot: ✅ Yüklendi: commands/hunter_outlaw/reset_user_points.py
2026-09-05 19:48:11,304 [INFO] bot: ✅ Yüklendi: commands/hunter_outlaw/set_role_icon.py
2026-09-05 19:48:11,305 [INFO] bot: ✅ Yüklendi: commands/hunter_outlaw/status.py
2026-09-05 19:48:11,305 [INFO] bot: ✅ Yüklendi: commands/genel/help.py
2026-09-05 19:48:11,305 [INFO] bot: ✅ Yüklendi: commands/genel/rules.py
2026-09-05 19:48:11,966 [INFO] bot: ✅ Yüklendi: commands/genel/sohbet.py
2026-09-05 19:48:11,967 [INFO] bot: ✅ Yüklendi: commands/genel/welcome.py
2026-09-05 19:48:11,967 [INFO] bot: ✅ Yüklendi: commands/moderasyon/ban.py
2026-09-05 19:48:11,968 [INFO] bot: ✅ Yüklendi: commands/moderasyon/clearwarnings.py
2026-09-05 19:48:11,968 [INFO] bot: ✅ Yüklendi: commands/moderasyon/filter_listener.py
2026-09-05 19:48:11,968 [INFO] bot: ✅ Yüklendi: commands/moderasyon/kick.py
2026-09-05 19:48:11,968 [INFO] bot: ✅ Yüklendi: commands/moderasyon/lock.py
2026-09-05 19:48:11,969 [INFO] bot: ✅ Yüklendi: commands/moderasyon/mute.py
2026-09-05 19:48:11,969 [INFO] bot: ✅ Yüklendi: commands/moderasyon/purge.py
2026-09-05 19:48:11,969 [INFO] bot: ✅ Yüklendi: commands/moderasyon/unlock.py
2026-09-05 19:48:11,970 [INFO] bot: ✅ Yüklendi: commands/moderasyon/unmute.py
2026-09-05 19:48:11,970 [INFO] bot: ✅ Yüklendi: commands/moderasyon/warn.py
2026-09-05 19:48:11,970 [INFO] bot: ✅ Yüklendi: commands/moderasyon/warnings_list.py
2026-09-05 19:48:11,971 [INFO] bot: ✅ Yüklendi: commands/sabika/criminal_record.py
2026-09-05 19:48:11,971 [WARNING] bot: ⚠️ 'setup' fonksiyonu bulunamadı, atlandı: commands/economy/ __init__.py
2026-09-05 19:48:11,972 [INFO] bot: ✅ Yüklendi: commands/economy/economy.py
2026-09-05 19:48:11,973 [INFO] bot: ✅ Yüklendi: commands/economy/inventory.py
2026-09-05 19:48:11,973 [INFO] bot: ✅ Yüklendi: commands/economy/items.py
2026-09-05 19:48:11,974 [INFO] bot: ✅ Yüklendi: commands/economy/leaderboard.py
2026-09-05 19:48:11,975 [INFO] bot: ✅ Yüklendi: commands/economy/shop.py
2026-09-05 19:48:11,976 [ERROR] bot: ❌ Komut dosyası yüklenirken hata, atlanıyor: commands/wanted/catch_wanted.py
Traceback (most recent call last):
  File "/home/container/main.py", line 129, in load_commands
    spec.loader.exec_module(module)
    ~~~~~~~~~~~~~~~~~~~~~~~^^^^^^^^
  File "<frozen importlib._bootstrap_external>", line 1023, in exec_module
  File "<frozen importlib._bootstrap>", line 488, in _call_with_frames_removed
  File "/home/container/commands/wanted/catch_wanted.py", line 4, in <module>
    from utils.unbelievaboat import add_cash
ModuleNotFoundError: No module named 'utils.unbelievaboat'
2026-09-05 19:48:11,977 [INFO] bot: ✅ Yüklendi: commands/wanted/crime_listener.py
2026-09-05 19:48:11,977 [INFO] bot: ✅ Yüklendi: commands/wanted/wanted_list.py
2026-09-05 19:48:11,977 [INFO] bot: 📦 Toplam 36 komut dosyası yüklendi, 2 dosya atlandı.
2026-09-05 19:48:11,978 [INFO] discord.client: logging in using static token
2026-09-05 19:48:13,241 [INFO] discord.gateway: Shard ID None has connected to Gateway (Session ID: 1c4a0604287e0b9e4af4680b4e2221d3).
2026-09-05 19:48:15,295 [INFO] bot: 🤖 ankatuber's perfect bot giriş yaptı!
2026-09-05 19:48:15,296 [INFO] sohbet_etkinligi: ✅ Chat Event zamanlayıcısı başlatıldı.
2026-09-05 19:48:15,296 [INFO] sohbet_etkinligi: ⏰ Chat Event zamanlayıcısı hazır.
2026-09-05 19:48:15,698 [INFO] bot: 🔄 30 slash komut senkronize edildi!
2026-09-05 19:48:15,882 [INFO] sohbet_etkinligi: ✅ Chat Event gönderildi: Which brawler deserves a nerf?
2026-09-05 19:53:49,597 [INFO] bot: Bot normal şekilde durduruldu, yeniden başlatılmıyor.
2026-09-05 19:53:54,152 [WARNING] discord.client: PyNaCl is not installed, voice will NOT be supported
2026-09-05 19:53:54,152 [WARNING] discord.client: davey is not installed, voice will NOT be supported
2026-09-05 19:53:54,153 [ERROR] bot: ❌ Komut dosyası yüklenirken hata, atlanıyor: commands/partners.py
Traceback (most recent call last):
  File "/home/container/main.py", line 132, in load_commands
    module.setup(bot)
    ~~~~~~~~~~~~^^^^^
  File "/home/container/commands/partners.py", line 128, in setup
    bot.loop.create_task(baslat())
    ^^^^^^^^^^^^^^^^^^^^
  File "/home/container/.local/lib/python3.13/site-packages/discord/client.py", line 170, in __getattr__
    raise AttributeError(msg)
AttributeError: loop attribute cannot be accessed in non-async contexts. Consider using either an asynchronous main function and passing it to asyncio.run or using asynchronous initialisation hooks such as Client.setup_hook
2026-09-05 19:53:54,155 [INFO] sohbet_etkinligi: 🔧 Sohbet etkinliği modülü yükleniyor...
2026-09-05 19:53:54,155 [INFO] sohbet_etkinligi: 🧪 Test komutları hazır: !chat-test /chat_test
2026-09-05 19:53:54,155 [INFO] sohbet_etkinligi: ⏱️ Timer komutları hazır: !chat-timer /chat_timer
2026-09-05 19:53:54,156 [INFO] bot: ✅ Yüklendi: commands/sohbet_etkinligi.py
2026-09-05 19:53:54,269 [INFO] bot: ✅ Yüklendi: commands/ceviri/nuke_translate.py
2026-09-05 19:53:54,269 [INFO] bot: ✅ Yüklendi: commands/ceviri/translate_all_roles.py
2026-09-05 19:53:54,270 [INFO] bot: ✅ Yüklendi: commands/ceviri/translate_role.py
2026-09-05 19:53:54,270 [INFO] bot: ✅ Yüklendi: commands/hunter_outlaw/give_award.py
2026-09-05 19:53:54,271 [INFO] bot: ✅ Yüklendi: commands/hunter_outlaw/history.py
2026-09-05 19:53:54,271 [INFO] bot: ✅ Yüklendi: commands/hunter_outlaw/hunt_request.py
2026-09-05 19:53:54,271 [INFO] bot: ✅ Yüklendi: commands/hunter_outlaw/leaderboard.py
2026-09-05 19:53:54,271 [INFO] bot: ✅ Yüklendi: commands/hunter_outlaw/proof.py
2026-09-05 19:53:54,271 [INFO] bot: ✅ Yüklendi: commands/hunter_outlaw/reset_points.py
2026-09-05 19:53:54,272 [INFO] bot: ✅ Yüklendi: commands/hunter_outlaw/reset_user_points.py
2026-09-05 19:53:54,272 [INFO] bot: ✅ Yüklendi: commands/hunter_outlaw/set_role_icon.py
2026-09-05 19:53:54,272 [INFO] bot: ✅ Yüklendi: commands/hunter_outlaw/status.py
2026-09-05 19:53:54,273 [INFO] bot: ✅ Yüklendi: commands/genel/help.py
2026-09-05 19:53:54,273 [INFO] bot: ✅ Yüklendi: commands/genel/rules.py
2026-09-05 19:53:54,917 [INFO] bot: ✅ Yüklendi: commands/genel/sohbet.py
2026-09-05 19:53:54,917 [INFO] bot: ✅ Yüklendi: commands/genel/welcome.py
2026-09-05 19:53:54,917 [INFO] bot: ✅ Yüklendi: commands/moderasyon/ban.py
2026-09-05 19:53:54,918 [INFO] bot: ✅ Yüklendi: commands/moderasyon/clearwarnings.py
2026-09-05 19:53:54,918 [INFO] bot: ✅ Yüklendi: commands/moderasyon/filter_listener.py
2026-09-05 19:53:54,918 [INFO] bot: ✅ Yüklendi: commands/moderasyon/kick.py
2026-09-05 19:53:54,918 [INFO] bot: ✅ Yüklendi: commands/moderasyon/lock.py
2026-09-05 19:53:54,919 [INFO] bot: ✅ Yüklendi: commands/moderasyon/mute.py
2026-09-05 19:53:54,919 [INFO] bot: ✅ Yüklendi: commands/moderasyon/purge.py
2026-09-05 19:53:54,919 [INFO] bot: ✅ Yüklendi: commands/moderasyon/unlock.py
2026-09-05 19:53:54,919 [INFO] bot: ✅ Yüklendi: commands/moderasyon/unmute.py
2026-09-05 19:53:54,920 [INFO] bot: ✅ Yüklendi: commands/moderasyon/warn.py
2026-09-05 19:53:54,920 [INFO] bot: ✅ Yüklendi: commands/moderasyon/warnings_list.py
2026-09-05 19:53:54,920 [INFO] bot: ✅ Yüklendi: commands/sabika/criminal_record.py
2026-09-05 19:53:54,920 [WARNING] bot: ⚠️ 'setup' fonksiyonu bulunamadı, atlandı: commands/economy/ __init__.py
2026-09-05 19:53:54,921 [ERROR] bot: ❌ Komut dosyası yüklenirken hata, atlanıyor: commands/economy/economy.py
Traceback (most recent call last):
  File "/home/container/main.py", line 129, in load_commands
    spec.loader.exec_module(module)
    ~~~~~~~~~~~~~~~~~~~~~~~^^^^^^^^
  File "<frozen importlib._bootstrap_external>", line 1019, in exec_module
  File "<frozen importlib._bootstrap_external>", line 1157, in get_code
  File "<frozen importlib._bootstrap_external>", line 1087, in source_to_code
  File "<frozen importlib._bootstrap>", line 488, in _call_with_frames_removed
  File "/home/container/commands/economy/economy.py", line 1
    ```python
    ^
SyntaxError: invalid syntax
2026-09-05 19:53:54,922 [INFO] bot: ✅ Yüklendi: commands/economy/inventory.py
2026-09-05 19:53:54,923 [INFO] bot: ✅ Yüklendi: commands/economy/items.py
2026-09-05 19:53:54,924 [INFO] bot: ✅ Yüklendi: commands/economy/leaderboard.py
2026-09-05 19:53:54,924 [INFO] bot: ✅ Yüklendi: commands/economy/shop.py
2026-09-05 19:53:54,925 [ERROR] bot: ❌ Komut dosyası yüklenirken hata, atlanıyor: commands/wanted/catch_wanted.py
Traceback (most recent call last):
  File "/home/container/main.py", line 129, in load_commands
    spec.loader.exec_module(module)
    ~~~~~~~~~~~~~~~~~~~~~~~^^^^^^^^
  File "<frozen importlib._bootstrap_external>", line 1023, in exec_module
  File "<frozen importlib._bootstrap>", line 488, in _call_with_frames_removed
  File "/home/container/commands/wanted/catch_wanted.py", line 4, in <module>
    from utils.unbelievaboat import add_cash
ModuleNotFoundError: No module named 'utils.unbelievaboat'
2026-09-05 19:53:54,925 [INFO] bot: ✅ Yüklendi: commands/wanted/crime_listener.py
2026-09-05 19:53:54,926 [INFO] bot: ✅ Yüklendi: commands/wanted/wanted_list.py
2026-09-05 19:53:54,926 [INFO] bot: 📦 Toplam 35 komut dosyası yüklendi, 3 dosya atlandı.
2026-09-05 19:53:54,926 [INFO] discord.client: logging in using static token
2026-09-05 19:53:56,161 [INFO] discord.gateway: Shard ID None has connected to Gateway (Session ID: 5af94cfd4ab0414e4badab9a54c83492).
2026-09-05 19:53:58,183 [INFO] bot: 🤖 ankatuber's perfect bot giriş yaptı!
2026-09-05 19:53:58,184 [INFO] sohbet_etkinligi: ✅ Chat Event zamanlayıcısı başlatıldı.
2026-09-05 19:53:58,184 [INFO] sohbet_etkinligi: ⏰ Chat Event zamanlayıcısı hazır.
2026-09-05 19:53:58,456 [INFO] bot: 🔄 30 slash komut senkronize edildi!
2026-09-05 19:53:58,643 [INFO] sohbet_etkinligi: ✅ Chat Event gönderildi: Which brawler is underrated right now?
2026-09-05 19:56:24,300 [INFO] bot: Bot normal şekilde durduruldu, yeniden başlatılmıyor.
2026-09-05 19:56:29,083 [WARNING] discord.client: PyNaCl is not installed, voice will NOT be supported
2026-09-05 19:56:29,083 [WARNING] discord.client: davey is not installed, voice will NOT be supported
2026-09-05 19:56:29,083 [ERROR] bot: ❌ Komut dosyası yüklenirken hata, atlanıyor: commands/partners.py
Traceback (most recent call last):
  File "/home/container/main.py", line 132, in load_commands
    module.setup(bot)
    ~~~~~~~~~~~~^^^^^
  File "/home/container/commands/partners.py", line 128, in setup
    bot.loop.create_task(baslat())
    ^^^^^^^^^^^^^^^^^^^^
  File "/home/container/.local/lib/python3.13/site-packages/discord/client.py", line 170, in __getattr__
    raise AttributeError(msg)
AttributeError: loop attribute cannot be accessed in non-async contexts. Consider using either an asynchronous main function and passing it to asyncio.run or using asynchronous initialisation hooks such as Client.setup_hook
2026-09-05 19:56:29,203 [INFO] bot: ✅ Yüklendi: commands/ceviri/nuke_translate.py
2026-09-05 19:56:29,204 [INFO] bot: ✅ Yüklendi: commands/ceviri/translate_all_roles.py
2026-09-05 19:56:29,204 [INFO] bot: ✅ Yüklendi: commands/ceviri/translate_role.py
2026-09-05 19:56:29,205 [INFO] bot: ✅ Yüklendi: commands/hunter_outlaw/give_award.py
2026-09-05 19:56:29,205 [INFO] bot: ✅ Yüklendi: commands/hunter_outlaw/history.py
2026-09-05 19:56:29,205 [INFO] bot: ✅ Yüklendi: commands/hunter_outlaw/hunt_request.py
2026-09-05 19:56:29,206 [INFO] bot: ✅ Yüklendi: commands/hunter_outlaw/leaderboard.py
2026-09-05 19:56:29,206 [INFO] bot: ✅ Yüklendi: commands/hunter_outlaw/proof.py
2026-09-05 19:56:29,206 [INFO] bot: ✅ Yüklendi: commands/hunter_outlaw/reset_points.py
2026-09-05 19:56:29,206 [INFO] bot: ✅ Yüklendi: commands/hunter_outlaw/reset_user_points.py
2026-09-05 19:56:29,207 [INFO] bot: ✅ Yüklendi: commands/hunter_outlaw/set_role_icon.py
2026-09-05 19:56:29,207 [INFO] bot: ✅ Yüklendi: commands/hunter_outlaw/status.py
2026-09-05 19:56:29,207 [INFO] bot: ✅ Yüklendi: commands/genel/help.py
2026-09-05 19:56:29,208 [INFO] bot: ✅ Yüklendi: commands/genel/rules.py
2026-09-05 19:56:29,839 [INFO] bot: ✅ Yüklendi: commands/genel/sohbet.py
2026-09-05 19:56:29,840 [INFO] bot: ✅ Yüklendi: commands/genel/welcome.py
2026-09-05 19:56:29,840 [INFO] bot: ✅ Yüklendi: commands/moderasyon/ban.py
2026-09-05 19:56:29,840 [INFO] bot: ✅ Yüklendi: commands/moderasyon/clearwarnings.py
2026-09-05 19:56:29,841 [INFO] bot: ✅ Yüklendi: commands/moderasyon/filter_listener.py
2026-09-05 19:56:29,841 [INFO] bot: ✅ Yüklendi: commands/moderasyon/kick.py
2026-09-05 19:56:29,841 [INFO] bot: ✅ Yüklendi: commands/moderasyon/lock.py
2026-09-05 19:56:29,841 [INFO] bot: ✅ Yüklendi: commands/moderasyon/mute.py
2026-09-05 19:56:29,842 [INFO] bot: ✅ Yüklendi: commands/moderasyon/purge.py
2026-09-05 19:56:29,842 [INFO] bot: ✅ Yüklendi: commands/moderasyon/unlock.py
2026-09-05 19:56:29,842 [INFO] bot: ✅ Yüklendi: commands/moderasyon/unmute.py
2026-09-05 19:56:29,842 [INFO] bot: ✅ Yüklendi: commands/moderasyon/warn.py
2026-09-05 19:56:29,843 [INFO] bot: ✅ Yüklendi: commands/moderasyon/warnings_list.py
2026-09-05 19:56:29,843 [INFO] bot: ✅ Yüklendi: commands/sabika/criminal_record.py
2026-09-05 19:56:29,843 [WARNING] bot: ⚠️ 'setup' fonksiyonu bulunamadı, atlandı: commands/economy/ __init__.py
2026-09-05 19:56:29,843 [ERROR] bot: ❌ Komut dosyası yüklenirken hata, atlanıyor: commands/economy/economy.py
Traceback (most recent call last):
  File "/home/container/main.py", line 129, in load_commands
    spec.loader.exec_module(module)
    ~~~~~~~~~~~~~~~~~~~~~~~^^^^^^^^
  File "<frozen importlib._bootstrap_external>", line 1019, in exec_module
  File "<frozen importlib._bootstrap_external>", line 1157, in get_code
  File "<frozen importlib._bootstrap_external>", line 1087, in source_to_code
  File "<frozen importlib._bootstrap>", line 488, in _call_with_frames_removed
  File "/home/container/commands/economy/economy.py", line 1
    ```python
    ^
SyntaxError: invalid syntax
2026-09-05 19:56:29,845 [INFO] bot: ✅ Yüklendi: commands/economy/inventory.py
2026-09-05 19:56:29,846 [INFO] bot: ✅ Yüklendi: commands/economy/items.py
2026-09-05 19:56:29,846 [INFO] bot: ✅ Yüklendi: commands/economy/leaderboard.py
2026-09-05 19:56:29,847 [INFO] bot: ✅ Yüklendi: commands/economy/shop.py
2026-09-05 19:56:29,847 [ERROR] bot: ❌ Komut dosyası yüklenirken hata, atlanıyor: commands/wanted/catch_wanted.py
Traceback (most recent call last):
  File "/home/container/main.py", line 129, in load_commands
    spec.loader.exec_module(module)
    ~~~~~~~~~~~~~~~~~~~~~~~^^^^^^^^
  File "<frozen importlib._bootstrap_external>", line 1023, in exec_module
  File "<frozen importlib._bootstrap>", line 488, in _call_with_frames_removed
  File "/home/container/commands/wanted/catch_wanted.py", line 4, in <module>
    from utils.unbelievaboat import add_cash
ModuleNotFoundError: No module named 'utils.unbelievaboat'
2026-09-05 19:56:29,848 [INFO] bot: ✅ Yüklendi: commands/wanted/crime_listener.py
2026-09-05 19:56:29,848 [INFO] bot: ✅ Yüklendi: commands/wanted/wanted_list.py
2026-09-05 19:56:29,848 [INFO] bot: 📦 Toplam 34 komut dosyası yüklendi, 3 dosya atlandı.
2026-09-05 19:56:29,849 [INFO] discord.client: logging in using static token
2026-09-05 19:56:30,907 [INFO] discord.gateway: Shard ID None has connected to Gateway (Session ID: 91ed730977dd33406a8fd5952fa63f0a).
2026-09-05 19:56:32,944 [INFO] bot: 🤖 ankatuber's perfect bot giriş yaptı!
2026-09-05 19:56:33,529 [INFO] bot: 🔄 28 slash komut senkronize edildi!
2026-09-05 19:58:29,931 [INFO] bot: Bot normal şekilde durduruldu, yeniden başlatılmıyor.
2026-09-05 19:58:34,993 [WARNING] discord.client: PyNaCl is not installed, voice will NOT be supported
2026-09-05 19:58:34,993 [WARNING] discord.client: davey is not installed, voice will NOT be supported
2026-09-05 19:58:34,994 [ERROR] bot: ❌ Komut dosyası yüklenirken hata, atlanıyor: commands/partners.py
Traceback (most recent call last):
  File "/home/container/main.py", line 132, in load_commands
    module.setup(bot)
    ~~~~~~~~~~~~^^^^^
  File "/home/container/commands/partners.py", line 128, in setup
    bot.loop.create_task(baslat())
    ^^^^^^^^^^^^^^^^^^^^
  File "/home/container/.local/lib/python3.13/site-packages/discord/client.py", line 170, in __getattr__
    raise AttributeError(msg)
AttributeError: loop attribute cannot be accessed in non-async contexts. Consider using either an asynchronous main function and passing it to asyncio.run or using asynchronous initialisation hooks such as Client.setup_hook
2026-09-05 19:58:35,112 [INFO] bot: ✅ Yüklendi: commands/ceviri/nuke_translate.py
2026-09-05 19:58:35,113 [INFO] bot: ✅ Yüklendi: commands/ceviri/translate_all_roles.py
2026-09-05 19:58:35,113 [INFO] bot: ✅ Yüklendi: commands/ceviri/translate_role.py
2026-09-05 19:58:35,114 [INFO] bot: ✅ Yüklendi: commands/hunter_outlaw/give_award.py
2026-09-05 19:58:35,114 [INFO] bot: ✅ Yüklendi: commands/hunter_outlaw/history.py
2026-09-05 19:58:35,114 [INFO] bot: ✅ Yüklendi: commands/hunter_outlaw/hunt_request.py
2026-09-05 19:58:35,114 [INFO] bot: ✅ Yüklendi: commands/hunter_outlaw/leaderboard.py
2026-09-05 19:58:35,115 [INFO] bot: ✅ Yüklendi: commands/hunter_outlaw/proof.py
2026-09-05 19:58:35,115 [INFO] bot: ✅ Yüklendi: commands/hunter_outlaw/reset_points.py
2026-09-05 19:58:35,115 [INFO] bot: ✅ Yüklendi: commands/hunter_outlaw/reset_user_points.py
2026-09-05 19:58:35,115 [INFO] bot: ✅ Yüklendi: commands/hunter_outlaw/set_role_icon.py
2026-09-05 19:58:35,116 [INFO] bot: ✅ Yüklendi: commands/hunter_outlaw/status.py
2026-09-05 19:58:35,116 [INFO] bot: ✅ Yüklendi: commands/genel/help.py
2026-09-05 19:58:35,116 [INFO] bot: ✅ Yüklendi: commands/genel/rules.py
2026-09-05 19:58:35,781 [INFO] bot: ✅ Yüklendi: commands/genel/sohbet.py
2026-09-05 19:58:35,781 [INFO] bot: ✅ Yüklendi: commands/genel/welcome.py
2026-09-05 19:58:35,782 [INFO] bot: ✅ Yüklendi: commands/moderasyon/ban.py
2026-09-05 19:58:35,782 [INFO] bot: ✅ Yüklendi: commands/moderasyon/clearwarnings.py
2026-09-05 19:58:35,782 [INFO] bot: ✅ Yüklendi: commands/moderasyon/filter_listener.py
2026-09-05 19:58:35,783 [INFO] bot: ✅ Yüklendi: commands/moderasyon/kick.py
2026-09-05 19:58:35,783 [INFO] bot: ✅ Yüklendi: commands/moderasyon/lock.py
2026-09-05 19:58:35,784 [INFO] bot: ✅ Yüklendi: commands/moderasyon/mute.py
2026-09-05 19:58:35,784 [INFO] bot: ✅ Yüklendi: commands/moderasyon/purge.py
2026-09-05 19:58:35,784 [INFO] bot: ✅ Yüklendi: commands/moderasyon/unlock.py
2026-09-05 19:58:35,785 [INFO] bot: ✅ Yüklendi: commands/moderasyon/unmute.py
2026-09-05 19:58:35,785 [INFO] bot: ✅ Yüklendi: commands/moderasyon/warn.py
2026-09-05 19:58:35,786 [INFO] bot: ✅ Yüklendi: commands/moderasyon/warnings_list.py
2026-09-05 19:58:35,786 [INFO] bot: ✅ Yüklendi: commands/sabika/criminal_record.py
2026-09-05 19:58:35,786 [WARNING] bot: ⚠️ 'setup' fonksiyonu bulunamadı, atlandı: commands/economy/ __init__.py
2026-09-05 19:58:35,791 [INFO] bot: ✅ Yüklendi: commands/economy/economy.py
2026-09-05 19:58:35,792 [INFO] bot: ✅ Yüklendi: commands/economy/inventory.py
2026-09-05 19:58:35,793 [INFO] bot: ✅ Yüklendi: commands/economy/items.py
2026-09-05 19:58:35,794 [INFO] bot: ✅ Yüklendi: commands/economy/leaderboard.py
2026-09-05 19:58:35,795 [INFO] bot: ✅ Yüklendi: commands/economy/shop.py
2026-09-05 19:58:35,795 [ERROR] bot: ❌ Komut dosyası yüklenirken hata, atlanıyor: commands/wanted/catch_wanted.py
Traceback (most recent call last):
  File "/home/container/main.py", line 129, in load_commands
    spec.loader.exec_module(module)
    ~~~~~~~~~~~~~~~~~~~~~~~^^^^^^^^
  File "<frozen importlib._bootstrap_external>", line 1023, in exec_module
  File "<frozen importlib._bootstrap>", line 488, in _call_with_frames_removed
  File "/home/container/commands/wanted/catch_wanted.py", line 4, in <module>
    from utils.unbelievaboat import add_cash
ModuleNotFoundError: No module named 'utils.unbelievaboat'
2026-09-05 19:58:35,797 [INFO] bot: ✅ Yüklendi: commands/wanted/crime_listener.py
2026-09-05 19:58:35,797 [INFO] bot: ✅ Yüklendi: commands/wanted/wanted_list.py
2026-09-05 19:58:35,797 [INFO] bot: 📦 Toplam 35 komut dosyası yüklendi, 2 dosya atlandı.
2026-09-05 19:58:35,798 [INFO] discord.client: logging in using static token
2026-09-05 19:58:36,860 [INFO] discord.gateway: Shard ID None has connected to Gateway (Session ID: d47f361b47182fa73441c609457d0363).
2026-09-05 19:58:38,894 [INFO] bot: 🤖 ankatuber's perfect bot giriş yaptı!
2026-09-05 19:58:39,365 [INFO] bot: 🔄 28 slash komut senkronize edildi!
2026-09-05 20:15:02,012 [INFO] bot: Bot normal şekilde durduruldu, yeniden başlatılmıyor.
2026-09-05 20:15:07,248 [WARNING] discord.client: PyNaCl is not installed, voice will NOT be supported
2026-09-05 20:15:07,248 [WARNING] discord.client: davey is not installed, voice will NOT be supported
2026-09-05 20:15:07,249 [ERROR] bot: ❌ Komut dosyası yüklenirken hata, atlanıyor: commands/partners.py
Traceback (most recent call last):
  File "/home/container/main.py", line 132, in load_commands
    module.setup(bot)
    ~~~~~~~~~~~~^^^^^
  File "/home/container/commands/partners.py", line 128, in setup
    bot.loop.create_task(baslat())
    ^^^^^^^^^^^^^^^^^^^^
  File "/home/container/.local/lib/python3.13/site-packages/discord/client.py", line 170, in __getattr__
    raise AttributeError(msg)
AttributeError: loop attribute cannot be accessed in non-async contexts. Consider using either an asynchronous main function and passing it to asyncio.run or using asynchronous initialisation hooks such as Client.setup_hook
2026-09-05 20:15:07,364 [INFO] bot: ✅ Yüklendi: commands/ceviri/nuke_translate.py
2026-09-05 20:15:07,364 [INFO] bot: ✅ Yüklendi: commands/ceviri/translate_all_roles.py
2026-09-05 20:15:07,365 [INFO] bot: ✅ Yüklendi: commands/ceviri/translate_role.py
2026-09-05 20:15:07,365 [INFO] bot: ✅ Yüklendi: commands/hunter_outlaw/give_award.py
2026-09-05 20:15:07,366 [INFO] bot: ✅ Yüklendi: commands/hunter_outlaw/history.py
2026-09-05 20:15:07,366 [INFO] bot: ✅ Yüklendi: commands/hunter_outlaw/hunt_request.py
2026-09-05 20:15:07,366 [INFO] bot: ✅ Yüklendi: commands/hunter_outlaw/leaderboard.py
2026-09-05 20:15:07,366 [INFO] bot: ✅ Yüklendi: commands/hunter_outlaw/proof.py
2026-09-05 20:15:07,367 [INFO] bot: ✅ Yüklendi: commands/hunter_outlaw/reset_points.py
2026-09-05 20:15:07,367 [INFO] bot: ✅ Yüklendi: commands/hunter_outlaw/reset_user_points.py
2026-09-05 20:15:07,367 [INFO] bot: ✅ Yüklendi: commands/hunter_outlaw/set_role_icon.py
2026-09-05 20:15:07,367 [INFO] bot: ✅ Yüklendi: commands/hunter_outlaw/status.py
2026-09-05 20:15:07,368 [INFO] bot: ✅ Yüklendi: commands/genel/help.py
2026-09-05 20:15:07,368 [INFO] bot: ✅ Yüklendi: commands/genel/rules.py
2026-09-05 20:15:07,999 [INFO] bot: ✅ Yüklendi: commands/genel/sohbet.py
2026-09-05 20:15:07,999 [INFO] bot: ✅ Yüklendi: commands/genel/welcome.py
2026-09-05 20:15:08,000 [INFO] bot: ✅ Yüklendi: commands/moderasyon/ban.py
2026-09-05 20:15:08,000 [INFO] bot: ✅ Yüklendi: commands/moderasyon/clearwarnings.py
2026-09-05 20:15:08,000 [INFO] bot: ✅ Yüklendi: commands/moderasyon/filter_listener.py
2026-09-05 20:15:08,001 [INFO] bot: ✅ Yüklendi: commands/moderasyon/kick.py
2026-09-05 20:15:08,001 [INFO] bot: ✅ Yüklendi: commands/moderasyon/lock.py
2026-09-05 20:15:08,001 [INFO] bot: ✅ Yüklendi: commands/moderasyon/mute.py
2026-09-05 20:15:08,001 [INFO] bot: ✅ Yüklendi: commands/moderasyon/purge.py
2026-09-05 20:15:08,002 [INFO] bot: ✅ Yüklendi: commands/moderasyon/unlock.py
2026-09-05 20:15:08,002 [INFO] bot: ✅ Yüklendi: commands/moderasyon/unmute.py
2026-09-05 20:15:08,002 [INFO] bot: ✅ Yüklendi: commands/moderasyon/warn.py
2026-09-05 20:15:08,003 [INFO] bot: ✅ Yüklendi: commands/moderasyon/warnings_list.py
2026-09-05 20:15:08,003 [INFO] bot: ✅ Yüklendi: commands/sabika/criminal_record.py
2026-09-05 20:15:08,003 [WARNING] bot: ⚠️ 'setup' fonksiyonu bulunamadı, atlandı: commands/economy/ __init__.py
2026-09-05 20:15:08,004 [ERROR] bot: ❌ Komut dosyası yüklenirken hata, atlanıyor: commands/economy/economy.py
Traceback (most recent call last):
  File "/home/container/main.py", line 129, in load_commands
    spec.loader.exec_module(module)
    ~~~~~~~~~~~~~~~~~~~~~~~^^^^^^^^
  File "<frozen importlib._bootstrap_external>", line 1019, in exec_module
  File "<frozen importlib._bootstrap_external>", line 1157, in get_code
  File "<frozen importlib._bootstrap_external>", line 1087, in source_to_code
  File "<frozen importlib._bootstrap>", line 488, in _call_with_frames_removed
  File "/home/container/commands/economy/economy.py", line 106
    					outlaw_role = ctx.guild.get_role(OUTLAW_ROLE_ID)
    ^
TabError: inconsistent use of tabs and spaces in indentation
2026-09-05 20:15:08,005 [INFO] bot: ✅ Yüklendi: commands/economy/inventory.py
2026-09-05 20:15:08,006 [INFO] bot: ✅ Yüklendi: commands/economy/items.py
2026-09-05 20:15:08,006 [INFO] bot: ✅ Yüklendi: commands/economy/leaderboard.py
2026-09-05 20:15:08,007 [INFO] bot: ✅ Yüklendi: commands/economy/shop.py
2026-09-05 20:15:08,007 [ERROR] bot: ❌ Komut dosyası yüklenirken hata, atlanıyor: commands/wanted/catch_wanted.py
Traceback (most recent call last):
  File "/home/container/main.py", line 129, in load_commands
    spec.loader.exec_module(module)
    ~~~~~~~~~~~~~~~~~~~~~~~^^^^^^^^
  File "<frozen importlib._bootstrap_external>", line 1023, in exec_module
  File "<frozen importlib._bootstrap>", line 488, in _call_with_frames_removed
  File "/home/container/commands/wanted/catch_wanted.py", line 4, in <module>
    from utils.unbelievaboat import add_cash
ModuleNotFoundError: No module named 'utils.unbelievaboat'
2026-09-05 20:15:08,008 [INFO] bot: ✅ Yüklendi: commands/wanted/crime_listener.py
2026-09-05 20:15:08,008 [INFO] bot: ✅ Yüklendi: commands/wanted/wanted_list.py
2026-09-05 20:15:08,008 [INFO] bot: 📦 Toplam 34 komut dosyası yüklendi, 3 dosya atlandı.
2026-09-05 20:15:08,009 [INFO] discord.client: logging in using static token
2026-09-05 20:15:09,440 [INFO] discord.gateway: Shard ID None has connected to Gateway (Session ID: fcba44be5d505c03aae7dd78793986e7).
2026-09-05 20:15:11,480 [INFO] bot: 🤖 ankatuber's perfect bot giriş yaptı!
2026-09-05 20:15:11,791 [INFO] bot: 🔄 28 slash komut senkronize edildi!
2026-09-05 20:28:42,324 [INFO] bot: Bot normal şekilde durduruldu, yeniden başlatılmıyor.
2026-09-05 20:28:48,067 [WARNING] discord.client: PyNaCl is not installed, voice will NOT be supported
2026-09-05 20:28:48,067 [WARNING] discord.client: davey is not installed, voice will NOT be supported
2026-09-05 20:28:48,208 [INFO] bot: ✅ Yüklendi: commands/ceviri/nuke_translate.py
2026-09-05 20:28:48,209 [INFO] bot: ✅ Yüklendi: commands/ceviri/translate_all_roles.py
2026-09-05 20:28:48,209 [INFO] bot: ✅ Yüklendi: commands/ceviri/translate_role.py
2026-09-05 20:28:48,210 [INFO] bot: ✅ Yüklendi: commands/hunter_outlaw/give_award.py
2026-09-05 20:28:48,210 [INFO] bot: ✅ Yüklendi: commands/hunter_outlaw/history.py
2026-09-05 20:28:48,211 [INFO] bot: ✅ Yüklendi: commands/hunter_outlaw/hunt_request.py
2026-09-05 20:28:48,211 [INFO] bot: ✅ Yüklendi: commands/hunter_outlaw/leaderboard.py
2026-09-05 20:28:48,211 [INFO] bot: ✅ Yüklendi: commands/hunter_outlaw/proof.py
2026-09-05 20:28:48,211 [INFO] bot: ✅ Yüklendi: commands/hunter_outlaw/reset_points.py
2026-09-05 20:28:48,211 [INFO] bot: ✅ Yüklendi: commands/hunter_outlaw/reset_user_points.py
2026-09-05 20:28:48,212 [INFO] bot: ✅ Yüklendi: commands/hunter_outlaw/set_role_icon.py
2026-09-05 20:28:48,212 [INFO] bot: ✅ Yüklendi: commands/hunter_outlaw/status.py
2026-09-05 20:28:48,212 [INFO] bot: ✅ Yüklendi: commands/genel/help.py
2026-09-05 20:28:48,212 [INFO] bot: ✅ Yüklendi: commands/genel/rules.py
2026-09-05 20:28:48,883 [INFO] bot: ✅ Yüklendi: commands/genel/sohbet.py
2026-09-05 20:28:48,883 [INFO] bot: ✅ Yüklendi: commands/genel/welcome.py
2026-09-05 20:28:48,884 [INFO] bot: ✅ Yüklendi: commands/moderasyon/ban.py
2026-09-05 20:28:48,884 [INFO] bot: ✅ Yüklendi: commands/moderasyon/clearwarnings.py
2026-09-05 20:28:48,885 [INFO] bot: ✅ Yüklendi: commands/moderasyon/filter_listener.py
2026-09-05 20:28:48,885 [INFO] bot: ✅ Yüklendi: commands/moderasyon/kick.py
2026-09-05 20:28:48,885 [INFO] bot: ✅ Yüklendi: commands/moderasyon/lock.py
2026-09-05 20:28:48,886 [INFO] bot: ✅ Yüklendi: commands/moderasyon/mute.py
2026-09-05 20:28:48,886 [INFO] bot: ✅ Yüklendi: commands/moderasyon/purge.py
2026-09-05 20:28:48,886 [INFO] bot: ✅ Yüklendi: commands/moderasyon/unlock.py
2026-09-05 20:28:48,887 [INFO] bot: ✅ Yüklendi: commands/moderasyon/unmute.py
2026-09-05 20:28:48,887 [INFO] bot: ✅ Yüklendi: commands/moderasyon/warn.py
2026-09-05 20:28:48,888 [INFO] bot: ✅ Yüklendi: commands/moderasyon/warnings_list.py
2026-09-05 20:28:48,888 [INFO] bot: ✅ Yüklendi: commands/sabika/criminal_record.py
2026-09-05 20:28:48,888 [WARNING] bot: ⚠️ 'setup' fonksiyonu bulunamadı, atlandı: commands/economy/ __init__.py
2026-09-05 20:28:48,893 [INFO] bot: ✅ Yüklendi: commands/economy/economy.py
2026-09-05 20:28:48,893 [INFO] bot: ✅ Yüklendi: commands/economy/inventory.py
2026-09-05 20:28:48,894 [INFO] bot: ✅ Yüklendi: commands/economy/items.py
2026-09-05 20:28:48,895 [INFO] bot: ✅ Yüklendi: commands/economy/leaderboard.py
2026-09-05 20:28:48,895 [INFO] bot: ✅ Yüklendi: commands/economy/shop.py
2026-09-05 20:28:48,896 [ERROR] bot: ❌ Komut dosyası yüklenirken hata, atlanıyor: commands/wanted/catch_wanted.py
Traceback (most recent call last):
  File "/home/container/main.py", line 129, in load_commands
    spec.loader.exec_module(module)
    ~~~~~~~~~~~~~~~~~~~~~~~^^^^^^^^
  File "<frozen importlib._bootstrap_external>", line 1023, in exec_module
  File "<frozen importlib._bootstrap>", line 488, in _call_with_frames_removed
  File "/home/container/commands/wanted/catch_wanted.py", line 4, in <module>
    from utils.unbelievaboat import add_cash
ModuleNotFoundError: No module named 'utils.unbelievaboat'
2026-09-05 20:28:48,897 [INFO] bot: ✅ Yüklendi: commands/wanted/crime_listener.py
2026-09-05 20:28:48,897 [INFO] bot: ✅ Yüklendi: commands/wanted/wanted_list.py
2026-09-05 20:28:48,897 [INFO] bot: 📦 Toplam 35 komut dosyası yüklendi, 1 dosya atlandı.
2026-09-05 20:28:48,897 [INFO] discord.client: logging in using static token
2026-09-05 20:28:50,382 [INFO] discord.gateway: Shard ID None has connected to Gateway (Session ID: ea6369226d0131ecfef135f859164728).
2026-09-05 20:28:52,426 [INFO] bot: 🤖 ankatuber's perfect bot giriş yaptı!
2026-09-05 20:28:52,690 [INFO] bot: 🔄 28 slash komut senkronize edildi!
2026-09-05 20:30:13,395 [INFO] bot: Bot normal şekilde durduruldu, yeniden başlatılmıyor.
2026-09-05 20:30:18,685 [WARNING] discord.client: PyNaCl is not installed, voice will NOT be supported
2026-09-05 20:30:18,685 [WARNING] discord.client: davey is not installed, voice will NOT be supported
2026-09-05 20:30:18,808 [INFO] bot: ✅ Yüklendi: commands/ceviri/nuke_translate.py
2026-09-05 20:30:18,809 [INFO] bot: ✅ Yüklendi: commands/ceviri/translate_all_roles.py
2026-09-05 20:30:18,809 [INFO] bot: ✅ Yüklendi: commands/ceviri/translate_role.py
2026-09-05 20:30:18,810 [INFO] bot: ✅ Yüklendi: commands/hunter_outlaw/give_award.py
2026-09-05 20:30:18,810 [INFO] bot: ✅ Yüklendi: commands/hunter_outlaw/history.py
2026-09-05 20:30:18,811 [INFO] bot: ✅ Yüklendi: commands/hunter_outlaw/hunt_request.py
2026-09-05 20:30:18,811 [INFO] bot: ✅ Yüklendi: commands/hunter_outlaw/leaderboard.py
2026-09-05 20:30:18,811 [INFO] bot: ✅ Yüklendi: commands/hunter_outlaw/proof.py
2026-09-05 20:30:18,811 [INFO] bot: ✅ Yüklendi: commands/hunter_outlaw/reset_points.py
2026-09-05 20:30:18,812 [INFO] bot: ✅ Yüklendi: commands/hunter_outlaw/reset_user_points.py
2026-09-05 20:30:18,812 [INFO] bot: ✅ Yüklendi: commands/hunter_outlaw/set_role_icon.py
2026-09-05 20:30:18,812 [INFO] bot: ✅ Yüklendi: commands/hunter_outlaw/status.py
2026-09-05 20:30:18,813 [INFO] bot: ✅ Yüklendi: commands/genel/help.py
2026-09-05 20:30:18,813 [INFO] bot: ✅ Yüklendi: commands/genel/rules.py
2026-09-05 20:30:19,471 [INFO] bot: ✅ Yüklendi: commands/genel/sohbet.py
2026-09-05 20:30:19,472 [INFO] bot: ✅ Yüklendi: commands/genel/welcome.py
2026-09-05 20:30:19,472 [INFO] bot: ✅ Yüklendi: commands/moderasyon/ban.py
2026-09-05 20:30:19,472 [INFO] bot: ✅ Yüklendi: commands/moderasyon/clearwarnings.py
2026-09-05 20:30:19,473 [INFO] bot: ✅ Yüklendi: commands/moderasyon/filter_listener.py
2026-09-05 20:30:19,473 [INFO] bot: ✅ Yüklendi: commands/moderasyon/kick.py
2026-09-05 20:30:19,473 [INFO] bot: ✅ Yüklendi: commands/moderasyon/lock.py
2026-09-05 20:30:19,473 [INFO] bot: ✅ Yüklendi: commands/moderasyon/mute.py
2026-09-05 20:30:19,474 [INFO] bot: ✅ Yüklendi: commands/moderasyon/purge.py
2026-09-05 20:30:19,474 [INFO] bot: ✅ Yüklendi: commands/moderasyon/unlock.py
2026-09-05 20:30:19,474 [INFO] bot: ✅ Yüklendi: commands/moderasyon/unmute.py
2026-09-05 20:30:19,474 [INFO] bot: ✅ Yüklendi: commands/moderasyon/warn.py
2026-09-05 20:30:19,475 [INFO] bot: ✅ Yüklendi: commands/moderasyon/warnings_list.py
2026-09-05 20:30:19,475 [INFO] bot: ✅ Yüklendi: commands/sabika/criminal_record.py
2026-09-05 20:30:19,475 [WARNING] bot: ⚠️ 'setup' fonksiyonu bulunamadı, atlandı: commands/economy/ __init__.py
2026-09-05 20:30:19,479 [INFO] bot: ✅ Yüklendi: commands/economy/economy.py
2026-09-05 20:30:19,479 [INFO] bot: ✅ Yüklendi: commands/economy/inventory.py
2026-09-05 20:30:19,480 [INFO] bot: ✅ Yüklendi: commands/economy/items.py
2026-09-05 20:30:19,481 [INFO] bot: ✅ Yüklendi: commands/economy/leaderboard.py
2026-09-05 20:30:19,481 [INFO] bot: ✅ Yüklendi: commands/economy/shop.py
2026-09-05 20:30:19,482 [ERROR] bot: ❌ Komut dosyası yüklenirken hata, atlanıyor: commands/wanted/catch_wanted.py
Traceback (most recent call last):
  File "/home/container/main.py", line 129, in load_commands
    spec.loader.exec_module(module)
    ~~~~~~~~~~~~~~~~~~~~~~~^^^^^^^^
  File "<frozen importlib._bootstrap_external>", line 1023, in exec_module
  File "<frozen importlib._bootstrap>", line 488, in _call_with_frames_removed
  File "/home/container/commands/wanted/catch_wanted.py", line 4, in <module>
    from utils.unbelievaboat import add_cash
ModuleNotFoundError: No module named 'utils.unbelievaboat'
2026-09-05 20:30:19,483 [INFO] bot: ✅ Yüklendi: commands/wanted/crime_listener.py
2026-09-05 20:30:19,483 [INFO] bot: ✅ Yüklendi: commands/wanted/wanted_list.py
2026-09-05 20:30:19,483 [INFO] bot: 📦 Toplam 35 komut dosyası yüklendi, 1 dosya atlandı.
2026-09-05 20:30:19,483 [INFO] discord.client: logging in using static token
2026-09-05 20:30:21,145 [INFO] discord.gateway: Shard ID None has connected to Gateway (Session ID: 71c0111922cdce7b836df018b89e0658).
2026-09-05 20:30:23,174 [INFO] bot: 🤖 ankatuber's perfect bot giriş yaptı!
2026-09-05 20:30:23,591 [INFO] bot: 🔄 28 slash komut senkronize edildi!
2026-09-05 20:34:06,439 [WARNING] discord.client: PyNaCl is not installed, voice will NOT be supported
2026-09-05 20:34:06,439 [WARNING] discord.client: davey is not installed, voice will NOT be supported
2026-09-05 20:34:06,559 [INFO] bot: ✅ Yüklendi: commands/ceviri/nuke_translate.py
2026-09-05 20:34:06,560 [INFO] bot: ✅ Yüklendi: commands/ceviri/translate_all_roles.py
2026-09-05 20:34:06,560 [INFO] bot: ✅ Yüklendi: commands/ceviri/translate_role.py
2026-09-05 20:34:06,561 [INFO] bot: ✅ Yüklendi: commands/hunter_outlaw/give_award.py
2026-09-05 20:34:06,561 [INFO] bot: ✅ Yüklendi: commands/hunter_outlaw/history.py
2026-09-05 20:34:06,561 [INFO] bot: ✅ Yüklendi: commands/hunter_outlaw/hunt_request.py
2026-09-05 20:34:06,562 [INFO] bot: ✅ Yüklendi: commands/hunter_outlaw/leaderboard.py
2026-09-05 20:34:06,562 [INFO] bot: ✅ Yüklendi: commands/hunter_outlaw/proof.py
2026-09-05 20:34:06,562 [INFO] bot: ✅ Yüklendi: commands/hunter_outlaw/reset_points.py
2026-09-05 20:34:06,562 [INFO] bot: ✅ Yüklendi: commands/hunter_outlaw/reset_user_points.py
2026-09-05 20:34:06,563 [INFO] bot: ✅ Yüklendi: commands/hunter_outlaw/set_role_icon.py
2026-09-05 20:34:06,563 [INFO] bot: ✅ Yüklendi: commands/hunter_outlaw/status.py
2026-09-05 20:34:06,563 [INFO] bot: ✅ Yüklendi: commands/genel/help.py
2026-09-05 20:34:06,563 [INFO] bot: ✅ Yüklendi: commands/genel/rules.py
2026-09-05 20:34:07,244 [INFO] bot: ✅ Yüklendi: commands/genel/sohbet.py
2026-09-05 20:34:07,244 [INFO] bot: ✅ Yüklendi: commands/genel/welcome.py
2026-09-05 20:34:07,244 [INFO] bot: ✅ Yüklendi: commands/moderasyon/ban.py
2026-09-05 20:34:07,245 [INFO] bot: ✅ Yüklendi: commands/moderasyon/clearwarnings.py
2026-09-05 20:34:07,245 [INFO] bot: ✅ Yüklendi: commands/moderasyon/filter_listener.py
2026-09-05 20:34:07,245 [INFO] bot: ✅ Yüklendi: commands/moderasyon/kick.py
2026-09-05 20:34:07,245 [INFO] bot: ✅ Yüklendi: commands/moderasyon/lock.py
2026-09-05 20:34:07,246 [INFO] bot: ✅ Yüklendi: commands/moderasyon/mute.py
2026-09-05 20:34:07,246 [INFO] bot: ✅ Yüklendi: commands/moderasyon/purge.py
2026-09-05 20:34:07,246 [INFO] bot: ✅ Yüklendi: commands/moderasyon/unlock.py
2026-09-05 20:34:07,246 [INFO] bot: ✅ Yüklendi: commands/moderasyon/unmute.py
2026-09-05 20:34:07,246 [INFO] bot: ✅ Yüklendi: commands/moderasyon/warn.py
2026-09-05 20:34:07,247 [INFO] bot: ✅ Yüklendi: commands/moderasyon/warnings_list.py
2026-09-05 20:34:07,247 [INFO] bot: ✅ Yüklendi: commands/sabika/criminal_record.py
2026-09-05 20:34:07,247 [WARNING] bot: ⚠️ 'setup' fonksiyonu bulunamadı, atlandı: commands/economy/ __init__.py
2026-09-05 20:34:07,249 [INFO] bot: ✅ Yüklendi: commands/economy/economy.py
2026-09-05 20:34:07,249 [INFO] bot: ✅ Yüklendi: commands/economy/inventory.py
2026-09-05 20:34:07,250 [INFO] bot: ✅ Yüklendi: commands/economy/items.py
2026-09-05 20:34:07,250 [INFO] bot: ✅ Yüklendi: commands/economy/leaderboard.py
2026-09-05 20:34:07,251 [INFO] bot: ✅ Yüklendi: commands/economy/shop.py
2026-09-05 20:34:07,251 [ERROR] bot: ❌ Komut dosyası yüklenirken hata, atlanıyor: commands/wanted/catch_wanted.py
Traceback (most recent call last):
  File "/home/container/main.py", line 129, in load_commands
    spec.loader.exec_module(module)
    ~~~~~~~~~~~~~~~~~~~~~~~^^^^^^^^
  File "<frozen importlib._bootstrap_external>", line 1023, in exec_module
  File "<frozen importlib._bootstrap>", line 488, in _call_with_frames_removed
  File "/home/container/commands/wanted/catch_wanted.py", line 4, in <module>
    from utils.unbelievaboat import add_cash
ModuleNotFoundError: No module named 'utils.unbelievaboat'
2026-09-05 20:34:07,252 [INFO] bot: ✅ Yüklendi: commands/wanted/crime_listener.py
2026-09-05 20:34:07,252 [INFO] bot: ✅ Yüklendi: commands/wanted/wanted_list.py
2026-09-05 20:34:07,252 [INFO] bot: 📦 Toplam 35 komut dosyası yüklendi, 1 dosya atlandı.
2026-09-05 20:34:07,253 [INFO] discord.client: logging in using static token
2026-09-05 20:34:08,350 [INFO] discord.gateway: Shard ID None has connected to Gateway (Session ID: 853a73e6960d5dd14bc0f585a489397a).
2026-09-05 20:34:10,387 [INFO] bot: 🤖 ankatuber's perfect bot giriş yaptı!
2026-09-05 20:34:10,733 [INFO] bot: 🔄 28 slash komut senkronize edildi!
2026-09-05 20:43:36,291 [INFO] bot: Bot normal şekilde durduruldu, yeniden başlatılmıyor.
2026-09-05 20:43:42,407 [WARNING] discord.client: PyNaCl is not installed, voice will NOT be supported
2026-09-05 20:43:42,407 [WARNING] discord.client: davey is not installed, voice will NOT be supported
2026-09-05 20:43:42,529 [INFO] bot: ✅ Yüklendi: commands/ceviri/nuke_translate.py
2026-09-05 20:43:42,530 [INFO] bot: ✅ Yüklendi: commands/ceviri/translate_all_roles.py
2026-09-05 20:43:42,530 [INFO] bot: ✅ Yüklendi: commands/ceviri/translate_role.py
2026-09-05 20:43:42,531 [INFO] bot: ✅ Yüklendi: commands/hunter_outlaw/give_award.py
2026-09-05 20:43:42,531 [INFO] bot: ✅ Yüklendi: commands/hunter_outlaw/history.py
2026-09-05 20:43:42,531 [INFO] bot: ✅ Yüklendi: commands/hunter_outlaw/hunt_request.py
2026-09-05 20:43:42,532 [INFO] bot: ✅ Yüklendi: commands/hunter_outlaw/leaderboard.py
2026-09-05 20:43:42,532 [INFO] bot: ✅ Yüklendi: commands/hunter_outlaw/proof.py
2026-09-05 20:43:42,532 [INFO] bot: ✅ Yüklendi: commands/hunter_outlaw/reset_points.py
2026-09-05 20:43:42,532 [INFO] bot: ✅ Yüklendi: commands/hunter_outlaw/reset_user_points.py
2026-09-05 20:43:42,533 [INFO] bot: ✅ Yüklendi: commands/hunter_outlaw/set_role_icon.py
2026-09-05 20:43:42,533 [INFO] bot: ✅ Yüklendi: commands/hunter_outlaw/status.py
2026-09-05 20:43:42,533 [INFO] bot: ✅ Yüklendi: commands/genel/help.py
2026-09-05 20:43:42,533 [INFO] bot: ✅ Yüklendi: commands/genel/rules.py
2026-09-05 20:43:43,180 [INFO] bot: ✅ Yüklendi: commands/genel/sohbet.py
2026-09-05 20:43:43,180 [INFO] bot: ✅ Yüklendi: commands/genel/welcome.py
2026-09-05 20:43:43,180 [INFO] bot: ✅ Yüklendi: commands/moderasyon/ban.py
2026-09-05 20:43:43,181 [INFO] bot: ✅ Yüklendi: commands/moderasyon/clearwarnings.py
2026-09-05 20:43:43,181 [INFO] bot: ✅ Yüklendi: commands/moderasyon/filter_listener.py
2026-09-05 20:43:43,181 [INFO] bot: ✅ Yüklendi: commands/moderasyon/kick.py
2026-09-05 20:43:43,181 [INFO] bot: ✅ Yüklendi: commands/moderasyon/lock.py
2026-09-05 20:43:43,182 [INFO] bot: ✅ Yüklendi: commands/moderasyon/mute.py
2026-09-05 20:43:43,182 [INFO] bot: ✅ Yüklendi: commands/moderasyon/purge.py
2026-09-05 20:43:43,182 [INFO] bot: ✅ Yüklendi: commands/moderasyon/unlock.py
2026-09-05 20:43:43,182 [INFO] bot: ✅ Yüklendi: commands/moderasyon/unmute.py
2026-09-05 20:43:43,183 [INFO] bot: ✅ Yüklendi: commands/moderasyon/warn.py
2026-09-05 20:43:43,183 [INFO] bot: ✅ Yüklendi: commands/moderasyon/warnings_list.py
2026-09-05 20:43:43,183 [INFO] bot: ✅ Yüklendi: commands/sabika/criminal_record.py
2026-09-05 20:43:43,184 [WARNING] bot: ⚠️ 'setup' fonksiyonu bulunamadı, atlandı: commands/economy/ __init__.py
2026-09-05 20:43:43,185 [INFO] bot: ✅ Yüklendi: commands/economy/economy.py
2026-09-05 20:43:43,186 [INFO] bot: ✅ Yüklendi: commands/economy/inventory.py
2026-09-05 20:43:43,186 [INFO] bot: ✅ Yüklendi: commands/economy/items.py
2026-09-05 20:43:43,187 [INFO] bot: ✅ Yüklendi: commands/economy/leaderboard.py
2026-09-05 20:43:43,187 [INFO] bot: ✅ Yüklendi: commands/economy/shop.py
2026-09-05 20:43:43,188 [ERROR] bot: ❌ Komut dosyası yüklenirken hata, atlanıyor: commands/wanted/catch_wanted.py
Traceback (most recent call last):
  File "/home/container/main.py", line 129, in load_commands
    spec.loader.exec_module(module)
    ~~~~~~~~~~~~~~~~~~~~~~~^^^^^^^^
  File "<frozen importlib._bootstrap_external>", line 1019, in exec_module
  File "<frozen importlib._bootstrap_external>", line 1157, in get_code
  File "<frozen importlib._bootstrap_external>", line 1087, in source_to_code
  File "<frozen importlib._bootstrap>", line 488, in _call_with_frames_removed
  File "/home/container/commands/wanted/catch_wanted.py", line 1
    ```python
    ^
SyntaxError: invalid syntax
2026-09-05 20:43:43,189 [INFO] bot: ✅ Yüklendi: commands/wanted/crime_listener.py
2026-09-05 20:43:43,189 [INFO] bot: ✅ Yüklendi: commands/wanted/wanted_list.py
2026-09-05 20:43:43,189 [INFO] bot: 📦 Toplam 35 komut dosyası yüklendi, 1 dosya atlandı.
2026-09-05 20:43:43,190 [INFO] discord.client: logging in using static token
2026-09-05 20:43:44,206 [INFO] discord.gateway: Shard ID None has connected to Gateway (Session ID: 5742a97e116dab34fcfb3c0dfce086f6).
2026-09-05 20:43:46,309 [INFO] bot: 🤖 ankatuber's perfect bot giriş yaptı!
2026-09-05 20:43:46,585 [INFO] bot: 🔄 28 slash komut senkronize edildi!
2026-09-05 20:44:16,040 [INFO] bot: Bot normal şekilde durduruldu, yeniden başlatılmıyor.
2026-09-05 20:44:20,866 [WARNING] discord.client: PyNaCl is not installed, voice will NOT be supported
2026-09-05 20:44:20,867 [WARNING] discord.client: davey is not installed, voice will NOT be supported
2026-09-05 20:44:20,999 [INFO] bot: ✅ Yüklendi: commands/ceviri/nuke_translate.py
2026-09-05 20:44:21,000 [INFO] bot: ✅ Yüklendi: commands/ceviri/translate_all_roles.py
2026-09-05 20:44:21,000 [INFO] bot: ✅ Yüklendi: commands/ceviri/translate_role.py
2026-09-05 20:44:21,001 [INFO] bot: ✅ Yüklendi: commands/hunter_outlaw/give_award.py
2026-09-05 20:44:21,001 [INFO] bot: ✅ Yüklendi: commands/hunter_outlaw/history.py
2026-09-05 20:44:21,001 [INFO] bot: ✅ Yüklendi: commands/hunter_outlaw/hunt_request.py
2026-09-05 20:44:21,002 [INFO] bot: ✅ Yüklendi: commands/hunter_outlaw/leaderboard.py
2026-09-05 20:44:21,002 [INFO] bot: ✅ Yüklendi: commands/hunter_outlaw/proof.py
2026-09-05 20:44:21,002 [INFO] bot: ✅ Yüklendi: commands/hunter_outlaw/reset_points.py
2026-09-05 20:44:21,002 [INFO] bot: ✅ Yüklendi: commands/hunter_outlaw/reset_user_points.py
2026-09-05 20:44:21,003 [INFO] bot: ✅ Yüklendi: commands/hunter_outlaw/set_role_icon.py
2026-09-05 20:44:21,003 [INFO] bot: ✅ Yüklendi: commands/hunter_outlaw/status.py
2026-09-05 20:44:21,003 [INFO] bot: ✅ Yüklendi: commands/genel/help.py
2026-09-05 20:44:21,003 [INFO] bot: ✅ Yüklendi: commands/genel/rules.py
2026-09-05 20:44:21,818 [INFO] bot: ✅ Yüklendi: commands/genel/sohbet.py
2026-09-05 20:44:21,818 [INFO] bot: ✅ Yüklendi: commands/genel/welcome.py
2026-09-05 20:44:21,819 [INFO] bot: ✅ Yüklendi: commands/moderasyon/ban.py
2026-09-05 20:44:21,819 [INFO] bot: ✅ Yüklendi: commands/moderasyon/clearwarnings.py
2026-09-05 20:44:21,819 [INFO] bot: ✅ Yüklendi: commands/moderasyon/filter_listener.py
2026-09-05 20:44:21,819 [INFO] bot: ✅ Yüklendi: commands/moderasyon/kick.py
2026-09-05 20:44:21,820 [INFO] bot: ✅ Yüklendi: commands/moderasyon/lock.py
2026-09-05 20:44:21,820 [INFO] bot: ✅ Yüklendi: commands/moderasyon/mute.py
2026-09-05 20:44:21,820 [INFO] bot: ✅ Yüklendi: commands/moderasyon/purge.py
2026-09-05 20:44:21,820 [INFO] bot: ✅ Yüklendi: commands/moderasyon/unlock.py
2026-09-05 20:44:21,821 [INFO] bot: ✅ Yüklendi: commands/moderasyon/unmute.py
2026-09-05 20:44:21,821 [INFO] bot: ✅ Yüklendi: commands/moderasyon/warn.py
2026-09-05 20:44:21,821 [INFO] bot: ✅ Yüklendi: commands/moderasyon/warnings_list.py
2026-09-05 20:44:21,822 [INFO] bot: ✅ Yüklendi: commands/sabika/criminal_record.py
2026-09-05 20:44:21,822 [WARNING] bot: ⚠️ 'setup' fonksiyonu bulunamadı, atlandı: commands/economy/ __init__.py
2026-09-05 20:44:21,823 [INFO] bot: ✅ Yüklendi: commands/economy/economy.py
2026-09-05 20:44:21,824 [INFO] bot: ✅ Yüklendi: commands/economy/inventory.py
2026-09-05 20:44:21,825 [INFO] bot: ✅ Yüklendi: commands/economy/items.py
2026-09-05 20:44:21,825 [INFO] bot: ✅ Yüklendi: commands/economy/leaderboard.py
2026-09-05 20:44:21,826 [INFO] bot: ✅ Yüklendi: commands/economy/shop.py
2026-09-05 20:44:21,828 [INFO] bot: ✅ Yüklendi: commands/wanted/catch_wanted.py
2026-09-05 20:44:21,829 [INFO] bot: ✅ Yüklendi: commands/wanted/crime_listener.py
2026-09-05 20:44:21,829 [INFO] bot: ✅ Yüklendi: commands/wanted/wanted_list.py
2026-09-05 20:44:21,829 [INFO] bot: 📦 Toplam 36 komut dosyası yüklendi, 0 dosya atlandı.
2026-09-05 20:44:21,830 [INFO] discord.client: logging in using static token
2026-09-05 20:44:23,162 [INFO] discord.gateway: Shard ID None has connected to Gateway (Session ID: d45b22146bfb6f901ece5c518c0f57a0).
2026-09-05 20:44:25,218 [INFO] bot: 🤖 ankatuber's perfect bot giriş yaptı!
2026-09-05 20:44:25,756 [INFO] bot: 🔄 30 slash komut senkronize edildi!
2026-09-05 21:39:55,904 [INFO] httpx2: HTTP Request: POST https://integrate.api.nvidia.com/v1/chat/completions "HTTP/1.1 200 OK"
2026-09-05 23:26:23,962 [INFO] discord.gateway: Shard ID None has successfully RESUMED session d45b22146bfb6f901ece5c518c0f57a0.
2026-09-05 23:41:59,160 [INFO] discord.gateway: Shard ID None has successfully RESUMED session d45b22146bfb6f901ece5c518c0f57a0.
2026-09-06 00:11:08,967 [ERROR] discord.client: Attempting a reconnect in 0.26s
Traceback (most recent call last):
  File "/home/container/.local/lib/python3.13/site-packages/aiohttp/connector.py", line 1571, in _create_direct_connection
    hosts = await self._resolve_host(host, port, traces=traces)
            ^^^^^^^^^^^^^^^^^^^^^^^^^^^^^^^^^^^^^^^^^^^^^^^^^^^
  File "/home/container/.local/lib/python3.13/site-packages/aiohttp/connector.py", line 1181, in _resolve_host
    return await asyncio.shield(resolved_host_task)
           ^^^^^^^^^^^^^^^^^^^^^^^^^^^^^^^^^^^^^^^^
  File "/home/container/.local/lib/python3.13/site-packages/aiohttp/connector.py", line 1212, in _resolve_host_with_throttle
    addrs = await self._resolver.resolve(host, port, family=self._family)
            ^^^^^^^^^^^^^^^^^^^^^^^^^^^^^^^^^^^^^^^^^^^^^^^^^^^^^^^^^^^^^
  File "/home/container/.local/lib/python3.13/site-packages/aiohttp/resolver.py", line 47, in resolve
    infos = await self._loop.getaddrinfo(
            ^^^^^^^^^^^^^^^^^^^^^^^^^^^^^
    ...<5 lines>...
    )
    ^
  File "/usr/local/lib/python3.13/asyncio/base_events.py", line 940, in getaddrinfo
    return await self.run_in_executor(
           ^^^^^^^^^^^^^^^^^^^^^^^^^^^
        None, getaddr_func, host, port, family, type, proto, flags)
        ^^^^^^^^^^^^^^^^^^^^^^^^^^^^^^^^^^^^^^^^^^^^^^^^^^^^^^^^^^^
  File "/usr/local/lib/python3.13/concurrent/futures/thread.py", line 59, in run
    result = self.fn(*self.args, **self.kwargs)
  File "/usr/local/lib/python3.13/socket.py", line 983, in getaddrinfo
    for res in _socket.getaddrinfo(host, port, family, type, proto, flags):
               ~~~~~~~~~~~~~~~~~~~^^^^^^^^^^^^^^^^^^^^^^^^^^^^^^^^^^^^^^^^
socket.gaierror: [Errno -3] Temporary failure in name resolution

The above exception was the direct cause of the following exception:

Traceback (most recent call last):
  File "/home/container/.local/lib/python3.13/site-packages/discord/client.py", line 728, in connect
    self.ws = await asyncio.wait_for(coro, timeout=60.0)
              ^^^^^^^^^^^^^^^^^^^^^^^^^^^^^^^^^^^^^^^^^^
  File "/usr/local/lib/python3.13/asyncio/tasks.py", line 507, in wait_for
    return await fut
           ^^^^^^^^^
  File "/home/container/.local/lib/python3.13/site-packages/discord/gateway.py", line 392, in from_client
    socket = await client.http.ws_connect(str(url))
             ^^^^^^^^^^^^^^^^^^^^^^^^^^^^^^^^^^^^^^
  File "/home/container/.local/lib/python3.13/site-packages/discord/http.py", line 571, in ws_connect
    return await self.__session.ws_connect(url, **kwargs)
           ^^^^^^^^^^^^^^^^^^^^^^^^^^^^^^^^^^^^^^^^^^^^^^
  File "/home/container/.local/lib/python3.13/site-packages/aiohttp/client.py", line 1249, in _ws_connect
    resp = await self.request(
           ^^^^^^^^^^^^^^^^^^^
    ...<11 lines>...
    )
    ^
  File "/home/container/.local/lib/python3.13/site-packages/aiohttp/client.py", line 858, in _request
    resp = await handler(req)
           ^^^^^^^^^^^^^^^^^^
  File "/home/container/.local/lib/python3.13/site-packages/aiohttp/client.py", line 812, in _connect_and_send_request
    conn = await self._connector.connect(
           ^^^^^^^^^^^^^^^^^^^^^^^^^^^^^^
        req, traces=traces, timeout=real_timeout
        ^^^^^^^^^^^^^^^^^^^^^^^^^^^^^^^^^^^^^^^^
    )
    ^
  File "/home/container/.local/lib/python3.13/site-packages/aiohttp/connector.py", line 657, in connect
    proto = await self._create_connection(req, traces, timeout)
            ^^^^^^^^^^^^^^^^^^^^^^^^^^^^^^^^^^^^^^^^^^^^^^^^^^^
  File "/home/container/.local/lib/python3.13/site-packages/aiohttp/connector.py", line 1242, in _create_connection
    _, proto = await self._create_direct_connection(req, traces, timeout)
               ^^^^^^^^^^^^^^^^^^^^^^^^^^^^^^^^^^^^^^^^^^^^^^^^^^^^^^^^^^
  File "/home/container/.local/lib/python3.13/site-packages/aiohttp/connector.py", line 1577, in _create_direct_connection
    raise ClientConnectorDNSError(req.connection_key, exc) from exc
aiohttp.client_exceptions.ClientConnectorDNSError: Cannot connect to host gateway-us-east1-d.discord.gg:443 ssl:default [Temporary failure in name resolution]
2026-09-06 00:11:49,284 [ERROR] discord.client: Attempting a reconnect in 3.86s
Traceback (most recent call last):
  File "/home/container/.local/lib/python3.13/site-packages/aiohttp/connector.py", line 1571, in _create_direct_connection
    hosts = await self._resolve_host(host, port, traces=traces)
            ^^^^^^^^^^^^^^^^^^^^^^^^^^^^^^^^^^^^^^^^^^^^^^^^^^^
  File "/home/container/.local/lib/python3.13/site-packages/aiohttp/connector.py", line 1181, in _resolve_host
    return await asyncio.shield(resolved_host_task)
           ^^^^^^^^^^^^^^^^^^^^^^^^^^^^^^^^^^^^^^^^
  File "/home/container/.local/lib/python3.13/site-packages/aiohttp/connector.py", line 1212, in _resolve_host_with_throttle
    addrs = await self._resolver.resolve(host, port, family=self._family)
            ^^^^^^^^^^^^^^^^^^^^^^^^^^^^^^^^^^^^^^^^^^^^^^^^^^^^^^^^^^^^^
  File "/home/container/.local/lib/python3.13/site-packages/aiohttp/resolver.py", line 47, in resolve
    infos = await self._loop.getaddrinfo(
            ^^^^^^^^^^^^^^^^^^^^^^^^^^^^^
    ...<5 lines>...
    )
    ^
  File "/usr/local/lib/python3.13/asyncio/base_events.py", line 940, in getaddrinfo
    return await self.run_in_executor(
           ^^^^^^^^^^^^^^^^^^^^^^^^^^^
        None, getaddr_func, host, port, family, type, proto, flags)
        ^^^^^^^^^^^^^^^^^^^^^^^^^^^^^^^^^^^^^^^^^^^^^^^^^^^^^^^^^^^
  File "/usr/local/lib/python3.13/concurrent/futures/thread.py", line 59, in run
    result = self.fn(*self.args, **self.kwargs)
  File "/usr/local/lib/python3.13/socket.py", line 983, in getaddrinfo
    for res in _socket.getaddrinfo(host, port, family, type, proto, flags):
               ~~~~~~~~~~~~~~~~~~~^^^^^^^^^^^^^^^^^^^^^^^^^^^^^^^^^^^^^^^^
socket.gaierror: [Errno -3] Temporary failure in name resolution

The above exception was the direct cause of the following exception:

Traceback (most recent call last):
  File "/home/container/.local/lib/python3.13/site-packages/discord/client.py", line 728, in connect
    self.ws = await asyncio.wait_for(coro, timeout=60.0)
              ^^^^^^^^^^^^^^^^^^^^^^^^^^^^^^^^^^^^^^^^^^
  File "/usr/local/lib/python3.13/asyncio/tasks.py", line 507, in wait_for
    return await fut
           ^^^^^^^^^
  File "/home/container/.local/lib/python3.13/site-packages/discord/gateway.py", line 392, in from_client
    socket = await client.http.ws_connect(str(url))
             ^^^^^^^^^^^^^^^^^^^^^^^^^^^^^^^^^^^^^^
  File "/home/container/.local/lib/python3.13/site-packages/discord/http.py", line 571, in ws_connect
    return await self.__session.ws_connect(url, **kwargs)
           ^^^^^^^^^^^^^^^^^^^^^^^^^^^^^^^^^^^^^^^^^^^^^^
  File "/home/container/.local/lib/python3.13/site-packages/aiohttp/client.py", line 1249, in _ws_connect
    resp = await self.request(
           ^^^^^^^^^^^^^^^^^^^
    ...<11 lines>...
    )
    ^
  File "/home/container/.local/lib/python3.13/site-packages/aiohttp/client.py", line 858, in _request
    resp = await handler(req)
           ^^^^^^^^^^^^^^^^^^
  File "/home/container/.local/lib/python3.13/site-packages/aiohttp/client.py", line 812, in _connect_and_send_request
    conn = await self._connector.connect(
           ^^^^^^^^^^^^^^^^^^^^^^^^^^^^^^
        req, traces=traces, timeout=real_timeout
        ^^^^^^^^^^^^^^^^^^^^^^^^^^^^^^^^^^^^^^^^
    )
    ^
  File "/home/container/.local/lib/python3.13/site-packages/aiohttp/connector.py", line 657, in connect
    proto = await self._create_connection(req, traces, timeout)
            ^^^^^^^^^^^^^^^^^^^^^^^^^^^^^^^^^^^^^^^^^^^^^^^^^^^
  File "/home/container/.local/lib/python3.13/site-packages/aiohttp/connector.py", line 1242, in _create_connection
    _, proto = await self._create_direct_connection(req, traces, timeout)
               ^^^^^^^^^^^^^^^^^^^^^^^^^^^^^^^^^^^^^^^^^^^^^^^^^^^^^^^^^^
  File "/home/container/.local/lib/python3.13/site-packages/aiohttp/connector.py", line 1577, in _create_direct_connection
    raise ClientConnectorDNSError(req.connection_key, exc) from exc
aiohttp.client_exceptions.ClientConnectorDNSError: Cannot connect to host gateway-us-east1-d.discord.gg:443 ssl:default [Temporary failure in name resolution]
2026-09-06 00:12:03,571 [INFO] discord.gateway: Shard ID None has successfully RESUMED session d45b22146bfb6f901ece5c518c0f57a0.
2026-09-06 00:52:15,541 [ERROR] discord.client: Attempting a reconnect in 1.15s
Traceback (most recent call last):
  File "/home/container/.local/lib/python3.13/site-packages/aiohttp/connector.py", line 1571, in _create_direct_connection
    hosts = await self._resolve_host(host, port, traces=traces)
            ^^^^^^^^^^^^^^^^^^^^^^^^^^^^^^^^^^^^^^^^^^^^^^^^^^^
  File "/home/container/.local/lib/python3.13/site-packages/aiohttp/connector.py", line 1181, in _resolve_host
    return await asyncio.shield(resolved_host_task)
           ^^^^^^^^^^^^^^^^^^^^^^^^^^^^^^^^^^^^^^^^
  File "/home/container/.local/lib/python3.13/site-packages/aiohttp/connector.py", line 1212, in _resolve_host_with_throttle
    addrs = await self._resolver.resolve(host, port, family=self._family)
            ^^^^^^^^^^^^^^^^^^^^^^^^^^^^^^^^^^^^^^^^^^^^^^^^^^^^^^^^^^^^^
  File "/home/container/.local/lib/python3.13/site-packages/aiohttp/resolver.py", line 47, in resolve
    infos = await self._loop.getaddrinfo(
            ^^^^^^^^^^^^^^^^^^^^^^^^^^^^^
    ...<5 lines>...
    )
    ^
  File "/usr/local/lib/python3.13/asyncio/base_events.py", line 940, in getaddrinfo
    return await self.run_in_executor(
           ^^^^^^^^^^^^^^^^^^^^^^^^^^^
        None, getaddr_func, host, port, family, type, proto, flags)
        ^^^^^^^^^^^^^^^^^^^^^^^^^^^^^^^^^^^^^^^^^^^^^^^^^^^^^^^^^^^
  File "/usr/local/lib/python3.13/concurrent/futures/thread.py", line 59, in run
    result = self.fn(*self.args, **self.kwargs)
  File "/usr/local/lib/python3.13/socket.py", line 983, in getaddrinfo
    for res in _socket.getaddrinfo(host, port, family, type, proto, flags):
               ~~~~~~~~~~~~~~~~~~~^^^^^^^^^^^^^^^^^^^^^^^^^^^^^^^^^^^^^^^^
socket.gaierror: [Errno -3] Temporary failure in name resolution

The above exception was the direct cause of the following exception:

Traceback (most recent call last):
  File "/home/container/.local/lib/python3.13/site-packages/discord/client.py", line 728, in connect
    self.ws = await asyncio.wait_for(coro, timeout=60.0)
              ^^^^^^^^^^^^^^^^^^^^^^^^^^^^^^^^^^^^^^^^^^
  File "/usr/local/lib/python3.13/asyncio/tasks.py", line 507, in wait_for
    return await fut
           ^^^^^^^^^
  File "/home/container/.local/lib/python3.13/site-packages/discord/gateway.py", line 392, in from_client
    socket = await client.http.ws_connect(str(url))
             ^^^^^^^^^^^^^^^^^^^^^^^^^^^^^^^^^^^^^^
  File "/home/container/.local/lib/python3.13/site-packages/discord/http.py", line 571, in ws_connect
    return await self.__session.ws_connect(url, **kwargs)
           ^^^^^^^^^^^^^^^^^^^^^^^^^^^^^^^^^^^^^^^^^^^^^^
  File "/home/container/.local/lib/python3.13/site-packages/aiohttp/client.py", line 1249, in _ws_connect
    resp = await self.request(
           ^^^^^^^^^^^^^^^^^^^
    ...<11 lines>...
    )
    ^
  File "/home/container/.local/lib/python3.13/site-packages/aiohttp/client.py", line 858, in _request
    resp = await handler(req)
           ^^^^^^^^^^^^^^^^^^
  File "/home/container/.local/lib/python3.13/site-packages/aiohttp/client.py", line 812, in _connect_and_send_request
    conn = await self._connector.connect(
           ^^^^^^^^^^^^^^^^^^^^^^^^^^^^^^
        req, traces=traces, timeout=real_timeout
        ^^^^^^^^^^^^^^^^^^^^^^^^^^^^^^^^^^^^^^^^
    )
    ^
  File "/home/container/.local/lib/python3.13/site-packages/aiohttp/connector.py", line 657, in connect
    proto = await self._create_connection(req, traces, timeout)
            ^^^^^^^^^^^^^^^^^^^^^^^^^^^^^^^^^^^^^^^^^^^^^^^^^^^
  File "/home/container/.local/lib/python3.13/site-packages/aiohttp/connector.py", line 1242, in _create_connection
    _, proto = await self._create_direct_connection(req, traces, timeout)
               ^^^^^^^^^^^^^^^^^^^^^^^^^^^^^^^^^^^^^^^^^^^^^^^^^^^^^^^^^^
  File "/home/container/.local/lib/python3.13/site-packages/aiohttp/connector.py", line 1577, in _create_direct_connection
    raise ClientConnectorDNSError(req.connection_key, exc) from exc
aiohttp.client_exceptions.ClientConnectorDNSError: Cannot connect to host gateway-us-east1-d.discord.gg:443 ssl:default [Temporary failure in name resolution]
2026-09-06 00:52:27,114 [INFO] discord.gateway: Shard ID None has successfully RESUMED session d45b22146bfb6f901ece5c518c0f57a0.
2026-09-06 00:56:42,160 [ERROR] discord.client: Attempting a reconnect in 1.72s
Traceback (most recent call last):
  File "/home/container/.local/lib/python3.13/site-packages/aiohttp/connector.py", line 1571, in _create_direct_connection
    hosts = await self._resolve_host(host, port, traces=traces)
            ^^^^^^^^^^^^^^^^^^^^^^^^^^^^^^^^^^^^^^^^^^^^^^^^^^^
  File "/home/container/.local/lib/python3.13/site-packages/aiohttp/connector.py", line 1181, in _resolve_host
    return await asyncio.shield(resolved_host_task)
           ^^^^^^^^^^^^^^^^^^^^^^^^^^^^^^^^^^^^^^^^
  File "/home/container/.local/lib/python3.13/site-packages/aiohttp/connector.py", line 1212, in _resolve_host_with_throttle
    addrs = await self._resolver.resolve(host, port, family=self._family)
            ^^^^^^^^^^^^^^^^^^^^^^^^^^^^^^^^^^^^^^^^^^^^^^^^^^^^^^^^^^^^^
  File "/home/container/.local/lib/python3.13/site-packages/aiohttp/resolver.py", line 47, in resolve
    infos = await self._loop.getaddrinfo(
            ^^^^^^^^^^^^^^^^^^^^^^^^^^^^^
    ...<5 lines>...
    )
    ^
  File "/usr/local/lib/python3.13/asyncio/base_events.py", line 940, in getaddrinfo
    return await self.run_in_executor(
           ^^^^^^^^^^^^^^^^^^^^^^^^^^^
        None, getaddr_func, host, port, family, type, proto, flags)
        ^^^^^^^^^^^^^^^^^^^^^^^^^^^^^^^^^^^^^^^^^^^^^^^^^^^^^^^^^^^
  File "/usr/local/lib/python3.13/concurrent/futures/thread.py", line 59, in run
    result = self.fn(*self.args, **self.kwargs)
  File "/usr/local/lib/python3.13/socket.py", line 983, in getaddrinfo
    for res in _socket.getaddrinfo(host, port, family, type, proto, flags):
               ~~~~~~~~~~~~~~~~~~~^^^^^^^^^^^^^^^^^^^^^^^^^^^^^^^^^^^^^^^^
socket.gaierror: [Errno -3] Temporary failure in name resolution

The above exception was the direct cause of the following exception:

Traceback (most recent call last):
  File "/home/container/.local/lib/python3.13/site-packages/discord/client.py", line 728, in connect
    self.ws = await asyncio.wait_for(coro, timeout=60.0)
              ^^^^^^^^^^^^^^^^^^^^^^^^^^^^^^^^^^^^^^^^^^
  File "/usr/local/lib/python3.13/asyncio/tasks.py", line 507, in wait_for
    return await fut
           ^^^^^^^^^
  File "/home/container/.local/lib/python3.13/site-packages/discord/gateway.py", line 392, in from_client
    socket = await client.http.ws_connect(str(url))
             ^^^^^^^^^^^^^^^^^^^^^^^^^^^^^^^^^^^^^^
  File "/home/container/.local/lib/python3.13/site-packages/discord/http.py", line 571, in ws_connect
    return await self.__session.ws_connect(url, **kwargs)
           ^^^^^^^^^^^^^^^^^^^^^^^^^^^^^^^^^^^^^^^^^^^^^^
  File "/home/container/.local/lib/python3.13/site-packages/aiohttp/client.py", line 1249, in _ws_connect
    resp = await self.request(
           ^^^^^^^^^^^^^^^^^^^
    ...<11 lines>...
    )
    ^
  File "/home/container/.local/lib/python3.13/site-packages/aiohttp/client.py", line 858, in _request
    resp = await handler(req)
           ^^^^^^^^^^^^^^^^^^
  File "/home/container/.local/lib/python3.13/site-packages/aiohttp/client.py", line 812, in _connect_and_send_request
    conn = await self._connector.connect(
           ^^^^^^^^^^^^^^^^^^^^^^^^^^^^^^
        req, traces=traces, timeout=real_timeout
        ^^^^^^^^^^^^^^^^^^^^^^^^^^^^^^^^^^^^^^^^
    )
    ^
  File "/home/container/.local/lib/python3.13/site-packages/aiohttp/connector.py", line 657, in connect
    proto = await self._create_connection(req, traces, timeout)
            ^^^^^^^^^^^^^^^^^^^^^^^^^^^^^^^^^^^^^^^^^^^^^^^^^^^
  File "/home/container/.local/lib/python3.13/site-packages/aiohttp/connector.py", line 1242, in _create_connection
    _, proto = await self._create_direct_connection(req, traces, timeout)
               ^^^^^^^^^^^^^^^^^^^^^^^^^^^^^^^^^^^^^^^^^^^^^^^^^^^^^^^^^^
  File "/home/container/.local/lib/python3.13/site-packages/aiohttp/connector.py", line 1577, in _create_direct_connection
    raise ClientConnectorDNSError(req.connection_key, exc) from exc
aiohttp.client_exceptions.ClientConnectorDNSError: Cannot connect to host gateway-us-east1-d.discord.gg:443 ssl:default [Temporary failure in name resolution]
2026-09-06 00:57:13,916 [ERROR] discord.client: Attempting a reconnect in 3.49s
Traceback (most recent call last):
  File "/home/container/.local/lib/python3.13/site-packages/aiohttp/connector.py", line 1571, in _create_direct_connection
    hosts = await self._resolve_host(host, port, traces=traces)
            ^^^^^^^^^^^^^^^^^^^^^^^^^^^^^^^^^^^^^^^^^^^^^^^^^^^
  File "/home/container/.local/lib/python3.13/site-packages/aiohttp/connector.py", line 1181, in _resolve_host
    return await asyncio.shield(resolved_host_task)
           ^^^^^^^^^^^^^^^^^^^^^^^^^^^^^^^^^^^^^^^^
  File "/home/container/.local/lib/python3.13/site-packages/aiohttp/connector.py", line 1212, in _resolve_host_with_throttle
    addrs = await self._resolver.resolve(host, port, family=self._family)
            ^^^^^^^^^^^^^^^^^^^^^^^^^^^^^^^^^^^^^^^^^^^^^^^^^^^^^^^^^^^^^
  File "/home/container/.local/lib/python3.13/site-packages/aiohttp/resolver.py", line 47, in resolve
    infos = await self._loop.getaddrinfo(
            ^^^^^^^^^^^^^^^^^^^^^^^^^^^^^
    ...<5 lines>...
    )
    ^
  File "/usr/local/lib/python3.13/asyncio/base_events.py", line 940, in getaddrinfo
    return await self.run_in_executor(
           ^^^^^^^^^^^^^^^^^^^^^^^^^^^
        None, getaddr_func, host, port, family, type, proto, flags)
        ^^^^^^^^^^^^^^^^^^^^^^^^^^^^^^^^^^^^^^^^^^^^^^^^^^^^^^^^^^^
  File "/usr/local/lib/python3.13/concurrent/futures/thread.py", line 59, in run
    result = self.fn(*self.args, **self.kwargs)
  File "/usr/local/lib/python3.13/socket.py", line 983, in getaddrinfo
    for res in _socket.getaddrinfo(host, port, family, type, proto, flags):
               ~~~~~~~~~~~~~~~~~~~^^^^^^^^^^^^^^^^^^^^^^^^^^^^^^^^^^^^^^^^
socket.gaierror: [Errno -3] Temporary failure in name resolution

The above exception was the direct cause of the following exception:

Traceback (most recent call last):
  File "/home/container/.local/lib/python3.13/site-packages/discord/client.py", line 728, in connect
    self.ws = await asyncio.wait_for(coro, timeout=60.0)
              ^^^^^^^^^^^^^^^^^^^^^^^^^^^^^^^^^^^^^^^^^^
  File "/usr/local/lib/python3.13/asyncio/tasks.py", line 507, in wait_for
    return await fut
           ^^^^^^^^^
  File "/home/container/.local/lib/python3.13/site-packages/discord/gateway.py", line 392, in from_client
    socket = await client.http.ws_connect(str(url))
             ^^^^^^^^^^^^^^^^^^^^^^^^^^^^^^^^^^^^^^
  File "/home/container/.local/lib/python3.13/site-packages/discord/http.py", line 571, in ws_connect
    return await self.__session.ws_connect(url, **kwargs)
           ^^^^^^^^^^^^^^^^^^^^^^^^^^^^^^^^^^^^^^^^^^^^^^
  File "/home/container/.local/lib/python3.13/site-packages/aiohttp/client.py", line 1249, in _ws_connect
    resp = await self.request(
           ^^^^^^^^^^^^^^^^^^^
    ...<11 lines>...
    )
    ^
  File "/home/container/.local/lib/python3.13/site-packages/aiohttp/client.py", line 858, in _request
    resp = await handler(req)
           ^^^^^^^^^^^^^^^^^^
  File "/home/container/.local/lib/python3.13/site-packages/aiohttp/client.py", line 812, in _connect_and_send_request
    conn = await self._connector.connect(
           ^^^^^^^^^^^^^^^^^^^^^^^^^^^^^^
        req, traces=traces, timeout=real_timeout
        ^^^^^^^^^^^^^^^^^^^^^^^^^^^^^^^^^^^^^^^^
    )
    ^
  File "/home/container/.local/lib/python3.13/site-packages/aiohttp/connector.py", line 657, in connect
    proto = await self._create_connection(req, traces, timeout)
            ^^^^^^^^^^^^^^^^^^^^^^^^^^^^^^^^^^^^^^^^^^^^^^^^^^^
  File "/home/container/.local/lib/python3.13/site-packages/aiohttp/connector.py", line 1242, in _create_connection
    _, proto = await self._create_direct_connection(req, traces, timeout)
               ^^^^^^^^^^^^^^^^^^^^^^^^^^^^^^^^^^^^^^^^^^^^^^^^^^^^^^^^^^
  File "/home/container/.local/lib/python3.13/site-packages/aiohttp/connector.py", line 1577, in _create_direct_connection
    raise ClientConnectorDNSError(req.connection_key, exc) from exc
aiohttp.client_exceptions.ClientConnectorDNSError: Cannot connect to host gateway-us-east1-d.discord.gg:443 ssl:default [Temporary failure in name resolution]
2026-09-06 00:57:49,679 [INFO] discord.gateway: Shard ID None has successfully RESUMED session d45b22146bfb6f901ece5c518c0f57a0.
2026-09-06 14:23:05,410 [WARNING] discord.client: PyNaCl is not installed, voice will NOT be supported
2026-09-06 14:23:05,411 [WARNING] discord.client: davey is not installed, voice will NOT be supported
2026-09-06 14:23:05,563 [INFO] bot: ✅ Yüklendi: commands/ceviri/nuke_translate.py
2026-09-06 14:23:05,564 [INFO] bot: ✅ Yüklendi: commands/ceviri/translate_all_roles.py
2026-09-06 14:23:05,565 [INFO] bot: ✅ Yüklendi: commands/ceviri/translate_role.py
2026-09-06 14:23:05,566 [INFO] bot: ✅ Yüklendi: commands/hunter_outlaw/give_award.py
2026-09-06 14:23:05,567 [INFO] bot: ✅ Yüklendi: commands/hunter_outlaw/history.py
2026-09-06 14:23:05,567 [INFO] bot: ✅ Yüklendi: commands/hunter_outlaw/hunt_request.py
2026-09-06 14:23:05,568 [INFO] bot: ✅ Yüklendi: commands/hunter_outlaw/leaderboard.py
2026-09-06 14:23:05,568 [INFO] bot: ✅ Yüklendi: commands/hunter_outlaw/proof.py
2026-09-06 14:23:05,568 [INFO] bot: ✅ Yüklendi: commands/hunter_outlaw/reset_points.py
2026-09-06 14:23:05,569 [INFO] bot: ✅ Yüklendi: commands/hunter_outlaw/reset_user_points.py
2026-09-06 14:23:05,570 [INFO] bot: ✅ Yüklendi: commands/hunter_outlaw/set_role_icon.py
2026-09-06 14:23:05,570 [INFO] bot: ✅ Yüklendi: commands/hunter_outlaw/status.py
2026-09-06 14:23:05,570 [INFO] bot: ✅ Yüklendi: commands/genel/help.py
2026-09-06 14:23:05,571 [INFO] bot: ✅ Yüklendi: commands/genel/rules.py
2026-09-06 14:23:06,552 [INFO] bot: ✅ Yüklendi: commands/genel/sohbet.py
2026-09-06 14:23:06,552 [INFO] bot: ✅ Yüklendi: commands/genel/welcome.py
2026-09-06 14:23:06,553 [INFO] bot: ✅ Yüklendi: commands/moderasyon/ban.py
2026-09-06 14:23:06,554 [INFO] bot: ✅ Yüklendi: commands/moderasyon/clearwarnings.py
2026-09-06 14:23:06,554 [INFO] bot: ✅ Yüklendi: commands/moderasyon/filter_listener.py
2026-09-06 14:23:06,555 [INFO] bot: ✅ Yüklendi: commands/moderasyon/kick.py
2026-09-06 14:23:06,555 [INFO] bot: ✅ Yüklendi: commands/moderasyon/lock.py
2026-09-06 14:23:06,555 [INFO] bot: ✅ Yüklendi: commands/moderasyon/mute.py
2026-09-06 14:23:06,556 [INFO] bot: ✅ Yüklendi: commands/moderasyon/purge.py
2026-09-06 14:23:06,556 [INFO] bot: ✅ Yüklendi: commands/moderasyon/unlock.py
2026-09-06 14:23:06,557 [INFO] bot: ✅ Yüklendi: commands/moderasyon/unmute.py
2026-09-06 14:23:06,557 [INFO] bot: ✅ Yüklendi: commands/moderasyon/warn.py
2026-09-06 14:23:06,558 [INFO] bot: ✅ Yüklendi: commands/moderasyon/warnings_list.py
2026-09-06 14:23:06,558 [INFO] bot: ✅ Yüklendi: commands/sabika/criminal_record.py
2026-09-06 14:23:06,559 [WARNING] bot: ⚠️ 'setup' fonksiyonu bulunamadı, atlandı: commands/economy/ __init__.py
2026-09-06 14:23:06,561 [INFO] bot: ✅ Yüklendi: commands/economy/economy.py
2026-09-06 14:23:06,562 [INFO] bot: ✅ Yüklendi: commands/economy/inventory.py
2026-09-06 14:23:06,563 [INFO] bot: ✅ Yüklendi: commands/economy/items.py
2026-09-06 14:23:06,563 [INFO] bot: ✅ Yüklendi: commands/economy/leaderboard.py
2026-09-06 14:23:06,564 [INFO] bot: ✅ Yüklendi: commands/economy/shop.py
2026-09-06 14:23:06,567 [INFO] bot: ✅ Yüklendi: commands/wanted/catch_wanted.py
2026-09-06 14:23:06,568 [INFO] bot: ✅ Yüklendi: commands/wanted/crime_listener.py
2026-09-06 14:23:06,568 [INFO] bot: ✅ Yüklendi: commands/wanted/wanted_list.py
2026-09-06 14:23:06,568 [INFO] bot: 📦 Toplam 36 komut dosyası yüklendi, 0 dosya atlandı.
2026-09-06 14:23:06,569 [INFO] discord.client: logging in using static token
2026-09-06 14:23:07,632 [INFO] discord.gateway: Shard ID None has connected to Gateway (Session ID: 2cc41fca0229f74daaa692335dfd1450).
2026-09-06 14:23:09,679 [INFO] bot: 🤖 ankatuber's perfect bot giriş yaptı!
2026-09-06 14:23:09,944 [INFO] bot: 🔄 30 slash komut senkronize edildi!
2026-09-06 14:40:26,217 [WARNING] discord.client: PyNaCl is not installed, voice will NOT be supported
2026-09-06 14:40:26,217 [WARNING] discord.client: davey is not installed, voice will NOT be supported
2026-09-06 14:40:26,350 [INFO] bot: ✅ Yüklendi: commands/ceviri/nuke_translate.py
2026-09-06 14:40:26,350 [INFO] bot: ✅ Yüklendi: commands/ceviri/translate_all_roles.py
2026-09-06 14:40:26,350 [INFO] bot: ✅ Yüklendi: commands/ceviri/translate_role.py
2026-09-06 14:40:26,351 [INFO] bot: ✅ Yüklendi: commands/hunter_outlaw/give_award.py
2026-09-06 14:40:26,351 [INFO] bot: ✅ Yüklendi: commands/hunter_outlaw/history.py
2026-09-06 14:40:26,352 [INFO] bot: ✅ Yüklendi: commands/hunter_outlaw/hunt_request.py
2026-09-06 14:40:26,352 [INFO] bot: ✅ Yüklendi: commands/hunter_outlaw/leaderboard.py
2026-09-06 14:40:26,352 [INFO] bot: ✅ Yüklendi: commands/hunter_outlaw/proof.py
2026-09-06 14:40:26,352 [INFO] bot: ✅ Yüklendi: commands/hunter_outlaw/reset_points.py
2026-09-06 14:40:26,352 [INFO] bot: ✅ Yüklendi: commands/hunter_outlaw/reset_user_points.py
2026-09-06 14:40:26,353 [INFO] bot: ✅ Yüklendi: commands/hunter_outlaw/set_role_icon.py
2026-09-06 14:40:26,353 [INFO] bot: ✅ Yüklendi: commands/hunter_outlaw/status.py
2026-09-06 14:40:26,353 [INFO] bot: ✅ Yüklendi: commands/genel/help.py
2026-09-06 14:40:26,354 [INFO] bot: ✅ Yüklendi: commands/genel/rules.py
2026-09-06 14:40:27,085 [INFO] bot: ✅ Yüklendi: commands/genel/sohbet.py
2026-09-06 14:40:27,085 [INFO] bot: ✅ Yüklendi: commands/genel/welcome.py
2026-09-06 14:40:27,086 [INFO] bot: ✅ Yüklendi: commands/moderasyon/ban.py
2026-09-06 14:40:27,086 [INFO] bot: ✅ Yüklendi: commands/moderasyon/clearwarnings.py
2026-09-06 14:40:27,087 [INFO] bot: ✅ Yüklendi: commands/moderasyon/filter_listener.py
2026-09-06 14:40:27,087 [INFO] bot: ✅ Yüklendi: commands/moderasyon/kick.py
2026-09-06 14:40:27,087 [INFO] bot: ✅ Yüklendi: commands/moderasyon/lock.py
2026-09-06 14:40:27,088 [INFO] bot: ✅ Yüklendi: commands/moderasyon/mute.py
2026-09-06 14:40:27,088 [INFO] bot: ✅ Yüklendi: commands/moderasyon/purge.py
2026-09-06 14:40:27,089 [INFO] bot: ✅ Yüklendi: commands/moderasyon/unlock.py
2026-09-06 14:40:27,089 [INFO] bot: ✅ Yüklendi: commands/moderasyon/unmute.py
2026-09-06 14:40:27,089 [INFO] bot: ✅ Yüklendi: commands/moderasyon/warn.py
2026-09-06 14:40:27,090 [INFO] bot: ✅ Yüklendi: commands/moderasyon/warnings_list.py
2026-09-06 14:40:27,090 [INFO] bot: ✅ Yüklendi: commands/sabika/criminal_record.py
2026-09-06 14:40:27,090 [WARNING] bot: ⚠️ 'setup' fonksiyonu bulunamadı, atlandı: commands/economy/ __init__.py
2026-09-06 14:40:27,092 [INFO] bot: ✅ Yüklendi: commands/economy/economy.py
2026-09-06 14:40:27,093 [INFO] bot: ✅ Yüklendi: commands/economy/inventory.py
2026-09-06 14:40:27,094 [INFO] bot: ✅ Yüklendi: commands/economy/items.py
2026-09-06 14:40:27,094 [INFO] bot: ✅ Yüklendi: commands/economy/leaderboard.py
2026-09-06 14:40:27,095 [INFO] bot: ✅ Yüklendi: commands/economy/shop.py
2026-09-06 14:40:27,096 [INFO] bot: ✅ Yüklendi: commands/wanted/catch_wanted.py
2026-09-06 14:40:27,096 [INFO] bot: ✅ Yüklendi: commands/wanted/crime_listener.py
2026-09-06 14:40:27,096 [INFO] bot: ✅ Yüklendi: commands/wanted/wanted_list.py
2026-09-06 14:40:27,096 [INFO] bot: 📦 Toplam 36 komut dosyası yüklendi, 0 dosya atlandı.
2026-09-06 14:40:27,097 [INFO] discord.client: logging in using static token
2026-09-06 14:40:28,379 [INFO] discord.gateway: Shard ID None has connected to Gateway (Session ID: 8172593d39effc682c3eae69a8eab6ba).
2026-09-06 14:40:30,421 [INFO] bot: 🤖 ankatuber's perfect bot giriş yaptı!
2026-09-06 14:40:30,750 [INFO] bot: 🔄 30 slash komut senkronize edildi!
2026-09-06 15:13:05,102 [INFO] discord.gateway: Shard ID None has successfully RESUMED session 8172593d39effc682c3eae69a8eab6ba.
2026-09-06 15:27:36,464 [WARNING] discord.client: PyNaCl is not installed, voice will NOT be supported
2026-09-06 15:27:36,464 [WARNING] discord.client: davey is not installed, voice will NOT be supported
2026-09-06 15:27:36,595 [INFO] bot: ✅ Yüklendi: commands/ceviri/nuke_translate.py
2026-09-06 15:27:36,596 [INFO] bot: ✅ Yüklendi: commands/ceviri/translate_all_roles.py
2026-09-06 15:27:36,596 [INFO] bot: ✅ Yüklendi: commands/ceviri/translate_role.py
2026-09-06 15:27:36,597 [INFO] bot: ✅ Yüklendi: commands/hunter_outlaw/give_award.py
2026-09-06 15:27:36,597 [INFO] bot: ✅ Yüklendi: commands/hunter_outlaw/history.py
2026-09-06 15:27:36,598 [INFO] bot: ✅ Yüklendi: commands/hunter_outlaw/hunt_request.py
2026-09-06 15:27:36,598 [INFO] bot: ✅ Yüklendi: commands/hunter_outlaw/leaderboard.py
2026-09-06 15:27:36,598 [INFO] bot: ✅ Yüklendi: commands/hunter_outlaw/proof.py
2026-09-06 15:27:36,598 [INFO] bot: ✅ Yüklendi: commands/hunter_outlaw/reset_points.py
2026-09-06 15:27:36,598 [INFO] bot: ✅ Yüklendi: commands/hunter_outlaw/reset_user_points.py
2026-09-06 15:27:36,599 [INFO] bot: ✅ Yüklendi: commands/hunter_outlaw/set_role_icon.py
2026-09-06 15:27:36,599 [INFO] bot: ✅ Yüklendi: commands/hunter_outlaw/status.py
2026-09-06 15:27:36,599 [INFO] bot: ✅ Yüklendi: commands/genel/help.py
2026-09-06 15:27:36,599 [INFO] bot: ✅ Yüklendi: commands/genel/rules.py
2026-09-06 15:27:37,430 [INFO] bot: ✅ Yüklendi: commands/genel/sohbet.py
2026-09-06 15:27:37,431 [INFO] bot: ✅ Yüklendi: commands/genel/welcome.py
2026-09-06 15:27:37,431 [INFO] bot: ✅ Yüklendi: commands/moderasyon/ban.py
2026-09-06 15:27:37,432 [INFO] bot: ✅ Yüklendi: commands/moderasyon/clearwarnings.py
2026-09-06 15:27:37,432 [INFO] bot: ✅ Yüklendi: commands/moderasyon/filter_listener.py
2026-09-06 15:27:37,432 [INFO] bot: ✅ Yüklendi: commands/moderasyon/kick.py
2026-09-06 15:27:37,432 [INFO] bot: ✅ Yüklendi: commands/moderasyon/lock.py
2026-09-06 15:27:37,433 [INFO] bot: ✅ Yüklendi: commands/moderasyon/mute.py
2026-09-06 15:27:37,433 [INFO] bot: ✅ Yüklendi: commands/moderasyon/purge.py
2026-09-06 15:27:37,433 [INFO] bot: ✅ Yüklendi: commands/moderasyon/unlock.py
2026-09-06 15:27:37,433 [INFO] bot: ✅ Yüklendi: commands/moderasyon/unmute.py
2026-09-06 15:27:37,433 [INFO] bot: ✅ Yüklendi: commands/moderasyon/warn.py
2026-09-06 15:27:37,434 [INFO] bot: ✅ Yüklendi: commands/moderasyon/warnings_list.py
2026-09-06 15:27:37,434 [INFO] bot: ✅ Yüklendi: commands/sabika/criminal_record.py
2026-09-06 15:27:37,434 [WARNING] bot: ⚠️ 'setup' fonksiyonu bulunamadı, atlandı: commands/economy/ __init__.py
2026-09-06 15:27:37,436 [INFO] bot: ✅ Yüklendi: commands/economy/economy.py
2026-09-06 15:27:37,436 [INFO] bot: ✅ Yüklendi: commands/economy/inventory.py
2026-09-06 15:27:37,437 [INFO] bot: ✅ Yüklendi: commands/economy/items.py
2026-09-06 15:27:37,437 [INFO] bot: ✅ Yüklendi: commands/economy/leaderboard.py
2026-09-06 15:27:37,438 [INFO] bot: ✅ Yüklendi: commands/economy/shop.py
2026-09-06 15:27:37,439 [INFO] bot: ✅ Yüklendi: commands/wanted/catch_wanted.py
2026-09-06 15:27:37,439 [INFO] bot: ✅ Yüklendi: commands/wanted/crime_listener.py
2026-09-06 15:27:37,440 [INFO] bot: ✅ Yüklendi: commands/wanted/wanted_list.py
2026-09-06 15:27:37,440 [INFO] bot: 📦 Toplam 36 komut dosyası yüklendi, 0 dosya atlandı.
2026-09-06 15:27:37,440 [INFO] discord.client: logging in using static token
2026-09-06 15:27:38,832 [INFO] discord.gateway: Shard ID None has connected to Gateway (Session ID: bfbaa88424cec01aafef42844e702a0d).
2026-09-06 15:27:40,932 [INFO] bot: 🤖 ankatuber's perfect bot giriş yaptı!
2026-09-06 15:27:41,364 [INFO] bot: 🔄 30 slash komut senkronize edildi!
2026-09-06 15:29:32,840 [INFO] bot: Bot normal şekilde durduruldu, yeniden başlatılmıyor.
2026-09-06 15:29:37,475 [WARNING] discord.client: PyNaCl is not installed, voice will NOT be supported
2026-09-06 15:29:37,475 [WARNING] discord.client: davey is not installed, voice will NOT be supported
2026-09-06 15:29:37,589 [INFO] bot: ✅ Yüklendi: commands/ceviri/nuke_translate.py
2026-09-06 15:29:37,589 [INFO] bot: ✅ Yüklendi: commands/ceviri/translate_all_roles.py
2026-09-06 15:29:37,590 [INFO] bot: ✅ Yüklendi: commands/ceviri/translate_role.py
2026-09-06 15:29:37,590 [INFO] bot: ✅ Yüklendi: commands/hunter_outlaw/give_award.py
2026-09-06 15:29:37,591 [INFO] bot: ✅ Yüklendi: commands/hunter_outlaw/history.py
2026-09-06 15:29:37,591 [INFO] bot: ✅ Yüklendi: commands/hunter_outlaw/hunt_request.py
2026-09-06 15:29:37,591 [INFO] bot: ✅ Yüklendi: commands/hunter_outlaw/leaderboard.py
2026-09-06 15:29:37,592 [INFO] bot: ✅ Yüklendi: commands/hunter_outlaw/proof.py
2026-09-06 15:29:37,592 [INFO] bot: ✅ Yüklendi: commands/hunter_outlaw/reset_points.py
2026-09-06 15:29:37,592 [INFO] bot: ✅ Yüklendi: commands/hunter_outlaw/reset_user_points.py
2026-09-06 15:29:37,593 [INFO] bot: ✅ Yüklendi: commands/hunter_outlaw/set_role_icon.py
2026-09-06 15:29:37,593 [INFO] bot: ✅ Yüklendi: commands/hunter_outlaw/status.py
2026-09-06 15:29:37,593 [INFO] bot: ✅ Yüklendi: commands/genel/help.py
2026-09-06 15:29:37,593 [INFO] bot: ✅ Yüklendi: commands/genel/rules.py
2026-09-06 15:29:38,275 [INFO] bot: ✅ Yüklendi: commands/genel/sohbet.py
2026-09-06 15:29:38,275 [INFO] bot: ✅ Yüklendi: commands/genel/welcome.py
2026-09-06 15:29:38,276 [INFO] bot: ✅ Yüklendi: commands/moderasyon/ban.py
2026-09-06 15:29:38,276 [INFO] bot: ✅ Yüklendi: commands/moderasyon/clearwarnings.py
2026-09-06 15:29:38,276 [INFO] bot: ✅ Yüklendi: commands/moderasyon/filter_listener.py
2026-09-06 15:29:38,276 [INFO] bot: ✅ Yüklendi: commands/moderasyon/kick.py
2026-09-06 15:29:38,277 [INFO] bot: ✅ Yüklendi: commands/moderasyon/lock.py
2026-09-06 15:29:38,277 [INFO] bot: ✅ Yüklendi: commands/moderasyon/mute.py
2026-09-06 15:29:38,277 [INFO] bot: ✅ Yüklendi: commands/moderasyon/purge.py
2026-09-06 15:29:38,277 [INFO] bot: ✅ Yüklendi: commands/moderasyon/unlock.py
2026-09-06 15:29:38,278 [INFO] bot: ✅ Yüklendi: commands/moderasyon/unmute.py
2026-09-06 15:29:38,278 [INFO] bot: ✅ Yüklendi: commands/moderasyon/warn.py
2026-09-06 15:29:38,278 [INFO] bot: ✅ Yüklendi: commands/moderasyon/warnings_list.py
2026-09-06 15:29:38,278 [INFO] bot: ✅ Yüklendi: commands/sabika/criminal_record.py
2026-09-06 15:29:38,279 [INFO] bot: ✅ Yüklendi: commands/economy/ __init__.py
2026-09-06 15:29:38,280 [INFO] bot: ✅ Yüklendi: commands/economy/economy.py
2026-09-06 15:29:38,281 [INFO] bot: ✅ Yüklendi: commands/economy/inventory.py
2026-09-06 15:29:38,281 [INFO] bot: ✅ Yüklendi: commands/economy/items.py
2026-09-06 15:29:38,282 [INFO] bot: ✅ Yüklendi: commands/economy/leaderboard.py
2026-09-06 15:29:38,282 [INFO] bot: ✅ Yüklendi: commands/economy/shop.py
2026-09-06 15:29:38,283 [INFO] bot: ✅ Yüklendi: commands/wanted/catch_wanted.py
2026-09-06 15:29:38,283 [INFO] bot: ✅ Yüklendi: commands/wanted/crime_listener.py
2026-09-06 15:29:38,283 [INFO] bot: ✅ Yüklendi: commands/wanted/wanted_list.py
2026-09-06 15:29:38,283 [INFO] bot: 📦 Toplam 37 komut dosyası yüklendi, 0 dosya atlandı.
2026-09-06 15:29:38,283 [INFO] discord.client: logging in using static token
2026-09-06 15:29:39,527 [INFO] discord.gateway: Shard ID None has connected to Gateway (Session ID: 75b25c98428e01a7de42fef5da831080).
2026-09-06 15:29:41,571 [INFO] bot: 🤖 ankatuber's perfect bot giriş yaptı!
2026-09-06 15:29:41,889 [INFO] bot: 🔄 30 slash komut senkronize edildi!
2026-09-06 15:43:31,552 [INFO] discord.gateway: Shard ID None session has been invalidated.
2026-09-06 15:43:37,361 [INFO] discord.gateway: Shard ID None session has been invalidated.
2026-09-06 15:43:43,267 [INFO] discord.gateway: Shard ID None session has been invalidated.
2026-09-06 15:43:49,164 [INFO] discord.gateway: Shard ID None session has been invalidated.
2026-09-06 15:43:54,731 [ERROR] bot: 💥 Bot beklenmedik şekilde kapandı (deneme 1/10). 5 saniye sonra yeniden başlatılacak.
Traceback (most recent call last):
  File "/home/container/main.py", line 167, in run_bot
    bot.run(config["token"], log_handler=None)
    ~~~~~~~^^^^^^^^^^^^^^^^^^^^^^^^^^^^^^^^^^^
  File "/home/container/.local/lib/python3.13/site-packages/discord/client.py", line 933, in run
    asyncio.run(runner())
    ~~~~~~~~~~~^^^^^^^^^^
  File "/usr/local/lib/python3.13/asyncio/runners.py", line 196, in run
    return runner.run(main)
           ~~~~~~~~~~^^^^^^
  File "/usr/local/lib/python3.13/asyncio/runners.py", line 119, in run
    return self._loop.run_until_complete(task)
           ~~~~~~~~~~~~~~~~~~~~~~~~~~~~~^^^^^^
  File "/usr/local/lib/python3.13/asyncio/base_events.py", line 726, in run_until_complete
    return future.result()
           ~~~~~~~~~~~~~^^
  File "/home/container/.local/lib/python3.13/site-packages/discord/client.py", line 922, in runner
    await self.start(token, reconnect=reconnect)
  File "/home/container/.local/lib/python3.13/site-packages/discord/client.py", line 851, in start
    await self.connect(reconnect=reconnect)
  File "/home/container/.local/lib/python3.13/site-packages/discord/client.py", line 731, in connect
    await self.ws.poll_event()
  File "/home/container/.local/lib/python3.13/site-packages/discord/gateway.py", line 668, in poll_event
    raise ConnectionClosed(self.socket, shard_id=self.shard_id, code=code) from None
discord.errors.ConnectionClosed: Shard ID None WebSocket closed with 4004
2026-09-06 15:43:59,738 [INFO] bot: ✅ Yüklendi: commands/ceviri/nuke_translate.py
2026-09-06 15:43:59,738 [INFO] bot: ✅ Yüklendi: commands/ceviri/translate_all_roles.py
2026-09-06 15:43:59,740 [INFO] bot: ✅ Yüklendi: commands/ceviri/translate_role.py
2026-09-06 15:43:59,741 [INFO] bot: ✅ Yüklendi: commands/hunter_outlaw/give_award.py
2026-09-06 15:43:59,741 [INFO] bot: ✅ Yüklendi: commands/hunter_outlaw/history.py
2026-09-06 15:43:59,742 [INFO] bot: ✅ Yüklendi: commands/hunter_outlaw/hunt_request.py
2026-09-06 15:43:59,742 [INFO] bot: ✅ Yüklendi: commands/hunter_outlaw/leaderboard.py
2026-09-06 15:43:59,743 [INFO] bot: ✅ Yüklendi: commands/hunter_outlaw/proof.py
2026-09-06 15:43:59,743 [INFO] bot: ✅ Yüklendi: commands/hunter_outlaw/reset_points.py
2026-09-06 15:43:59,744 [INFO] bot: ✅ Yüklendi: commands/hunter_outlaw/reset_user_points.py
2026-09-06 15:43:59,744 [INFO] bot: ✅ Yüklendi: commands/hunter_outlaw/set_role_icon.py
2026-09-06 15:43:59,745 [INFO] bot: ✅ Yüklendi: commands/hunter_outlaw/status.py
2026-09-06 15:43:59,745 [INFO] bot: ✅ Yüklendi: commands/genel/help.py
2026-09-06 15:43:59,746 [INFO] bot: ✅ Yüklendi: commands/genel/rules.py
2026-09-06 15:43:59,746 [INFO] bot: ✅ Yüklendi: commands/genel/sohbet.py
2026-09-06 15:43:59,746 [INFO] bot: ✅ Yüklendi: commands/genel/welcome.py
2026-09-06 15:43:59,747 [INFO] bot: ✅ Yüklendi: commands/moderasyon/ban.py
2026-09-06 15:43:59,747 [INFO] bot: ✅ Yüklendi: commands/moderasyon/clearwarnings.py
2026-09-06 15:43:59,747 [INFO] bot: ✅ Yüklendi: commands/moderasyon/filter_listener.py
2026-09-06 15:43:59,748 [INFO] bot: ✅ Yüklendi: commands/moderasyon/kick.py
2026-09-06 15:43:59,748 [INFO] bot: ✅ Yüklendi: commands/moderasyon/lock.py
2026-09-06 15:43:59,748 [INFO] bot: ✅ Yüklendi: commands/moderasyon/mute.py
2026-09-06 15:43:59,749 [INFO] bot: ✅ Yüklendi: commands/moderasyon/purge.py
2026-09-06 15:43:59,749 [INFO] bot: ✅ Yüklendi: commands/moderasyon/unlock.py
2026-09-06 15:43:59,749 [INFO] bot: ✅ Yüklendi: commands/moderasyon/unmute.py
2026-09-06 15:43:59,750 [INFO] bot: ✅ Yüklendi: commands/moderasyon/warn.py
2026-09-06 15:43:59,750 [INFO] bot: ✅ Yüklendi: commands/moderasyon/warnings_list.py
2026-09-06 15:43:59,750 [INFO] bot: ✅ Yüklendi: commands/sabika/criminal_record.py
2026-09-06 15:43:59,751 [INFO] bot: ✅ Yüklendi: commands/economy/ __init__.py
2026-09-06 15:43:59,753 [INFO] bot: ✅ Yüklendi: commands/economy/economy.py
2026-09-06 15:43:59,754 [INFO] bot: ✅ Yüklendi: commands/economy/inventory.py
2026-09-06 15:43:59,755 [INFO] bot: ✅ Yüklendi: commands/economy/items.py
2026-09-06 15:43:59,756 [INFO] bot: ✅ Yüklendi: commands/economy/leaderboard.py
2026-09-06 15:43:59,756 [INFO] bot: ✅ Yüklendi: commands/economy/shop.py
2026-09-06 15:43:59,757 [INFO] bot: ✅ Yüklendi: commands/wanted/catch_wanted.py
2026-09-06 15:43:59,758 [INFO] bot: ✅ Yüklendi: commands/wanted/crime_listener.py
2026-09-06 15:43:59,758 [INFO] bot: ✅ Yüklendi: commands/wanted/wanted_list.py
2026-09-06 15:43:59,758 [INFO] bot: 📦 Toplam 37 komut dosyası yüklendi, 0 dosya atlandı.
2026-09-06 15:43:59,759 [INFO] discord.client: logging in using static token
2026-09-06 15:44:00,034 [CRITICAL] bot: ❌ Geçersiz token! config.json içindeki 'token' değerini kontrol et. Bot durduruluyor.
2026-09-06 15:44:05,330 [WARNING] discord.client: PyNaCl is not installed, voice will NOT be supported
2026-09-06 15:44:05,330 [WARNING] discord.client: davey is not installed, voice will NOT be supported
2026-09-06 15:44:05,500 [INFO] bot: ✅ Yüklendi: commands/ceviri/nuke_translate.py
2026-09-06 15:44:05,501 [INFO] bot: ✅ Yüklendi: commands/ceviri/translate_all_roles.py
2026-09-06 15:44:05,501 [INFO] bot: ✅ Yüklendi: commands/ceviri/translate_role.py
2026-09-06 15:44:05,502 [INFO] bot: ✅ Yüklendi: commands/hunter_outlaw/give_award.py
2026-09-06 15:44:05,503 [INFO] bot: ✅ Yüklendi: commands/hunter_outlaw/history.py
2026-09-06 15:44:05,503 [INFO] bot: ✅ Yüklendi: commands/hunter_outlaw/hunt_request.py
2026-09-06 15:44:05,504 [INFO] bot: ✅ Yüklendi: commands/hunter_outlaw/leaderboard.py
2026-09-06 15:44:05,504 [INFO] bot: ✅ Yüklendi: commands/hunter_outlaw/proof.py
2026-09-06 15:44:05,504 [INFO] bot: ✅ Yüklendi: commands/hunter_outlaw/reset_points.py
2026-09-06 15:44:05,504 [INFO] bot: ✅ Yüklendi: commands/hunter_outlaw/reset_user_points.py
2026-09-06 15:44:05,505 [INFO] bot: ✅ Yüklendi: commands/hunter_outlaw/set_role_icon.py
2026-09-06 15:44:05,505 [INFO] bot: ✅ Yüklendi: commands/hunter_outlaw/status.py
2026-09-06 15:44:05,506 [INFO] bot: ✅ Yüklendi: commands/genel/help.py
2026-09-06 15:44:05,506 [INFO] bot: ✅ Yüklendi: commands/genel/rules.py
2026-09-06 15:44:06,353 [INFO] bot: ✅ Yüklendi: commands/genel/sohbet.py
2026-09-06 15:44:06,353 [INFO] bot: ✅ Yüklendi: commands/genel/welcome.py
2026-09-06 15:44:06,354 [INFO] bot: ✅ Yüklendi: commands/moderasyon/ban.py
2026-09-06 15:44:06,354 [INFO] bot: ✅ Yüklendi: commands/moderasyon/clearwarnings.py
2026-09-06 15:44:06,354 [INFO] bot: ✅ Yüklendi: commands/moderasyon/filter_listener.py
2026-09-06 15:44:06,354 [INFO] bot: ✅ Yüklendi: commands/moderasyon/kick.py
2026-09-06 15:44:06,355 [INFO] bot: ✅ Yüklendi: commands/moderasyon/lock.py
2026-09-06 15:44:06,355 [INFO] bot: ✅ Yüklendi: commands/moderasyon/mute.py
2026-09-06 15:44:06,355 [INFO] bot: ✅ Yüklendi: commands/moderasyon/purge.py
2026-09-06 15:44:06,355 [INFO] bot: ✅ Yüklendi: commands/moderasyon/unlock.py
2026-09-06 15:44:06,356 [INFO] bot: ✅ Yüklendi: commands/moderasyon/unmute.py
2026-09-06 15:44:06,356 [INFO] bot: ✅ Yüklendi: commands/moderasyon/warn.py
2026-09-06 15:44:06,356 [INFO] bot: ✅ Yüklendi: commands/moderasyon/warnings_list.py
2026-09-06 15:44:06,356 [INFO] bot: ✅ Yüklendi: commands/sabika/criminal_record.py
2026-09-06 15:44:06,357 [INFO] bot: ✅ Yüklendi: commands/economy/ __init__.py
2026-09-06 15:44:06,358 [INFO] bot: ✅ Yüklendi: commands/economy/economy.py
2026-09-06 15:44:06,358 [INFO] bot: ✅ Yüklendi: commands/economy/inventory.py
2026-09-06 15:44:06,359 [INFO] bot: ✅ Yüklendi: commands/economy/items.py
2026-09-06 15:44:06,359 [INFO] bot: ✅ Yüklendi: commands/economy/leaderboard.py
2026-09-06 15:44:06,360 [INFO] bot: ✅ Yüklendi: commands/economy/shop.py
2026-09-06 15:44:06,360 [INFO] bot: ✅ Yüklendi: commands/wanted/catch_wanted.py
2026-09-06 15:44:06,361 [INFO] bot: ✅ Yüklendi: commands/wanted/crime_listener.py
2026-09-06 15:44:06,361 [INFO] bot: ✅ Yüklendi: commands/wanted/wanted_list.py
2026-09-06 15:44:06,361 [INFO] bot: 📦 Toplam 37 komut dosyası yüklendi, 0 dosya atlandı.
2026-09-06 15:44:06,361 [INFO] discord.client: logging in using static token
2026-09-06 15:44:06,652 [CRITICAL] bot: ❌ Geçersiz token! config.json içindeki 'token' değerini kontrol et. Bot durduruluyor.
2026-09-06 15:05:54,065 [WARNING] discord.client: PyNaCl is not installed, voice will NOT be supported
2026-09-06 15:05:54,065 [WARNING] discord.client: davey is not installed, voice will NOT be supported
2026-09-06 15:05:54,067 [INFO] bot: ✅ Yüklendi: commands/genel/help.py
2026-09-06 15:05:54,068 [INFO] bot: ✅ Yüklendi: commands/genel/rules.py
2026-09-06 15:05:54,862 [INFO] bot: ✅ Yüklendi: commands/genel/sohbet.py
2026-09-06 15:05:54,863 [INFO] bot: ✅ Yüklendi: commands/genel/welcome.py
2026-09-06 15:05:54,864 [INFO] bot: ✅ Yüklendi: commands/sabika/criminal_record.py
2026-09-06 15:05:54,867 [INFO] bot: ✅ Yüklendi: commands/moderasyon/ban.py
2026-09-06 15:05:54,868 [INFO] bot: ✅ Yüklendi: commands/moderasyon/clearwarnings.py
2026-09-06 15:05:54,869 [INFO] bot: ✅ Yüklendi: commands/moderasyon/filter_listener.py
2026-09-06 15:05:54,870 [INFO] bot: ✅ Yüklendi: commands/moderasyon/kick.py
2026-09-06 15:05:54,872 [INFO] bot: ✅ Yüklendi: commands/moderasyon/lock.py
2026-09-06 15:05:54,873 [INFO] bot: ✅ Yüklendi: commands/moderasyon/mute.py
2026-09-06 15:05:54,874 [INFO] bot: ✅ Yüklendi: commands/moderasyon/purge.py
2026-09-06 15:05:54,874 [INFO] bot: ✅ Yüklendi: commands/moderasyon/unlock.py
2026-09-06 15:05:54,875 [INFO] bot: ✅ Yüklendi: commands/moderasyon/unmute.py
2026-09-06 15:05:54,876 [INFO] bot: ✅ Yüklendi: commands/moderasyon/warn.py
2026-09-06 15:05:54,877 [INFO] bot: ✅ Yüklendi: commands/moderasyon/warnings_list.py
2026-09-06 15:05:54,951 [INFO] bot: ✅ Yüklendi: commands/ceviri/nuke_translate.py
2026-09-06 15:05:54,952 [INFO] bot: ✅ Yüklendi: commands/ceviri/translate_all_roles.py
2026-09-06 15:05:54,953 [INFO] bot: ✅ Yüklendi: commands/ceviri/translate_role.py
2026-09-06 15:05:54,953 [INFO] bot: ✅ Yüklendi: commands/economy/ __init__.py
2026-09-06 15:05:54,965 [INFO] bot: ✅ Yüklendi: commands/economy/economy.py
2026-09-06 15:05:54,966 [INFO] bot: ✅ Yüklendi: commands/economy/inventory.py
2026-09-06 15:05:54,968 [INFO] bot: ✅ Yüklendi: commands/economy/items.py
2026-09-06 15:05:54,969 [INFO] bot: ✅ Yüklendi: commands/economy/leaderboard.py
2026-09-06 15:05:54,974 [INFO] bot: ✅ Yüklendi: commands/economy/shop.py
2026-09-06 15:05:54,975 [INFO] bot: ✅ Yüklendi: commands/hunter_outlaw/give_award.py
2026-09-06 15:05:54,976 [INFO] bot: ✅ Yüklendi: commands/hunter_outlaw/history.py
2026-09-06 15:05:54,977 [INFO] bot: ✅ Yüklendi: commands/hunter_outlaw/hunt_request.py
2026-09-06 15:05:54,978 [INFO] bot: ✅ Yüklendi: commands/hunter_outlaw/leaderboard.py
2026-09-06 15:05:54,979 [INFO] bot: ✅ Yüklendi: commands/hunter_outlaw/proof.py
2026-09-06 15:05:54,979 [INFO] bot: ✅ Yüklendi: commands/hunter_outlaw/reset_points.py
2026-09-06 15:05:54,980 [INFO] bot: ✅ Yüklendi: commands/hunter_outlaw/reset_user_points.py
2026-09-06 15:05:54,982 [INFO] bot: ✅ Yüklendi: commands/hunter_outlaw/set_role_icon.py
2026-09-06 15:05:54,983 [INFO] bot: ✅ Yüklendi: commands/hunter_outlaw/status.py
2026-09-06 15:05:54,985 [INFO] bot: ✅ Yüklendi: commands/wanted/catch_wanted.py
2026-09-06 15:05:54,987 [INFO] bot: ✅ Yüklendi: commands/wanted/crime_listener.py
2026-09-06 15:05:54,988 [INFO] bot: ✅ Yüklendi: commands/wanted/wanted_list.py
2026-09-06 15:05:54,988 [INFO] bot: 📦 Toplam 37 komut dosyası yüklendi, 0 dosya atlandı.
2026-09-06 15:05:54,988 [INFO] discord.client: logging in using static token
2026-09-06 15:05:55,141 [CRITICAL] bot: ❌ Geçersiz token! config.json içindeki 'token' değerini kontrol et. Bot durduruluyor.
2026-09-06 15:08:47,881 [WARNING] discord.client: PyNaCl is not installed, voice will NOT be supported
2026-09-06 15:08:47,881 [WARNING] discord.client: davey is not installed, voice will NOT be supported
2026-09-06 15:08:47,882 [INFO] bot: ✅ Yüklendi: commands/genel/help.py
2026-09-06 15:08:47,883 [INFO] bot: ✅ Yüklendi: commands/genel/rules.py
2026-09-06 15:08:48,743 [INFO] bot: ✅ Yüklendi: commands/genel/sohbet.py
2026-09-06 15:08:48,743 [INFO] bot: ✅ Yüklendi: commands/genel/welcome.py
2026-09-06 15:08:48,744 [INFO] bot: ✅ Yüklendi: commands/sabika/criminal_record.py
2026-09-06 15:08:48,745 [INFO] bot: ✅ Yüklendi: commands/moderasyon/ban.py
2026-09-06 15:08:48,745 [INFO] bot: ✅ Yüklendi: commands/moderasyon/clearwarnings.py
2026-09-06 15:08:48,745 [INFO] bot: ✅ Yüklendi: commands/moderasyon/filter_listener.py
2026-09-06 15:08:48,746 [INFO] bot: ✅ Yüklendi: commands/moderasyon/kick.py
2026-09-06 15:08:48,746 [INFO] bot: ✅ Yüklendi: commands/moderasyon/lock.py
2026-09-06 15:08:48,746 [INFO] bot: ✅ Yüklendi: commands/moderasyon/mute.py
2026-09-06 15:08:48,747 [INFO] bot: ✅ Yüklendi: commands/moderasyon/purge.py
2026-09-06 15:08:48,747 [INFO] bot: ✅ Yüklendi: commands/moderasyon/unlock.py
2026-09-06 15:08:48,747 [INFO] bot: ✅ Yüklendi: commands/moderasyon/unmute.py
2026-09-06 15:08:48,748 [INFO] bot: ✅ Yüklendi: commands/moderasyon/warn.py
2026-09-06 15:08:48,748 [INFO] bot: ✅ Yüklendi: commands/moderasyon/warnings_list.py
2026-09-06 15:08:48,836 [INFO] bot: ✅ Yüklendi: commands/ceviri/nuke_translate.py
2026-09-06 15:08:48,837 [INFO] bot: ✅ Yüklendi: commands/ceviri/translate_all_roles.py
2026-09-06 15:08:48,837 [INFO] bot: ✅ Yüklendi: commands/ceviri/translate_role.py
2026-09-06 15:08:48,838 [INFO] bot: ✅ Yüklendi: commands/economy/ __init__.py
2026-09-06 15:08:48,840 [INFO] bot: ✅ Yüklendi: commands/economy/economy.py
2026-09-06 15:08:48,841 [INFO] bot: ✅ Yüklendi: commands/economy/inventory.py
2026-09-06 15:08:48,842 [INFO] bot: ✅ Yüklendi: commands/economy/items.py
2026-09-06 15:08:48,843 [INFO] bot: ✅ Yüklendi: commands/economy/leaderboard.py
2026-09-06 15:08:48,844 [INFO] bot: ✅ Yüklendi: commands/economy/shop.py
2026-09-06 15:08:48,845 [INFO] bot: ✅ Yüklendi: commands/hunter_outlaw/give_award.py
2026-09-06 15:08:48,845 [INFO] bot: ✅ Yüklendi: commands/hunter_outlaw/history.py
2026-09-06 15:08:48,846 [INFO] bot: ✅ Yüklendi: commands/hunter_outlaw/hunt_request.py
2026-09-06 15:08:48,846 [INFO] bot: ✅ Yüklendi: commands/hunter_outlaw/leaderboard.py
2026-09-06 15:08:48,847 [INFO] bot: ✅ Yüklendi: commands/hunter_outlaw/proof.py
2026-09-06 15:08:48,847 [INFO] bot: ✅ Yüklendi: commands/hunter_outlaw/reset_points.py
2026-09-06 15:08:48,848 [INFO] bot: ✅ Yüklendi: commands/hunter_outlaw/reset_user_points.py
2026-09-06 15:08:48,849 [INFO] bot: ✅ Yüklendi: commands/hunter_outlaw/set_role_icon.py
2026-09-06 15:08:48,849 [INFO] bot: ✅ Yüklendi: commands/hunter_outlaw/status.py
2026-09-06 15:08:48,854 [INFO] bot: ✅ Yüklendi: commands/wanted/catch_wanted.py
2026-09-06 15:08:48,854 [INFO] bot: ✅ Yüklendi: commands/wanted/crime_listener.py
2026-09-06 15:08:48,855 [INFO] bot: ✅ Yüklendi: commands/wanted/wanted_list.py
2026-09-06 15:08:48,855 [INFO] bot: 📦 Toplam 37 komut dosyası yüklendi, 0 dosya atlandı.
2026-09-06 15:08:48,856 [INFO] discord.client: logging in using static token
2026-09-06 15:08:49,777 [INFO] discord.gateway: Shard ID None has connected to Gateway (Session ID: c098c34a908f228fd99993fb587a0eb9).
2026-09-06 15:08:51,787 [INFO] bot: 🤖 ankatuber's perfect bot test giriş yaptı!
2026-09-06 15:08:52,176 [INFO] bot: 🔄 30 slash komut senkronize edildi!
2026-09-06 15:15:01,478 [INFO] bot: Bot normal şekilde durduruldu, yeniden başlatılmıyor.
2026-09-06 15:15:06,919 [WARNING] discord.client: PyNaCl is not installed, voice will NOT be supported
2026-09-06 15:15:06,919 [WARNING] discord.client: davey is not installed, voice will NOT be supported
2026-09-06 15:15:06,920 [INFO] bot: ✅ Yüklendi: commands/genel/help.py
2026-09-06 15:15:06,920 [INFO] bot: ✅ Yüklendi: commands/genel/rules.py
2026-09-06 15:15:07,643 [INFO] bot: ✅ Yüklendi: commands/genel/sohbet.py
2026-09-06 15:15:07,643 [INFO] bot: ✅ Yüklendi: commands/genel/welcome.py
2026-09-06 15:15:07,644 [INFO] bot: ✅ Yüklendi: commands/sabika/criminal_record.py
2026-09-06 15:15:07,644 [INFO] bot: ✅ Yüklendi: commands/moderasyon/ban.py
2026-09-06 15:15:07,645 [INFO] bot: ✅ Yüklendi: commands/moderasyon/clearwarnings.py
2026-09-06 15:15:07,645 [INFO] bot: ✅ Yüklendi: commands/moderasyon/filter_listener.py
2026-09-06 15:15:07,645 [INFO] bot: ✅ Yüklendi: commands/moderasyon/kick.py
2026-09-06 15:15:07,645 [INFO] bot: ✅ Yüklendi: commands/moderasyon/lock.py
2026-09-06 15:15:07,646 [INFO] bot: ✅ Yüklendi: commands/moderasyon/mute.py
2026-09-06 15:15:07,646 [INFO] bot: ✅ Yüklendi: commands/moderasyon/purge.py
2026-09-06 15:15:07,646 [INFO] bot: ✅ Yüklendi: commands/moderasyon/unlock.py
2026-09-06 15:15:07,647 [INFO] bot: ✅ Yüklendi: commands/moderasyon/unmute.py
2026-09-06 15:15:07,647 [INFO] bot: ✅ Yüklendi: commands/moderasyon/warn.py
2026-09-06 15:15:07,648 [INFO] bot: ✅ Yüklendi: commands/moderasyon/warnings_list.py
2026-09-06 15:15:07,719 [INFO] bot: ✅ Yüklendi: commands/ceviri/nuke_translate.py
2026-09-06 15:15:07,720 [INFO] bot: ✅ Yüklendi: commands/ceviri/translate_all_roles.py
2026-09-06 15:15:07,721 [INFO] bot: ✅ Yüklendi: commands/ceviri/translate_role.py
2026-09-06 15:15:07,721 [INFO] bot: ✅ Yüklendi: commands/economy/ __init__.py
2026-09-06 15:15:07,723 [INFO] bot: ✅ Yüklendi: commands/economy/economy.py
2026-09-06 15:15:07,724 [INFO] bot: ✅ Yüklendi: commands/economy/inventory.py
2026-09-06 15:15:07,724 [INFO] bot: ✅ Yüklendi: commands/economy/items.py
2026-09-06 15:15:07,725 [INFO] bot: ✅ Yüklendi: commands/economy/leaderboard.py
2026-09-06 15:15:07,726 [INFO] bot: ✅ Yüklendi: commands/economy/shop.py
2026-09-06 15:15:07,726 [INFO] bot: ✅ Yüklendi: commands/hunter_outlaw/give_award.py
2026-09-06 15:15:07,727 [INFO] bot: ✅ Yüklendi: commands/hunter_outlaw/history.py
2026-09-06 15:15:07,727 [INFO] bot: ✅ Yüklendi: commands/hunter_outlaw/hunt_request.py
2026-09-06 15:15:07,728 [INFO] bot: ✅ Yüklendi: commands/hunter_outlaw/leaderboard.py
2026-09-06 15:15:07,728 [INFO] bot: ✅ Yüklendi: commands/hunter_outlaw/proof.py
2026-09-06 15:15:07,729 [INFO] bot: ✅ Yüklendi: commands/hunter_outlaw/reset_points.py
2026-09-06 15:15:07,729 [INFO] bot: ✅ Yüklendi: commands/hunter_outlaw/reset_user_points.py
2026-09-06 15:15:07,730 [INFO] bot: ✅ Yüklendi: commands/hunter_outlaw/set_role_icon.py
2026-09-06 15:15:07,730 [INFO] bot: ✅ Yüklendi: commands/hunter_outlaw/status.py
2026-09-06 15:15:07,731 [INFO] bot: ✅ Yüklendi: commands/wanted/catch_wanted.py
2026-09-06 15:15:07,731 [INFO] bot: ✅ Yüklendi: commands/wanted/crime_listener.py
2026-09-06 15:15:07,732 [INFO] bot: ✅ Yüklendi: commands/wanted/wanted_list.py
2026-09-06 15:15:07,733 [INFO] bot: 📦 Toplam 37 komut dosyası yüklendi, 0 dosya atlandı.
2026-09-06 15:15:07,733 [INFO] discord.client: logging in using static token
2026-09-06 15:15:09,115 [INFO] discord.gateway: Shard ID None has connected to Gateway (Session ID: 7192f53c6cf10afd0c21db8b0d755b00).
2026-09-06 15:15:11,123 [INFO] bot: 🤖 ankatuber's perfect bot test giriş yaptı!
2026-09-06 15:15:11,426 [INFO] bot: 🔄 30 slash komut senkronize edildi!
2026-09-06 15:17:52,781 [INFO] bot: Bot normal şekilde durduruldu, yeniden başlatılmıyor.
2026-09-06 15:17:57,373 [WARNING] discord.client: PyNaCl is not installed, voice will NOT be supported
2026-09-06 15:17:57,374 [WARNING] discord.client: davey is not installed, voice will NOT be supported
2026-09-06 15:17:57,374 [INFO] bot: ✅ Yüklendi: commands/genel/help.py
2026-09-06 15:17:57,375 [INFO] bot: ✅ Yüklendi: commands/genel/rules.py
2026-09-06 15:17:58,089 [INFO] bot: ✅ Yüklendi: commands/genel/sohbet.py
2026-09-06 15:17:58,090 [INFO] bot: ✅ Yüklendi: commands/genel/welcome.py
2026-09-06 15:17:58,091 [INFO] bot: ✅ Yüklendi: commands/sabika/criminal_record.py
2026-09-06 15:17:58,092 [INFO] bot: ✅ Yüklendi: commands/moderasyon/ban.py
2026-09-06 15:17:58,092 [INFO] bot: ✅ Yüklendi: commands/moderasyon/clearwarnings.py
2026-09-06 15:17:58,092 [INFO] bot: ✅ Yüklendi: commands/moderasyon/filter_listener.py
2026-09-06 15:17:58,093 [INFO] bot: ✅ Yüklendi: commands/moderasyon/kick.py
2026-09-06 15:17:58,093 [INFO] bot: ✅ Yüklendi: commands/moderasyon/lock.py
2026-09-06 15:17:58,093 [INFO] bot: ✅ Yüklendi: commands/moderasyon/mute.py
2026-09-06 15:17:58,094 [INFO] bot: ✅ Yüklendi: commands/moderasyon/purge.py
2026-09-06 15:17:58,094 [INFO] bot: ✅ Yüklendi: commands/moderasyon/unlock.py
2026-09-06 15:17:58,094 [INFO] bot: ✅ Yüklendi: commands/moderasyon/unmute.py
2026-09-06 15:17:58,095 [INFO] bot: ✅ Yüklendi: commands/moderasyon/warn.py
2026-09-06 15:17:58,095 [INFO] bot: ✅ Yüklendi: commands/moderasyon/warnings_list.py
2026-09-06 15:17:58,158 [INFO] bot: ✅ Yüklendi: commands/ceviri/nuke_translate.py
2026-09-06 15:17:58,158 [INFO] bot: ✅ Yüklendi: commands/ceviri/translate_all_roles.py
2026-09-06 15:17:58,159 [INFO] bot: ✅ Yüklendi: commands/ceviri/translate_role.py
2026-09-06 15:17:58,159 [INFO] bot: ✅ Yüklendi: commands/economy/ __init__.py
2026-09-06 15:17:58,160 [INFO] bot: ✅ Yüklendi: commands/economy/economy.py
2026-09-06 15:17:58,161 [INFO] bot: ✅ Yüklendi: commands/economy/inventory.py
2026-09-06 15:17:58,162 [INFO] bot: ✅ Yüklendi: commands/economy/items.py
2026-09-06 15:17:58,162 [INFO] bot: ✅ Yüklendi: commands/economy/leaderboard.py
2026-09-06 15:17:58,163 [INFO] bot: ✅ Yüklendi: commands/economy/shop.py
2026-09-06 15:17:58,164 [INFO] bot: ✅ Yüklendi: commands/hunter_outlaw/give_award.py
2026-09-06 15:17:58,165 [INFO] bot: ✅ Yüklendi: commands/hunter_outlaw/history.py
2026-09-06 15:17:58,165 [INFO] bot: ✅ Yüklendi: commands/hunter_outlaw/hunt_request.py
2026-09-06 15:17:58,166 [INFO] bot: ✅ Yüklendi: commands/hunter_outlaw/leaderboard.py
2026-09-06 15:17:58,166 [INFO] bot: ✅ Yüklendi: commands/hunter_outlaw/proof.py
2026-09-06 15:17:58,166 [INFO] bot: ✅ Yüklendi: commands/hunter_outlaw/reset_points.py
2026-09-06 15:17:58,167 [INFO] bot: ✅ Yüklendi: commands/hunter_outlaw/reset_user_points.py
2026-09-06 15:17:58,167 [INFO] bot: ✅ Yüklendi: commands/hunter_outlaw/set_role_icon.py
2026-09-06 15:17:58,168 [INFO] bot: ✅ Yüklendi: commands/hunter_outlaw/status.py
2026-09-06 15:17:58,169 [INFO] bot: ✅ Yüklendi: commands/wanted/catch_wanted.py
2026-09-06 15:17:58,169 [INFO] bot: ✅ Yüklendi: commands/wanted/crime_listener.py
2026-09-06 15:17:58,170 [INFO] bot: ✅ Yüklendi: commands/wanted/wanted_list.py
2026-09-06 15:17:58,171 [INFO] bot: 📦 Toplam 37 komut dosyası yüklendi, 0 dosya atlandı.
2026-09-06 15:17:58,171 [INFO] discord.client: logging in using static token
2026-09-06 15:17:59,000 [INFO] discord.gateway: Shard ID None has connected to Gateway (Session ID: f82130c5b2ae504706f511b6cfb5c441).
2026-09-06 15:18:01,011 [INFO] bot: 🤖 ankatuber's perfect bot test giriş yaptı!
2026-09-06 15:18:01,383 [INFO] bot: 🔄 30 slash komut senkronize edildi!
2026-09-06 15:19:43,989 [INFO] bot: Bot normal şekilde durduruldu, yeniden başlatılmıyor.
